mtllib blade_B.mtl
o blade_B
v 0.51764 -1.93186 0.00001
v 0.84524 -1.81263 0.00001
v 1.14715 -1.63832 0.00001
v 1.41421 -1.41423 0.00001
v 1.63830 -1.14716 0.00001
v 1.81262 -0.84525 0.00001
v 1.93185 -0.51765 0.00001
v 1.99239 -0.17432 0.00001
v 1.99239 0.17430 0.00001
v 1.93185 0.51763 0.00001
v 1.81262 0.84522 0.00001
v 1.63830 1.14714 0.00001
v 1.41421 1.41420 0.00001
v 1.14715 1.63829 0.00001
v 0.84524 1.81260 0.00001
v 0.51764 1.93184 0.00001
v 0.17431 1.99238 0.00001
v -0.17431 1.99238 0.00001
v -0.51764 1.93184 0.00001
v -0.84524 1.81260 0.00001
v -1.14715 1.63829 0.00001
v -1.41421 1.41420 0.00001
v -1.63830 1.14714 0.00001
v -1.81262 0.84522 0.00001
v -1.93185 0.51763 0.00001
v -1.99239 0.17430 0.00001
v -1.99239 -0.17432 0.00001
v -1.93185 -0.51765 0.00001
v -1.81262 -0.84525 0.00001
v -1.63830 -1.14716 0.00001
v -1.41421 -1.41423 0.00001
v -1.14715 -1.63832 0.00001
v -0.84524 -1.81263 0.00001
v -0.51764 -1.93186 0.00001
v -0.17431 -1.99240 0.00001
v 0.17431 -1.99240 0.00001
v 0.51616 -1.93271 0.19139
v 0.84374 -1.81397 0.19139
v 1.14569 -1.64009 0.19139
v 1.41286 -1.41636 0.19139
v 1.63711 -1.14959 0.19139
v 1.81164 -0.84787 0.19139
v 1.93114 -0.52038 0.19139
v 1.99198 -0.17706 0.19139
v 1.99231 0.17165 0.19139
v 1.93213 0.51516 0.19139
v 1.81327 0.84304 0.19139
v 1.63936 1.14532 0.19139
v 1.41566 1.41281 0.19139
v 1.14900 1.63740 0.19139
v 0.84746 1.81226 0.19139
v 0.52022 1.93207 0.19139
v 0.17722 1.99320 0.19139
v -0.17111 1.99379 0.19139
v -0.51419 1.93382 0.19139
v -0.84162 1.81511 0.19139
v -1.14346 1.64126 0.19139
v -1.41056 1.41756 0.19139
v -1.63478 1.15079 0.19139
v -1.80932 0.84907 0.19139
v -1.92887 0.52157 0.19139
v -1.98979 0.17823 0.19139
v -1.99022 -0.17051 0.19139
v -1.93016 -0.51405 0.19139
v -1.81142 -0.84196 0.19139
v -1.63761 -1.14427 0.19139
v -1.41399 -1.41178 0.19139
v -1.14738 -1.63638 0.19139
v -0.84585 -1.81124 0.19139
v -0.51858 -1.93105 0.19139
v -0.17551 -1.99216 0.19139
v 0.17293 -1.99272 0.19139
v 0.51403 -1.93639 0.54131
v 0.84062 -1.81871 0.54131
v 1.14167 -1.64571 0.54131
v 1.40802 -1.42264 0.54131
v 1.63157 -1.15627 0.54131
v 1.80550 -0.85470 0.54131
v 1.92454 -0.52711 0.54131
v 1.98507 -0.18344 0.54131
v 1.98528 0.16588 0.54131
v 1.92520 0.51024 0.54131
v 1.80668 0.83919 0.54131
v 1.63338 1.14273 0.54131
v 1.41057 1.41166 0.54131
v 1.14505 1.63780 0.54131
v 0.84491 1.81431 0.54131
v 0.51930 1.93580 0.54131
v 0.17813 1.99861 0.54131
v -0.16822 2.00083 0.54131
v -0.50921 1.94239 0.54131
v -0.83465 1.82502 0.54131
v -1.13484 1.65225 0.54131
v -1.40063 1.42932 0.54131
v -1.62394 1.16301 0.54131
v -1.79796 0.86143 0.54131
v -1.91737 0.53374 0.54131
v -1.97853 0.18990 0.54131
v -1.97955 -0.15964 0.54131
v -1.92038 -0.50424 0.54131
v -1.80278 -0.83342 0.54131
v -1.63028 -1.13718 0.54131
v -1.40810 -1.40627 0.54131
v -1.14296 -1.63252 0.54131
v -0.84291 -1.80904 0.54131
v -0.51706 -1.93048 0.54131
v -0.17533 -1.99314 0.54131
v 0.17188 -1.99513 0.54131
v 0.51226 -1.94496 0.99444
v 0.83588 -1.82901 0.99444
v 1.13396 -1.65729 0.99444
v 1.39742 -1.43501 0.99444
v 1.61822 -1.16895 0.99444
v 1.78961 -0.86720 0.99444
v 1.90636 -0.53892 0.99444
v 1.96496 -0.19410 0.99444
v 1.96371 0.15682 0.99444
v 1.90276 0.50320 0.99444
v 1.78408 0.83455 0.99444
v 1.61139 1.14084 0.99444
v 1.39002 1.41277 0.99444
v 1.12679 1.64210 0.99444
v 0.82975 1.82189 0.99444
v 0.50800 1.94669 0.99444
v 0.17140 2.01273 0.99444
v -0.16977 2.01802 0.99444
v -0.50509 1.96241 0.99444
v -0.82495 1.84743 0.99444
v -1.12022 1.67644 0.99444
v -1.38188 1.45463 0.99444
v -1.60191 1.18877 0.99444
v -1.77355 0.88695 0.99444
v -1.89152 0.55836 0.99444
v -1.95217 0.21301 0.99444
v -1.95357 -0.13860 0.99444
v -1.89559 -0.48576 0.99444
v -1.77988 -0.81788 0.99444
v -1.60983 -1.12486 0.99444
v -1.39051 -1.39732 0.99444
v -1.12850 -1.62697 0.99444
v -0.83172 -1.80683 0.99444
v -0.50920 -1.93143 0.99444
v -0.17080 -1.99700 0.99444
v 0.17318 -2.00156 0.99444
v 0.51144 -1.96022 1.53103
v 0.82920 -1.84673 1.53103
v 1.12129 -1.67670 1.53103
v 1.37882 -1.45531 1.53103
v 1.59388 -1.18931 1.53103
v 1.75983 -0.88680 1.53103
v 1.87158 -0.55699 1.53103
v 1.92584 -0.20988 1.53103
v 1.92113 0.14403 1.53103
v 1.85784 0.49406 1.53103
v 1.73818 0.82964 1.53103
v 1.56602 1.14063 1.53103
v 1.34681 1.41765 1.53103
v 1.08739 1.65231 1.53103
v 0.79580 1.83753 1.53103
v 0.48105 1.96773 1.53103
v 0.15289 2.03899 1.53103
v -0.17858 2.04917 1.53103
v -0.50318 1.99801 1.53103
v -0.81237 1.88671 1.53103
v -1.09806 1.71833 1.53103
v -1.35148 1.49799 1.53103
v -1.56478 1.23244 1.53103
v -1.73132 0.92978 1.53103
v -1.84586 0.59926 1.53103
v -1.90478 0.25095 1.53103
v -1.90610 -0.10451 1.53103
v -1.84958 -0.45627 1.53103
v -1.73668 -0.79358 1.53103
v -1.57056 -1.10612 1.53103
v -1.35601 -1.38433 1.53103
v -1.09938 -1.61971 1.53103
v -0.80837 -1.80509 1.53103
v -0.49187 -1.93483 1.53103
v -0.15959 -2.00503 1.53103
v 0.17828 -2.01358 1.53103
v 0.51192 -1.98346 2.13968
v 0.82007 -1.87327 2.13968
v 1.10231 -1.70539 2.13968
v 1.35003 -1.48494 2.13968
v 1.55552 -1.21866 2.13968
v 1.71234 -0.91468 2.13968
v 1.81568 -0.58227 2.13968
v 1.86255 -0.23148 2.13968
v 1.85185 0.12712 2.13968
v 1.78439 0.48275 2.13968
v 1.66273 0.82473 2.13968
v 1.49103 1.14278 2.13968
v 1.27490 1.42735 2.13968
v 1.02124 1.66987 2.13968
v 0.73805 1.86305 2.13968
v 0.43425 2.00109 2.13968
v 0.11937 2.07987 2.13968
v -0.19675 2.09708 2.13968
v -0.50430 2.05224 2.13968
v -0.79641 1.94608 2.13968
v -1.06668 1.78122 2.13968
v -1.30670 1.56270 2.13968
v -1.50890 1.29725 2.13968
v -1.66683 0.99300 2.13968
v -1.77538 0.65927 2.13968
v -1.83097 0.30628 2.13968
v -1.83157 -0.05516 2.13968
v -1.77677 -0.41398 2.13968
v -1.66776 -0.75914 2.13968
v -1.50736 -1.08004 2.13968
v -1.29995 -1.36681 2.13968
v -1.05151 -1.61064 2.13968
v -0.76942 -1.80409 2.13968
v -0.46233 -1.94130 2.13968
v -0.13975 -2.01815 2.13968
v 0.18833 -2.03234 2.13968
v 0.51383 -2.01542 2.81268
v 0.80790 -1.90945 2.81268
v 1.07568 -1.74421 2.81268
v 1.30897 -1.52475 2.81268
v 1.50037 -1.25780 2.81268
v 1.64376 -0.95157 2.81268
v 1.73469 -0.61537 2.81268
v 1.77064 -0.25936 2.81268
v 1.75108 0.10578 2.81268
v 1.67738 0.46915 2.81268
v 1.55263 0.81992 2.81268
v 1.38138 1.14761 2.81268
v 1.16949 1.44244 2.81268
v 0.92395 1.69558 2.81268
v 0.65270 1.89945 2.81268
v 0.36449 2.04800 2.81268
v 0.06858 2.13682 2.81268
v -0.22559 2.16333 2.81268
v -0.50874 2.12682 2.81268
v -0.77636 2.02737 2.81268
v -1.02439 1.86701 2.81268
v -1.24497 1.65068 2.81268
v -1.43095 1.38508 2.81268
v -1.57615 1.07840 2.81268
v -1.67569 0.74007 2.81268
v -1.72603 0.38051 2.81268
v -1.72511 0.01077 2.81268
v -1.67230 -0.35776 2.81268
v -1.56843 -0.71368 2.81268
v -1.41582 -1.04598 2.81268
v -1.21833 -1.34436 2.81268
v -0.98139 -1.59962 2.81268
v -0.71196 -1.80395 2.81268
v -0.41832 -1.95115 2.81268
v -0.10970 -2.03683 2.81268
v 0.20421 -2.05847 2.81268
v 0.51709 -2.05622 3.54438
v 0.79209 -1.95539 3.54438
v 1.04027 -1.79330 3.54438
v 1.25401 -1.57490 3.54438
v 1.42636 -1.30691 3.54438
v 1.55161 -0.99761 3.54438
v 1.62582 -0.65643 3.54438
v 1.64708 -0.29364 3.54438
v 1.61562 0.07994 3.54438
v 1.53355 0.45324 3.54438
v 1.40465 0.81523 3.54438
v 1.23399 1.15519 3.54438
v 1.02774 1.46302 3.54438
v 0.79299 1.72958 3.54438
v 0.53762 1.94693 3.54438
v 0.27014 2.10867 3.54438
v -0.00056 2.21006 3.54438
v -0.26558 2.24818 3.54438
v -0.51635 2.22199 3.54438
v -0.75143 2.13082 3.54438
v -0.96982 1.97592 3.54438
v -1.16439 1.76215 3.54438
v -1.32855 1.49614 3.54438
v -1.45654 1.18618 3.54438
v -1.54373 0.84186 3.54438
v -1.58671 0.47382 3.54438
v -1.58337 0.09345 3.54438
v -1.53282 -0.28747 3.54438
v -1.43543 -0.65707 3.54438
v -1.29289 -1.00382 3.54438
v -1.10836 -1.31690 3.54438
v -0.88660 -1.58659 3.54438
v -0.63397 -1.80461 3.54438
v -0.35829 -1.96436 3.54438
v -0.06842 -2.06112 3.54438
v 0.22639 -2.09204 3.54438
v 0.52144 -2.10523 4.33040
v 0.77225 -2.01044 4.33040
v 0.99563 -1.85197 4.33040
v 1.18468 -1.63465 4.33040
v 1.33301 -1.36526 4.33040
v 1.43544 -1.05212 4.33040
v 1.48868 -0.70481 4.33040
v 1.49161 -0.33374 4.33040
v 1.44535 0.05008 4.33040
v 1.35295 0.43539 4.33040
v 1.21901 0.81089 4.33040
v 1.04924 1.16557 4.33040
v 0.85018 1.48897 4.33040
v 0.62903 1.77155 4.33040
v 0.39356 2.00496 4.33040
v 0.15199 2.18237 4.33040
v -0.08727 2.29862 4.33040
v -0.31599 2.35043 4.33040
v -0.52652 2.33637 4.33040
v -0.72112 2.25484 4.33040
v -0.90256 2.10626 4.33040
v -1.06463 1.89531 4.33040
v -1.20142 1.62864 4.33040
v -1.30772 1.31459 4.33040
v -1.37923 0.96296 4.33040
v -1.41274 0.58469 4.33040
v -1.40606 0.19152 4.33040
v -1.35803 -0.20425 4.33040
v -1.26845 -0.59022 4.33040
v -1.13826 -0.95424 4.33040
v -0.96977 -1.28486 4.33040
v -0.76690 -1.57175 4.33040
v -0.53530 -1.80607 4.33040
v -0.28219 -1.98075 4.33040
v -0.01594 -2.09064 4.33040
v 0.25471 -2.13255 4.33040
v 0.52645 -2.16111 5.16722
v 0.74865 -2.07298 5.16722
v 0.94275 -1.91841 5.16722
v 1.10272 -1.70212 5.16722
v 1.22284 -1.43090 5.16722
v 1.29857 -1.11317 5.16722
v 1.32736 -0.75866 5.16722
v 1.30900 -0.37798 5.16722
v 1.24565 0.01766 5.16722
v 1.14144 0.41676 5.16722
v 1.00189 0.80773 5.16722
v 0.83342 1.17920 5.16722
v 0.64300 1.52029 5.16722
v 0.43793 1.82100 5.16722
v 0.22585 2.07251 5.16722
v 0.01460 2.26751 5.16722
v -0.18798 2.40039 5.16722
v -0.37445 2.46741 5.16722
v -0.53820 2.46675 5.16722
v -0.68579 2.39578 5.16722
v -0.82422 2.25402 5.16722
v -0.94837 2.04597 5.16722
v -1.05317 1.77827 5.16722
v -1.13403 1.45937 5.16722
v -1.18708 1.09928 5.16722
v -1.20931 0.70926 5.16722
v -1.19852 0.30152 5.16722
v -1.15319 -0.11112 5.16722
v -1.07253 -0.51564 5.16722
v -0.95662 -0.89920 5.16722
v -0.80678 -1.24963 5.16722
v -0.62598 -1.55592 5.16722
v -0.41902 -1.80861 5.16722
v -0.19245 -2.00008 5.16722
v 0.04595 -2.12472 5.16722
v 0.28808 -2.17893 5.16722
v 0.53150 -2.22165 6.05192
v 0.72264 -2.14032 6.05192
v 0.88505 -1.98954 6.05192
v 1.01361 -1.77394 6.05192
v 1.10333 -1.50031 6.05192
v 1.15037 -1.17720 6.05192
v 1.15299 -0.81452 6.05192
v 1.11195 -0.42309 6.05192
v 1.03050 -0.01435 6.05192
v 0.91389 0.39989 6.05192
v 0.76864 0.80772 6.05192
v 0.60189 1.19736 6.05192
v 0.42103 1.55748 6.05192
v 0.23347 1.87758 6.05192
v 0.04668 2.14832 6.05192
v -0.13191 2.36187 6.05192
v -0.29508 2.51215 6.05192
v -0.43626 2.59494 6.05192
v -0.54999 2.60800 6.05192
v -0.64730 2.54768 6.05192
v -0.73968 2.41259 6.05192
v -0.82319 2.20707 6.05192
v -0.89365 1.93775 6.05192
v -0.94714 1.61321 6.05192
v -0.98027 1.24369 6.05192
v -0.99027 0.84083 6.05192
v -0.97493 0.41729 6.05192
v -0.93238 -0.01354 6.05192
v -0.86119 -0.43796 6.05192
v -0.76054 -0.84239 6.05192
v -0.63073 -1.21395 6.05192
v -0.47369 -1.54088 6.05192
v -0.29334 -1.81306 6.05192
v -0.09549 -2.02230 6.05192
v 0.11274 -2.16249 6.05192
v 0.32393 -2.22960 6.05192
v 0.53585 -2.28376 6.98203
v 0.69732 -2.20855 6.98203
v 0.82949 -2.06079 6.98203
v 0.92815 -1.84502 6.98203
v 0.98898 -1.56808 6.98203
v 1.00883 -1.23866 6.98203
v 0.98671 -0.86686 6.98203
v 0.92429 -0.46375 6.98203
v 0.82588 -0.04107 6.98203
v 0.69775 0.38906 6.98203
v 0.54733 0.81434 6.98203
v 0.38247 1.22256 6.98203
v 0.21093 1.60192 6.98203
v 0.04021 1.94138 6.98203
v -0.12241 2.23110 6.98203
v -0.26988 2.46271 6.98203
v -0.39560 2.62966 6.98203
v -0.49381 2.72729 6.98203
v -0.56014 2.75292 6.98203
v -0.60982 2.70204 6.98203
v -0.65858 2.57243 6.98203
v -0.70356 2.36834 6.98203
v -0.74145 2.09639 6.98203
v -0.76898 1.76530 6.98203
v -0.78321 1.38559 6.98203
v -0.78161 0.96925 6.98203
v -0.76193 0.52944 6.98203
v -0.72203 0.08011 6.98203
v -0.65985 -0.36437 6.98203
v -0.57373 -0.78973 6.98203
v -0.46300 -1.18232 6.98203
v -0.32863 -1.52969 6.98203
v -0.17369 -1.82108 6.98203
v -0.00328 -2.04770 6.98203
v 0.17611 -2.20297 6.98203
v 0.35773 -2.28244 6.98203
v 0.53862 -2.34342 7.95545
v 0.67795 -2.27246 7.95545
v 0.78757 -2.12596 7.95545
v 0.86391 -1.90841 7.95545
v 0.90319 -1.62672 7.95545
v 0.90276 -1.28978 7.95545
v 0.86217 -0.90790 7.95545
v 0.78380 -0.49246 7.95545
v 0.67273 -0.05551 7.95545
v 0.53601 0.39046 7.95545
v 0.38178 0.83273 7.95545
v 0.21839 1.25864 7.95545
v 0.05390 1.65590 7.95545
v -0.10413 2.01299 7.95545
v -0.24853 2.31954 7.95545
v -0.37257 2.56675 7.95545
v -0.47008 2.74760 7.95545
v -0.53595 2.85706 7.95545
v -0.56660 2.89213 7.95545
v -0.58046 2.84766 7.95545
v -0.59646 2.72092 7.95545
v -0.61256 2.51609 7.95545
v -0.62610 2.23984 7.95545
v -0.63427 1.90107 7.95545
v -0.63449 1.51059 7.95545
v -0.62438 1.08073 7.95545
v -0.60168 0.62513 7.95545
v -0.56399 0.15825 7.95545
v -0.50879 -0.30492 7.95545
v -0.43377 -0.74949 7.95545
v -0.33754 -1.16116 7.95545
v -0.22031 -1.52686 7.95545
v -0.08452 -1.83523 7.95545
v 0.06526 -2.07700 7.95545
v 0.22302 -2.24513 7.95545
v 0.38250 -2.33483 7.95545
v 0.53885 -2.39561 8.97032
v 0.67199 -2.32558 8.97032
v 0.77521 -2.17736 8.97032
v 0.84512 -1.95548 8.97032
v 0.87807 -1.66701 8.97032
v 0.87152 -1.32104 8.97032
v 0.82521 -0.92815 8.97032
v 0.74174 -0.50006 8.97032
v 0.62645 -0.04919 8.97032
v 0.48670 0.41155 8.97032
v 0.33089 0.86901 8.97032
v 0.16761 1.31007 8.97032
v 0.00502 1.72198 8.97032
v -0.14924 2.09280 8.97032
v -0.28801 2.41174 8.97032
v -0.40463 2.66963 8.97032
v -0.49305 2.85913 8.97032
v -0.54831 2.97496 8.97032
v -0.56712 3.01393 8.97032
v -0.56913 2.97071 8.97032
v -0.57450 2.84248 8.97032
v -0.58145 2.63348 8.97032
v -0.58749 2.35052 8.97032
v -0.58994 2.00270 8.97032
v -0.58628 1.60110 8.97032
v -0.57415 1.15842 8.97032
v -0.55122 0.68866 8.97032
v -0.51498 0.20676 8.97032
v -0.46268 -0.27186 8.97032
v -0.39175 -0.73180 8.97032
v -0.30050 -1.15830 8.97032
v -0.18890 -1.53784 8.97032
v -0.05912 -1.85862 8.97032
v 0.08440 -2.11101 8.97032
v 0.23579 -2.28764 8.97032
v 0.38890 -2.38346 8.97032
v 0.53550 -2.43429 10.02501
v 0.66968 -2.36405 10.02501
v 0.77402 -2.21361 10.02501
v 0.84508 -1.98759 10.02501
v 0.87919 -1.69316 10.02501
v 0.87375 -1.33957 10.02501
v 0.82845 -0.93766 10.02501
v 0.74589 -0.49941 10.02501
v 0.63139 -0.03756 10.02501
v 0.49231 0.43461 10.02501
v 0.33707 0.90359 10.02501
v 0.17425 1.35588 10.02501
v 0.01203 1.77839 10.02501
v -0.14193 2.15882 10.02501
v -0.28049 2.48609 10.02501
v -0.39697 2.75076 10.02501
v -0.48530 2.94527 10.02501
v -0.54052 3.06417 10.02501
v -0.55931 3.10417 10.02501
v -0.56148 3.06003 10.02501
v -0.56730 2.92906 10.02501
v -0.57498 2.71557 10.02501
v -0.58199 2.42650 10.02501
v -0.58561 2.07112 10.02501
v -0.58325 1.66072 10.02501
v -0.57251 1.20827 10.02501
v -0.55100 0.72804 10.02501
v -0.51612 0.23527 10.02501
v -0.46509 -0.25430 10.02501
v -0.39526 -0.72498 10.02501
v -0.30486 -1.16169 10.02501
v -0.19383 -1.55060 10.02501
v -0.06433 -1.87967 10.02501
v 0.07924 -2.13898 10.02501
v 0.23096 -2.32096 10.02501
v 0.38468 -2.42039 10.02501
v 0.52751 -2.45231 11.11807
v 0.66091 -2.38278 11.11807
v 0.76495 -2.23204 11.11807
v 0.83623 -2.00472 11.11807
v 0.87105 -1.70802 11.11807
v 0.86681 -1.35124 11.11807
v 0.82319 -0.94531 11.11807
v 0.74270 -0.50234 11.11807
v 0.63060 -0.03526 11.11807
v 0.49414 0.44249 11.11807
v 0.34163 0.91717 11.11807
v 0.18154 1.37510 11.11807
v 0.02195 1.80298 11.11807
v -0.12959 2.18831 11.11807
v -0.26602 2.51987 11.11807
v -0.38073 2.78805 11.11807
v -0.46775 2.98517 11.11807
v -0.52216 3.10567 11.11807
v -0.54068 3.14621 11.11807
v -0.54297 3.10170 11.11807
v -0.54919 2.96963 11.11807
v -0.55751 2.75432 11.11807
v -0.56543 2.46275 11.11807
v -0.57020 2.10425 11.11807
v -0.56921 1.69019 11.11807
v -0.56005 1.23361 11.11807
v -0.54028 0.74890 11.11807
v -0.50730 0.25141 11.11807
v -0.45827 -0.24301 11.11807
v -0.39053 -0.71856 11.11807
v -0.30226 -1.16005 11.11807
v -0.19336 -1.55352 11.11807
v -0.06593 -1.88679 11.11807
v 0.07569 -2.14983 11.11807
v 0.22565 -2.33494 11.11807
v 0.37789 -2.43678 11.11807
v 0.51090 -2.42548 12.24821
v 0.63988 -2.35850 12.24821
v 0.74079 -2.21148 12.24821
v 0.81032 -1.98892 12.24821
v 0.84489 -1.69785 12.24821
v 0.84197 -1.34740 12.24821
v 0.80119 -0.94829 12.24821
v 0.72494 -0.51244 12.24821
v 0.61825 -0.05259 12.24821
v 0.48810 0.41797 12.24821
v 0.34244 0.88568 12.24821
v 0.18941 1.33701 12.24821
v 0.03676 1.75882 12.24821
v -0.10825 2.13877 12.24821
v -0.23885 2.46575 12.24821
v -0.34870 2.73026 12.24821
v -0.43205 2.92472 12.24821
v -0.48417 3.04361 12.24821
v -0.50191 3.08361 12.24821
v -0.50427 3.03991 12.24821
v -0.51070 2.91026 12.24821
v -0.51944 2.69887 12.24821
v -0.52802 2.41259 12.24821
v -0.53379 2.06053 12.24821
v -0.53418 1.65385 12.24821
v -0.52682 1.20534 12.24821
v -0.50933 0.72909 12.24821
v -0.47911 0.24016 12.24821
v -0.43339 -0.24593 12.24821
v -0.36955 -0.71365 12.24821
v -0.28579 -1.14812 12.24821
v -0.18196 -1.53564 12.24821
v -0.06005 -1.86422 12.24821
v 0.07579 -2.12396 12.24821
v 0.21993 -2.30724 12.24821
v 0.36653 -2.40876 12.24821
v 0.49381 -2.39440 13.41424
v 0.61805 -2.33009 13.41424
v 0.71555 -2.18710 13.41424
v 0.78313 -1.96982 13.41424
v 0.81733 -1.68510 13.41424
v 0.81566 -1.34185 13.41424
v 0.77774 -0.95056 13.41424
v 0.70585 -0.52294 13.41424
v 0.60477 -0.07152 13.41424
v 0.48116 0.39062 13.41424
v 0.34264 0.85013 13.41424
v 0.19697 1.29367 13.41424
v 0.05158 1.70829 13.41424
v -0.08661 2.08184 13.41424
v -0.21112 2.40338 13.41424
v -0.31588 2.66352 13.41424
v -0.39538 2.85480 13.41424
v -0.44511 2.97175 13.41424
v -0.46204 3.01110 13.41424
v -0.46445 2.96833 13.41424
v -0.47106 2.84141 13.41424
v -0.48015 2.63448 13.41424
v -0.48934 2.35418 13.41424
v -0.49603 2.00945 13.41424
v -0.49774 1.61116 13.41424
v -0.49212 1.17182 13.41424
v -0.47685 0.70522 13.41424
v -0.44939 0.22607 13.41424
v -0.40702 -0.25044 13.41424
v -0.34716 -0.70915 13.41424
v -0.26805 -1.13549 13.41424
v -0.16947 -1.51605 13.41424
v -0.05333 -1.83906 13.41424
v 0.07643 -2.09479 13.41424
v 0.21443 -2.27571 13.41424
v 0.35506 -2.37659 13.41424
v 0.47694 -2.36241 14.61508
v 0.59637 -2.30072 14.61508
v 0.69041 -2.16178 14.61508
v 0.75598 -1.94985 14.61508
v 0.78972 -1.67159 14.61508
v 0.78924 -1.33570 14.61508
v 0.75414 -0.95245 14.61508
v 0.68655 -0.53330 14.61508
v 0.59103 -0.09057 14.61508
v 0.47391 0.36287 14.61508
v 0.34248 0.81389 14.61508
v 0.20413 1.24935 14.61508
v 0.06596 1.65651 14.61508
v -0.06543 2.02341 14.61508
v -0.18387 2.33928 14.61508
v -0.28355 2.59489 14.61508
v -0.35922 2.78284 14.61508
v -0.40656 2.89778 14.61508
v -0.42268 2.93645 14.61508
v -0.42513 2.89462 14.61508
v -0.43188 2.77050 14.61508
v -0.44128 2.56811 14.61508
v -0.45102 2.29392 14.61508
v -0.45857 1.95667 14.61508
v -0.46151 1.56696 14.61508
v -0.45756 1.13701 14.61508
v -0.44443 0.68029 14.61508
v -0.41965 0.21117 14.61508
v -0.38054 -0.25552 14.61508
v -0.32460 -0.70497 14.61508
v -0.25007 -1.12294 14.61508
v -0.15672 -1.49630 14.61508
v -0.04631 -1.81353 14.61508
v 0.07738 -2.06506 14.61508
v 0.20921 -2.24348 14.61508
v 0.34384 -2.34360 14.61508
v 0.46034 -2.32954 15.84977
v 0.57493 -2.27044 15.84977
v 0.66546 -2.13555 15.84977
v 0.72895 -1.92902 15.84977
v 0.76218 -1.65733 15.84977
v 0.76281 -1.32896 15.84977
v 0.73045 -0.95393 15.84977
v 0.66708 -0.54349 15.84977
v 0.57704 -0.10971 15.84977
v 0.46635 0.33477 15.84977
v 0.34195 0.77701 15.84977
v 0.21087 1.20412 15.84977
v 0.07987 1.60356 15.84977
v -0.04478 1.96357 15.84977
v -0.15718 2.27356 15.84977
v -0.25181 2.52444 15.84977
v -0.32367 2.70895 15.84977
v -0.36864 2.82179 15.84977
v -0.38395 2.85976 15.84977
v -0.38644 2.81890 15.84977
v -0.39331 2.69762 15.84977
v -0.40298 2.49985 15.84977
v -0.41320 2.23190 15.84977
v -0.42153 1.90227 15.84977
v -0.42562 1.52131 15.84977
v -0.42324 1.10095 15.84977
v -0.41216 0.65432 15.84977
v -0.38996 0.19545 15.84977
v -0.35404 -0.26119 15.84977
v -0.30192 -0.70114 15.84977
v -0.23191 -1.11050 15.84977
v -0.14372 -1.47645 15.84977
v -0.03902 -1.78769 15.84977
v 0.07863 -2.03483 15.84977
v 0.20431 -2.21058 15.84977
v 0.33293 -2.30981 15.84977
v 0.44407 -2.29585 17.11739
v 0.55379 -2.23927 17.11739
v 0.64075 -2.10844 17.11739
v 0.70211 -1.90736 17.11739
v 0.73476 -1.64233 17.11739
v 0.73644 -1.32161 17.11739
v 0.70673 -0.95499 17.11739
v 0.64750 -0.55347 17.11739
v 0.56285 -0.12888 17.11739
v 0.45851 0.30636 17.11739
v 0.34104 0.73956 17.11739
v 0.21715 1.15804 17.11739
v 0.09324 1.54950 17.11739
v -0.02473 1.90239 17.11739
v -0.13115 2.20629 17.11739
v -0.22078 2.45229 17.11739
v -0.28887 2.63323 17.11739
v -0.33148 2.74389 17.11739
v -0.34599 2.78113 17.11739
v -0.34850 2.74124 17.11739
v -0.35546 2.62286 17.11739
v -0.36535 2.42979 17.11739
v -0.37599 2.16819 17.11739
v -0.38503 1.84632 17.11739
v -0.39018 1.47427 17.11739
v -0.38928 1.06367 17.11739
v -0.38014 0.62733 17.11739
v -0.36042 0.17892 17.11739
v -0.32757 -0.26744 17.11739
v -0.27920 -0.69768 17.11739
v -0.21361 -1.09821 17.11739
v -0.13051 -1.45652 17.11739
v -0.03145 -1.76157 17.11739
v 0.08019 -2.00414 17.11739
v 0.19975 -2.17707 17.11739
v 0.32235 -2.27529 17.11739
v 0.42818 -2.26136 18.41711
v 0.53301 -2.20726 18.41711
v 0.61638 -2.08048 18.41711
v 0.67555 -1.88489 18.41711
v 0.70755 -1.62661 18.41711
v 0.71019 -1.31366 18.41711
v 0.68304 -0.95562 18.41711
v 0.62785 -0.56322 18.41711
v 0.54849 -0.14806 18.41711
v 0.45038 0.27770 18.41711
v 0.33975 0.70159 18.41711
v 0.22294 1.11119 18.41711
v 0.10603 1.49442 18.41711
v -0.00534 1.83996 18.41711
v -0.10586 2.13757 18.41711
v -0.19055 2.37852 18.41711
v -0.25490 2.55576 18.41711
v -0.29519 2.66418 18.41711
v -0.30891 2.70067 18.41711
v -0.31143 2.66177 18.41711
v -0.31846 2.54632 18.41711
v -0.32851 2.35803 18.41711
v -0.33951 2.10287 18.41711
v -0.34917 1.78888 18.41711
v -0.35529 1.42590 18.41711
v -0.35576 1.02523 18.41711
v -0.34847 0.59936 18.41711
v -0.33111 0.16161 18.41711
v -0.30122 -0.27428 18.41711
v -0.25648 -0.69459 18.41711
v -0.19522 -1.08608 18.41711
v -0.11713 -1.43656 18.41711
v -0.02363 -1.73522 18.41711
v 0.08206 -1.97305 18.41711
v 0.19553 -2.14299 18.41711
v 0.31215 -2.24007 18.41711
v 0.41271 -2.22613 19.74815
v 0.51265 -2.17445 19.74815
v 0.59240 -2.05170 19.74815
v 0.64934 -1.86162 19.74815
v 0.68062 -1.61016 19.74815
v 0.68415 -1.30512 19.74815
v 0.65946 -0.95582 19.74815
v 0.60820 -0.57273 19.74815
v 0.53401 -0.16722 19.74815
v 0.44201 0.24881 19.74815
v 0.33808 0.66316 19.74815
v 0.22823 1.06363 19.74815
v 0.11820 1.43839 19.74815
v 0.01332 1.77635 19.74815
v -0.08138 2.06749 19.74815
v -0.16121 2.30323 19.74815
v -0.22188 2.47666 19.74815
v -0.25987 2.58276 19.74815
v -0.27281 2.61847 19.74815
v -0.27533 2.58057 19.74815
v -0.28239 2.46810 19.74815
v -0.29256 2.28465 19.74815
v -0.30385 2.03602 19.74815
v -0.31406 1.73003 19.74815
v -0.32105 1.37624 19.74815
v -0.32279 0.98566 19.74815
v -0.31721 0.57043 19.74815
v -0.30210 0.14352 19.74815
v -0.27506 -0.28170 19.74815
v -0.23383 -0.69188 19.74815
v -0.17680 -1.07415 19.74815
v -0.10360 -1.41659 19.74815
v -0.01558 -1.70868 19.74815
v 0.08424 -1.94159 19.74815
v 0.19168 -2.10840 19.74815
v 0.30235 -2.20421 19.74815
v 0.39770 -2.19020 21.10980
v 0.49276 -2.14088 21.10980
v 0.56887 -2.02213 21.10980
v 0.62354 -1.83760 21.10980
v 0.65404 -1.59303 21.10980
v 0.65836 -1.29599 21.10980
v 0.63603 -0.95557 21.10980
v 0.58858 -0.58199 21.10980
v 0.51942 -0.18633 21.10980
v 0.43339 0.21975 21.10980
v 0.33603 0.62431 21.10980
v 0.23301 1.01541 21.10980
v 0.12972 1.38148 21.10980
v 0.03122 1.71166 21.10980
v -0.05778 1.99614 21.10980
v -0.13282 2.22652 21.10980
v -0.18988 2.39603 21.10980
v -0.22561 2.49973 21.10980
v -0.23778 2.53463 21.10980
v -0.24030 2.49775 21.10980
v -0.24736 2.38830 21.10980
v -0.25760 2.20974 21.10980
v -0.26911 1.96772 21.10980
v -0.27978 1.66983 21.10980
v -0.28755 1.32536 21.10980
v -0.29044 0.94501 21.10980
v -0.28646 0.54058 21.10980
v -0.27347 0.12468 21.10980
v -0.24915 -0.28970 21.10980
v -0.21131 -0.68957 21.10980
v -0.15837 -1.06242 21.10980
v -0.08996 -1.39664 21.10980
v -0.00732 -1.68198 21.10980
v 0.08672 -1.90980 21.10980
v 0.18821 -2.07333 21.10980
v 0.29299 -2.16775 21.10980
v 0.38319 -2.15362 22.50139
v 0.47338 -2.10658 22.50139
v 0.54585 -1.99182 22.50139
v 0.59822 -1.81284 22.50139
v 0.62788 -1.57521 22.50139
v 0.63290 -1.28629 22.50139
v 0.61282 -0.95489 22.50139
v 0.56904 -0.59097 22.50139
v 0.50478 -0.20536 22.50139
v 0.42456 0.19055 22.50139
v 0.33361 0.58509 22.50139
v 0.23725 0.96660 22.50139
v 0.14057 1.32377 22.50139
v 0.04830 1.64596 22.50139
v -0.03511 1.92361 22.50139
v -0.10547 2.14848 22.50139
v -0.15898 2.31395 22.50139
v -0.19250 2.41520 22.50139
v -0.20392 2.44927 22.50139
v -0.20642 2.41342 22.50139
v -0.21345 2.30700 22.50139
v -0.22372 2.13340 22.50139
v -0.23538 1.89806 22.50139
v -0.24642 1.60837 22.50139
v -0.25485 1.27333 22.50139
v -0.25879 0.90333 22.50139
v -0.25629 0.50985 22.50139
v -0.24530 0.10511 22.50139
v -0.22356 -0.29827 22.50139
v -0.18897 -0.68766 22.50139
v -0.13999 -1.05091 22.50139
v -0.07624 -1.37674 22.50139
v 0.00114 -1.65515 22.50139
v 0.08950 -1.87773 22.50139
v 0.18512 -2.03783 22.50139
v 0.28407 -2.13073 22.50139
v 0.36920 -2.11643 23.92227
v 0.45457 -2.07161 23.92227
v 0.52339 -1.96080 23.92227
v 0.57343 -1.78738 23.92227
v 0.60219 -1.55675 23.92227
v 0.60782 -1.27602 23.92227
v 0.58987 -0.95376 23.92227
v 0.54964 -0.59968 23.92227
v 0.49011 -0.22431 23.92227
v 0.41554 0.16124 23.92227
v 0.33083 0.54556 23.92227
v 0.24096 0.91726 23.92227
v 0.15071 1.26531 23.92227
v 0.06453 1.57934 23.92227
v -0.01341 1.84998 23.92227
v -0.07920 2.06921 23.92227
v -0.12925 2.23054 23.92227
v -0.16061 2.32926 23.92227
v -0.17129 2.36249 23.92227
v -0.17377 2.32768 23.92227
v -0.18074 2.22433 23.92227
v -0.19097 2.05572 23.92227
v -0.20272 1.82714 23.92227
v -0.21405 1.54572 23.92227
v -0.22305 1.22021 23.92227
v -0.22791 0.86068 23.92227
v -0.22677 0.47827 23.92227
v -0.21763 0.08483 23.92227
v -0.19834 -0.30739 23.92227
v -0.16686 -0.68614 23.92227
v -0.12171 -1.03963 23.92227
v -0.06248 -1.35691 23.92227
v 0.00977 -1.62824 23.92227
v 0.09257 -1.84541 23.92227
v 0.18242 -2.00195 23.92227
v 0.27563 -2.09320 23.92227
v 0.35578 -2.07867 25.37187
v 0.43636 -2.03600 25.37187
v 0.50155 -1.92911 25.37187
v 0.54922 -1.76126 25.37187
v 0.57702 -1.53766 25.37187
v 0.58319 -1.26521 25.37187
v 0.56725 -0.95221 25.37187
v 0.53041 -0.60810 25.37187
v 0.47545 -0.24313 25.37187
v 0.40636 0.13185 25.37187
v 0.32769 0.50575 25.37187
v 0.24413 0.86745 25.37187
v 0.16015 1.20620 25.37187
v 0.07989 1.51187 25.37187
v 0.00726 1.77535 25.37187
v -0.05407 1.98880 25.37187
v -0.10075 2.14590 25.37187
v -0.13000 2.24204 25.37187
v -0.13996 2.27440 25.37187
v -0.14240 2.24063 25.37187
v -0.14929 2.14038 25.37187
v -0.15944 1.97680 25.37187
v -0.17120 1.75503 25.37187
v -0.18273 1.48196 25.37187
v -0.19220 1.16607 25.37187
v -0.19788 0.81711 25.37187
v -0.19796 0.44588 25.37187
v -0.19054 0.06387 25.37187
v -0.17356 -0.31704 25.37187
v -0.14504 -0.68502 25.37187
v -0.10356 -1.02860 25.37187
v -0.04872 -1.33717 25.37187
v 0.01855 -1.60126 25.37187
v 0.09592 -1.81289 25.37187
v 0.18011 -1.96572 25.37187
v 0.26767 -2.05521 25.37187
v 0.34293 -2.04040 26.84961
v 0.41878 -1.99981 26.84961
v 0.48036 -1.89680 26.84961
v 0.52566 -1.73451 26.84961
v 0.55245 -1.51798 26.84961
v 0.55905 -1.25387 26.84961
v 0.54500 -0.95023 26.84961
v 0.51140 -0.61622 26.84961
v 0.46085 -0.26183 26.84961
v 0.39703 0.10242 26.84961
v 0.32422 0.46571 26.84961
v 0.24677 0.81722 26.84961
v 0.16885 1.14648 26.84961
v 0.09434 1.44363 26.84961
v 0.02687 1.69981 26.84961
v -0.03012 1.90736 26.84961
v -0.07352 2.06014 26.84961
v -0.10072 2.15363 26.84961
v -0.10999 2.18511 26.84961
v -0.11238 2.15238 26.84961
v -0.11915 2.05525 26.84961
v -0.12918 1.89674 26.84961
v -0.14089 1.68182 26.84961
v -0.15253 1.41717 26.84961
v -0.16237 1.11098 26.84961
v -0.16874 0.77269 26.84961
v -0.16992 0.41274 26.84961
v -0.16409 0.04228 26.84961
v -0.14926 -0.32722 26.84961
v -0.12355 -0.68428 26.84961
v -0.08560 -1.01782 26.84961
v -0.03497 -1.31754 26.84961
v 0.02745 -1.57425 26.84961
v 0.09953 -1.78019 26.84961
v 0.17819 -1.92918 26.84961
v 0.26020 -2.01681 26.84961
v 0.33068 -2.00167 28.35499
v 0.40187 -1.96308 28.35499
v 0.45986 -1.86390 28.35499
v 0.50278 -1.70717 28.35499
v 0.52850 -1.49773 28.35499
v 0.53545 -1.24202 28.35499
v 0.52317 -0.94784 28.35499
v 0.49266 -0.62406 28.35499
v 0.44632 -0.28038 28.35499
v 0.38759 0.07298 28.35499
v 0.32042 0.42549 28.35499
v 0.24888 0.76664 28.35499
v 0.17683 1.08624 28.35499
v 0.10788 1.37472 28.35499
v 0.04541 1.62344 28.35499
v -0.00739 1.82498 28.35499
v -0.04760 1.97335 28.35499
v -0.07282 2.06415 28.35499
v -0.08141 2.09472 28.35499
v -0.08375 2.06305 28.35499
v -0.09037 1.96905 28.35499
v -0.10023 1.81564 28.35499
v -0.11182 1.60762 28.35499
v -0.12350 1.35144 28.35499
v -0.13361 1.05501 28.35499
v -0.14056 0.72746 28.35499
v -0.14271 0.37890 28.35499
v -0.13832 0.02007 28.35499
v -0.12549 -0.33790 28.35499
v -0.10245 -0.68393 28.35499
v -0.06785 -1.00730 28.35499
v -0.02129 -1.29803 28.35499
v 0.03645 -1.54723 28.35499
v 0.10338 -1.74735 28.35499
v 0.17665 -1.89239 28.35499
v 0.25324 -1.97803 28.35499
v 0.31905 -1.96251 29.88749
v 0.38565 -1.92585 29.88749
v 0.44009 -1.83047 29.88749
v 0.48062 -1.67929 29.88749
v 0.50524 -1.47696 29.88749
v 0.51245 -1.22970 29.88749
v 0.50182 -0.94505 29.88749
v 0.47423 -0.63161 29.88749
v 0.43192 -0.29877 29.88749
v 0.37806 0.04355 29.88749
v 0.31632 0.38512 29.88749
v 0.25047 0.71575 29.88749
v 0.18408 1.02554 29.88749
v 0.12049 1.30520 29.88749
v 0.06285 1.54635 29.88749
v 0.01410 1.74178 29.88749
v -0.02304 1.88565 29.88749
v -0.04633 1.97371 29.88749
v -0.05427 2.00336 29.88749
v -0.05654 1.97275 29.88749
v -0.06299 1.88189 29.88749
v -0.07263 1.73361 29.88749
v -0.08405 1.53252 29.88749
v -0.09568 1.28485 29.88749
v -0.10596 0.99824 29.88749
v -0.11338 0.68150 29.88749
v -0.11637 0.34439 29.88749
v -0.11328 -0.00270 29.88749
v -0.10232 -0.34906 29.88749
v -0.08177 -0.68395 29.88749
v -0.05037 -0.99703 29.88749
v -0.00770 -1.27867 29.88749
v 0.04553 -1.52023 29.88749
v 0.10747 -1.71441 29.88749
v 0.17550 -1.85538 29.88749
v 0.24679 -1.93892 29.88749
v 0.30805 -1.92299 31.44664
v 0.37014 -1.88819 31.44664
v 0.42109 -1.79656 31.44664
v 0.45922 -1.65090 31.44664
v 0.48270 -1.45569 31.44664
v 0.49009 -1.21693 31.44664
v 0.48097 -0.94188 31.44664
v 0.45615 -0.63887 31.44664
v 0.41768 -0.31698 31.44664
v 0.36848 0.01416 31.44664
v 0.31195 0.34465 31.44664
v 0.25155 0.66462 31.44664
v 0.19060 0.96446 31.44664
v 0.13218 1.23517 31.44664
v 0.07918 1.46863 31.44664
v 0.03434 1.65784 31.44664
v 0.00016 1.79715 31.44664
v -0.02129 1.88242 31.44664
v -0.02860 1.91113 31.44664
v -0.03079 1.88159 31.44664
v -0.03705 1.79388 31.44664
v -0.04643 1.65075 31.44664
v -0.05761 1.45662 31.44664
v -0.06911 1.21750 31.44664
v -0.07947 0.94074 31.44664
v -0.08724 0.63487 31.44664
v -0.09095 0.30928 31.44664
v -0.08903 -0.02601 31.44664
v -0.07977 -0.36066 31.44664
v -0.06156 -0.68433 31.44664
v -0.03319 -0.98703 31.44664
v 0.00575 -1.25945 31.44664
v 0.05464 -1.49327 31.44664
v 0.11177 -1.68140 31.44664
v 0.17471 -1.81819 31.44664
v 0.24084 -1.89954 31.44664
v 0.29768 -1.88314 33.03201
v 0.35537 -1.85013 33.03201
v 0.40286 -1.76221 33.03201
v 0.43862 -1.62205 33.03201
v 0.46092 -1.43397 33.03201
v 0.46841 -1.20373 33.03201
v 0.46068 -0.93835 33.03201
v 0.43846 -0.64585 33.03201
v 0.40363 -0.33502 33.03201
v 0.35887 -0.01517 33.03201
v 0.30731 0.30413 33.03201
v 0.25214 0.61330 33.03201
v 0.19640 0.90306 33.03201
v 0.14293 1.16471 33.03201
v 0.09439 1.39037 33.03201
v 0.05330 1.57328 33.03201
v 0.02197 1.70796 33.03201
v 0.00230 1.79040 33.03201
v -0.00440 1.81816 33.03201
v -0.00652 1.78968 33.03201
v -0.01255 1.70514 33.03201
v -0.02163 1.56716 33.03201
v -0.03252 1.38001 33.03201
v -0.04383 1.14946 33.03201
v -0.05417 0.88261 33.03201
v -0.06218 0.58764 33.03201
v -0.06649 0.27362 33.03201
v -0.06560 -0.04981 33.03201
v -0.05790 -0.37269 33.03201
v -0.04187 -0.68505 33.03201
v -0.01636 -0.97728 33.03201
v 0.01904 -1.24040 33.03201
v 0.06377 -1.46638 33.03201
v 0.11626 -1.64836 33.03201
v 0.17428 -1.78086 33.03201
v 0.23540 -1.85992 33.03201
v 0.28795 -1.84303 34.64315
v 0.34134 -1.81174 34.64315
v 0.38545 -1.72747 34.64315
v 0.41885 -1.59279 34.64315
v 0.43993 -1.41183 34.64315
v 0.44744 -1.19014 34.64315
v 0.44098 -0.93447 34.64315
v 0.42120 -0.65255 34.64315
v 0.38981 -0.35287 34.64315
v 0.34927 -0.04441 34.64315
v 0.30245 0.26358 34.64315
v 0.25226 0.56184 34.64315
v 0.20150 0.84142 34.64315
v 0.15276 1.09389 34.64315
v 0.10849 1.31167 34.64315
v 0.07099 1.48820 34.64315
v 0.04238 1.61820 34.64315
v 0.02442 1.69777 34.64315
v 0.01830 1.72457 34.64315
v 0.01627 1.69716 34.64315
v 0.01048 1.61578 34.64315
v 0.00174 1.48297 34.64315
v -0.00880 1.30280 34.64315
v -0.01984 1.08085 34.64315
v -0.03008 0.82392 34.64315
v -0.03824 0.53988 34.64315
v -0.04302 0.23747 34.64315
v -0.04302 -0.07406 34.64315
v -0.03674 -0.38511 34.64315
v -0.02272 -0.68610 34.64315
v 0.00010 -0.96779 34.64315
v 0.03214 -1.22153 34.64315
v 0.07289 -1.43957 34.64315
v 0.12092 -1.61531 34.64315
v 0.17419 -1.74344 34.64315
v 0.23047 -1.82012 34.64315
v 0.27886 -1.80270 36.27967
v 0.32833 -1.77305 36.27967
v 0.36938 -1.69237 36.27967
v 0.40065 -1.56312 36.27967
v 0.42066 -1.38926 36.27967
v 0.42824 -1.17612 36.27967
v 0.42298 -0.93019 36.27967
v 0.40548 -0.65891 36.27967
v 0.37729 -0.37044 36.27967
v 0.34067 -0.07346 36.27967
v 0.29822 0.22311 36.27967
v 0.25264 0.51036 36.27967
v 0.20647 0.77965 36.27967
v 0.16210 1.02285 36.27967
v 0.12176 1.23265 36.27967
v 0.08758 1.40272 36.27967
v 0.06148 1.52798 36.27967
v 0.04509 1.60465 36.27967
v 0.03950 1.63047 36.27967
v 0.03755 1.60413 36.27967
v 0.03196 1.52592 36.27967
v 0.02350 1.39826 36.27967
v 0.01324 1.22508 36.27967
v 0.00241 1.01172 36.27967
v -0.00779 0.76471 36.27967
v -0.01614 0.49162 36.27967
v -0.02142 0.20082 36.27967
v -0.02230 -0.09877 36.27967
v -0.01736 -0.39796 36.27967
v -0.00525 -0.68754 36.27967
v 0.01507 -0.95863 36.27967
v 0.04399 -1.20291 36.27967
v 0.08106 -1.41294 36.27967
v 0.12500 -1.58233 36.27967
v 0.17391 -1.70599 36.27967
v 0.22575 -1.78020 36.27967
v 0.27041 -1.76222 37.94117
v 0.31808 -1.73401 37.94117
v 0.35793 -1.65675 37.94117
v 0.38867 -1.53280 37.94117
v 0.40883 -1.36595 37.94117
v 0.41727 -1.16132 37.94117
v 0.41355 -0.92512 37.94117
v 0.39823 -0.66450 37.94117
v 0.37272 -0.38733 37.94117
v 0.33917 -0.10194 37.94117
v 0.30002 0.18309 37.94117
v 0.25781 0.45919 37.94117
v 0.21494 0.71803 37.94117
v 0.17365 0.95183 37.94117
v 0.13605 1.15352 37.94117
v 0.10415 1.31703 37.94117
v 0.07977 1.43745 37.94117
v 0.06445 1.51118 37.94117
v 0.05922 1.53600 37.94117
v 0.05720 1.51071 37.94117
v 0.05141 1.43564 37.94117
v 0.04259 1.31309 37.94117
v 0.03180 1.14684 37.94117
v 0.02023 0.94201 37.94117
v 0.00910 0.70485 37.94117
v -0.00041 0.44265 37.94117
v -0.00706 0.16342 37.94117
v -0.00953 -0.12427 37.94117
v -0.00642 -0.41161 37.94117
v 0.00364 -0.68977 37.94117
v 0.02168 -0.95021 37.94117
v 0.04812 -1.18495 37.94117
v 0.08258 -1.38684 37.94117
v 0.12386 -1.54976 37.94117
v 0.17015 -1.66877 37.94117
v 0.21953 -1.74032 37.94117
v 0.26259 -1.72162 39.62730
v 0.30844 -1.69483 39.62730
v 0.34705 -1.62098 39.62730
v 0.37717 -1.50232 39.62730
v 0.39737 -1.34248 39.62730
v 0.40653 -1.14635 39.62730
v 0.40421 -0.91990 39.62730
v 0.39089 -0.66998 39.62730
v 0.36790 -0.40415 39.62730
v 0.33722 -0.13038 39.62730
v 0.30119 0.14306 39.62730
v 0.26218 0.40796 39.62730
v 0.22244 0.65633 39.62730
v 0.18409 0.88067 39.62730
v 0.14911 1.07422 39.62730
v 0.11938 1.23113 39.62730
v 0.09664 1.34670 39.62730
v 0.08234 1.41746 39.62730
v 0.07746 1.44128 39.62730
v 0.07539 1.41705 39.62730
v 0.06945 1.34511 39.62730
v 0.06035 1.22768 39.62730
v 0.04913 1.06836 39.62730
v 0.03697 0.87206 39.62730
v 0.02505 0.64478 39.62730
v 0.01456 0.39347 39.62730
v 0.00672 0.12583 39.62730
v 0.00283 -0.14996 39.62730
v 0.00431 -0.42543 39.62730
v 0.01249 -0.69213 39.62730
v 0.02841 -0.94189 39.62730
v 0.05253 -1.16707 39.62730
v 0.08451 -1.36079 39.62730
v 0.12322 -1.51718 39.62730
v 0.16697 -1.63152 39.62730
v 0.21394 -1.70036 39.62730
v 0.25540 -1.68098 41.33768
v 0.29940 -1.65557 41.33768
v 0.33672 -1.58510 41.33768
v 0.36614 -1.47171 41.33768
v 0.38628 -1.31887 41.33768
v 0.39604 -1.13124 41.33768
v 0.39496 -0.91455 41.33768
v 0.38348 -0.67535 41.33768
v 0.36282 -0.42086 41.33768
v 0.33486 -0.15875 41.33768
v 0.30177 0.10309 41.33768
v 0.26577 0.35676 41.33768
v 0.22901 0.59462 41.33768
v 0.19344 0.80948 41.33768
v 0.16095 0.99485 41.33768
v 0.13330 1.14515 41.33768
v 0.11212 1.25585 41.33768
v 0.09880 1.32363 41.33768
v 0.09425 1.34645 41.33768
v 0.09215 1.32327 41.33768
v 0.08610 1.25447 41.33768
v 0.07679 1.14214 41.33768
v 0.06525 0.98976 41.33768
v 0.05262 0.80198 41.33768
v 0.04007 0.58456 41.33768
v 0.02876 0.34415 41.33768
v 0.01990 0.08809 41.33768
v 0.01479 -0.17578 41.33768
v 0.01481 -0.43938 41.33768
v 0.02129 -0.69463 41.33768
v 0.03526 -0.93370 41.33768
v 0.05720 -1.14928 41.33768
v 0.08682 -1.33481 41.33768
v 0.12307 -1.48465 41.33768
v 0.16436 -1.59428 41.33768
v 0.20895 -1.66039 41.33768
v 0.24882 -1.64035 43.07199
v 0.29096 -1.61630 43.07199
v 0.32695 -1.54918 43.07199
v 0.35559 -1.44103 43.07199
v 0.37557 -1.29516 43.07199
v 0.38579 -1.11603 43.07199
v 0.38582 -0.90908 43.07199
v 0.37601 -0.68059 43.07199
v 0.35752 -0.43745 43.07199
v 0.33209 -0.18700 43.07199
v 0.30176 0.06322 43.07199
v 0.26861 0.30565 43.07199
v 0.23465 0.53298 43.07199
v 0.20173 0.73835 43.07199
v 0.17160 0.91554 43.07199
v 0.14592 1.05921 43.07199
v 0.12624 1.16503 43.07199
v 0.11385 1.22982 43.07199
v 0.10961 1.25164 43.07199
v 0.10749 1.22952 43.07199
v 0.10138 1.16383 43.07199
v 0.09195 1.05661 43.07199
v 0.08019 0.91114 43.07199
v 0.06721 0.73187 43.07199
v 0.05417 0.52430 43.07199
v 0.04220 0.29475 43.07199
v 0.03250 0.05026 43.07199
v 0.02634 -0.20171 43.07199
v 0.02508 -0.45345 43.07199
v 0.03003 -0.69724 43.07199
v 0.04221 -0.92562 43.07199
v 0.06211 -1.13161 43.07199
v 0.08950 -1.30893 43.07199
v 0.12339 -1.45221 43.07199
v 0.16229 -1.55710 43.07199
v 0.20455 -1.62046 43.07199
v 0.24283 -1.59978 44.82990
v 0.28311 -1.57706 44.82990
v 0.31771 -1.51326 44.82990
v 0.34551 -1.41033 44.82990
v 0.36523 -1.27140 44.82990
v 0.37580 -1.10073 44.82990
v 0.37679 -0.90351 44.82990
v 0.36850 -0.68570 44.82990
v 0.35201 -0.45390 44.82990
v 0.32893 -0.21509 44.82990
v 0.30119 0.02351 44.82990
v 0.27073 0.25471 44.82990
v 0.23942 0.47152 44.82990
v 0.20899 0.66739 44.82990
v 0.18110 0.83639 44.82990
v 0.15729 0.97343 44.82990
v 0.13903 1.07438 44.82990
v 0.12751 1.13618 44.82990
v 0.12358 1.15699 44.82990
v 0.12146 1.13592 44.82990
v 0.11533 1.07335 44.82990
v 0.10584 0.97121 44.82990
v 0.09396 0.83262 44.82990
v 0.08076 0.66184 44.82990
v 0.06737 0.46408 44.82990
v 0.05490 0.24537 44.82990
v 0.04452 0.01241 44.82990
v 0.03748 -0.22770 44.82990
v 0.03511 -0.46760 44.82990
v 0.03869 -0.69997 44.82990
v 0.04924 -0.91767 44.82990
v 0.06726 -1.11408 44.82990
v 0.09253 -1.28320 44.82990
v 0.12417 -1.41990 44.82990
v 0.16076 -1.52005 44.82990
v 0.20074 -1.58062 44.82990
v 0.23742 -1.55935 46.61109
v 0.27582 -1.53793 46.61109
v 0.30901 -1.47741 46.61109
v 0.33590 -1.37965 46.61109
v 0.35526 -1.24763 46.61109
v 0.36607 -1.08538 46.61109
v 0.36788 -0.89784 46.61109
v 0.36096 -0.69068 46.61109
v 0.34630 -0.47018 46.61109
v 0.32541 -0.24300 46.61109
v 0.30008 -0.01598 46.61109
v 0.27214 0.20400 46.61109
v 0.24332 0.41031 46.61109
v 0.21526 0.59670 46.61109
v 0.18948 0.75754 46.61109
v 0.16745 0.88796 46.61109
v 0.15052 0.98403 46.61109
v 0.13985 1.04285 46.61109
v 0.13620 1.06266 46.61109
v 0.13409 1.04263 46.61109
v 0.12798 0.98316 46.61109
v 0.11851 0.88607 46.61109
v 0.10660 0.75434 46.61109
v 0.09330 0.59200 46.61109
v 0.07969 0.40400 46.61109
v 0.06686 0.19608 46.61109
v 0.05596 -0.02541 46.61109
v 0.04821 -0.25370 46.61109
v 0.04490 -0.48182 46.61109
v 0.04728 -0.70279 46.61109
v 0.05635 -0.90986 46.61109
v 0.07261 -1.09671 46.61109
v 0.09590 -1.25764 46.61109
v 0.12538 -1.38778 46.61109
v 0.15973 -1.48317 46.61109
v 0.19748 -1.54095 46.61109
v 0.23257 -1.51913 48.41527
v 0.26909 -1.49896 48.41527
v 0.30083 -1.44168 48.41527
v 0.32675 -1.34905 48.41527
v 0.34567 -1.22389 48.41527
v 0.35661 -1.07001 48.41527
v 0.35911 -0.89209 48.41527
v 0.35341 -0.69554 48.41527
v 0.34043 -0.48629 48.41527
v 0.32156 -0.27067 48.41527
v 0.29848 -0.05520 48.41527
v 0.27289 0.15362 48.41527
v 0.24642 0.34947 48.41527
v 0.22057 0.52641 48.41527
v 0.19679 0.67910 48.41527
v 0.17643 0.80293 48.41527
v 0.16078 0.89414 48.41527
v 0.15090 0.94999 48.41527
v 0.14752 0.96879 48.41527
v 0.14543 0.94980 48.41527
v 0.13939 0.89341 48.41527
v 0.13000 0.80134 48.41527
v 0.11815 0.67642 48.41527
v 0.10485 0.52246 48.41527
v 0.09115 0.34416 48.41527
v 0.07811 0.14696 48.41527
v 0.06684 -0.06312 48.41527
v 0.05853 -0.27966 48.41527
v 0.05443 -0.49607 48.41527
v 0.05577 -0.70571 48.41527
v 0.06351 -0.90220 48.41527
v 0.07815 -1.07953 48.41527
v 0.09957 -1.23230 48.41527
v 0.12699 -1.35588 48.41527
v 0.15918 -1.44653 48.41527
v 0.19476 -1.50150 48.41527
v 0.22825 -1.47917 50.24214
v 0.26290 -1.46022 50.24214
v 0.29315 -1.40615 50.24214
v 0.31805 -1.31859 50.24214
v 0.33645 -1.20022 50.24214
v 0.34741 -1.05465 50.24214
v 0.35048 -0.88629 50.24214
v 0.34586 -0.70026 50.24214
v 0.33440 -0.50219 50.24214
v 0.31740 -0.29807 50.24214
v 0.29641 -0.09407 50.24214
v 0.27301 0.10364 50.24214
v 0.24874 0.28908 50.24214
v 0.22498 0.45663 50.24214
v 0.20307 0.60122 50.24214
v 0.18430 0.71848 50.24214
v 0.16985 0.80485 50.24214
v 0.16072 0.85775 50.24214
v 0.15759 0.87555 50.24214
v 0.15554 0.85759 50.24214
v 0.14960 0.80425 50.24214
v 0.14035 0.71716 50.24214
v 0.12864 0.59899 50.24214
v 0.11545 0.45334 50.24214
v 0.10178 0.28467 50.24214
v 0.08866 0.09811 50.24214
v 0.07717 -0.10065 50.24214
v 0.06845 -0.30554 50.24214
v 0.06372 -0.51031 50.24214
v 0.06415 -0.70871 50.24214
v 0.07070 -0.89468 50.24214
v 0.08386 -1.06255 50.24214
v 0.10353 -1.20721 50.24214
v 0.12899 -1.32427 50.24214
v 0.15909 -1.41018 50.24214
v 0.19254 -1.46234 50.24214
v 0.22445 -1.43955 52.09144
v 0.25721 -1.42180 52.09144
v 0.28597 -1.37088 52.09144
v 0.30979 -1.28833 52.09144
v 0.32760 -1.17668 52.09144
v 0.33848 -1.03933 52.09144
v 0.34200 -0.88044 52.09144
v 0.33833 -0.70485 52.09144
v 0.32825 -0.51787 52.09144
v 0.31296 -0.32515 52.09144
v 0.29390 -0.13254 52.09144
v 0.27255 0.05415 52.09144
v 0.25033 0.22926 52.09144
v 0.22852 0.38749 52.09143
v 0.20839 0.52403 52.09143
v 0.19110 0.63477 52.09143
v 0.17778 0.71635 52.09143
v 0.16936 0.76630 52.09143
v 0.16648 0.78312 52.09143
v 0.16447 0.76617 52.09143
v 0.15867 0.71585 52.09143
v 0.14962 0.63369 52.09143
v 0.13813 0.52220 52.09143
v 0.12514 0.38479 52.09143
v 0.11161 0.22564 52.09144
v 0.09854 0.04961 52.09144
v 0.08696 -0.13793 52.09144
v 0.07797 -0.33128 52.09144
v 0.07274 -0.52453 52.09144
v 0.07242 -0.71178 52.09144
v 0.07791 -0.88733 52.09144
v 0.08971 -1.04581 52.09144
v 0.10773 -1.18242 52.09144
v 0.13133 -1.29299 52.09144
v 0.15943 -1.37418 52.09144
v 0.19080 -1.42353 52.09144
v 0.22112 -1.40036 53.96287
v 0.25202 -1.38377 53.96287
v 0.27926 -1.33594 53.96287
v 0.30197 -1.25834 53.96287
v 0.31911 -1.15332 53.96287
v 0.32982 -1.02409 53.96287
v 0.33368 -0.87457 53.96287
v 0.33084 -0.70930 53.96287
v 0.32199 -0.53329 53.96287
v 0.30827 -0.35187 53.96287
v 0.29100 -0.17052 53.96287
v 0.27155 0.00525 53.96287
v 0.25124 0.17013 53.96287
v 0.23126 0.31911 53.96287
v 0.21278 0.44769 53.96287
v 0.19690 0.55197 53.96287
v 0.18464 0.62879 53.96287
v 0.17689 0.67583 53.96287
v 0.17423 0.69167 53.96287
v 0.17229 0.67573 53.96287
v 0.16666 0.62839 53.96287
v 0.15785 0.55110 53.96287
v 0.14666 0.44621 53.96287
v 0.13395 0.31693 53.96287
v 0.12068 0.16720 53.96287
v 0.10777 0.00158 53.96287
v 0.09622 -0.17489 53.96287
v 0.08709 -0.35682 53.96287
v 0.08151 -0.53868 53.96287
v 0.08055 -0.71491 53.96287
v 0.08512 -0.88014 53.96287
v 0.09567 -1.02933 53.96287
v 0.11217 -1.15796 53.96287
v 0.13400 -1.26210 53.96287
v 0.16015 -1.33861 53.96287
v 0.18951 -1.38517 53.96287
v 0.21825 -1.36168 55.85620
v 0.24729 -1.34621 55.85620
v 0.27301 -1.30142 55.85620
v 0.29456 -1.22868 55.85620
v 0.31098 -1.13019 55.85620
v 0.32144 -1.00897 55.85620
v 0.32554 -0.86869 55.85620
v 0.32340 -0.71361 55.85620
v 0.31566 -0.54843 55.85620
v 0.30337 -0.37816 55.85620
v 0.28774 -0.20795 55.85620
v 0.27006 -0.04296 55.85620
v 0.25152 0.11181 55.85620
v 0.23326 0.25166 55.85620
v 0.21633 0.37237 55.85620
v 0.20176 0.47026 55.85620
v 0.19050 0.54238 55.85620
v 0.18338 0.58654 55.85620
v 0.18094 0.60142 55.85620
v 0.17906 0.58646 55.85620
v 0.17362 0.54206 55.85620
v 0.16512 0.46956 55.85620
v 0.15428 0.37119 55.85620
v 0.14194 0.24993 55.85620
v 0.12901 0.10948 55.85620
v 0.11637 -0.04588 55.85620
v 0.10497 -0.21142 55.85620
v 0.09582 -0.38210 55.85620
v 0.09000 -0.55272 55.85620
v 0.08855 -0.71807 55.85620
v 0.09230 -0.87312 55.85620
v 0.10173 -1.01315 55.85620
v 0.11679 -1.13389 55.85620
v 0.13694 -1.23167 55.85620
v 0.16124 -1.30355 55.85620
v 0.18864 -1.34732 55.85620
v 0.21580 -1.32360 57.77117
v 0.24301 -1.30922 57.77117
v 0.26719 -1.26740 57.77117
v 0.28756 -1.19943 57.77117
v 0.30320 -1.10737 57.77117
v 0.31335 -0.99402 57.77117
v 0.31759 -0.86283 57.77117
v 0.31605 -0.71778 57.77117
v 0.30929 -0.56327 57.77117
v 0.29829 -0.40398 57.77117
v 0.28417 -0.24474 57.77117
v 0.26812 -0.09038 57.77117
v 0.25124 0.05443 57.77117
v 0.23457 0.18529 57.77117
v 0.21908 0.29823 57.77117
v 0.20574 0.38983 57.77117
v 0.19543 0.45732 57.77117
v 0.18890 0.49865 57.77117
v 0.18666 0.51256 57.77117
v 0.18486 0.49858 57.77117
v 0.17964 0.45707 57.77117
v 0.17147 0.38929 57.77117
v 0.16105 0.29731 57.77117
v 0.14916 0.18393 57.77117
v 0.13665 0.05261 57.77117
v 0.12437 -0.09266 57.77117
v 0.11322 -0.24745 57.77117
v 0.10416 -0.40706 57.77117
v 0.09822 -0.56662 57.77117
v 0.09638 -0.72126 57.77117
v 0.09943 -0.86629 57.77117
v 0.10784 -0.99728 57.77117
v 0.12157 -1.11025 57.77117
v 0.14013 -1.20177 57.77117
v 0.16265 -1.26906 57.77117
v 0.18814 -1.31009 57.77117
v 0.21374 -1.28622 59.70753
v 0.23914 -1.27289 59.70753
v 0.26179 -1.23398 59.70753
v 0.28096 -1.17068 59.70753
v 0.29578 -1.08491 59.70753
v 0.30554 -0.97928 59.70753
v 0.30985 -0.85701 59.70753
v 0.30879 -0.72180 59.70753
v 0.30291 -0.57776 59.70753
v 0.29308 -0.42926 59.70753
v 0.28035 -0.28079 59.70753
v 0.26579 -0.13687 59.70753
v 0.25044 -0.00185 59.70753
v 0.23525 0.12017 59.70753
v 0.22112 0.22549 59.70753
v 0.20893 0.31091 59.70753
v 0.19950 0.37384 59.70753
v 0.19352 0.41238 59.70753
v 0.19147 0.42535 59.70753
v 0.18976 0.41233 59.70753
v 0.18478 0.37365 59.70753
v 0.17699 0.31049 59.70753
v 0.16702 0.22478 59.70753
v 0.15564 0.11914 59.70753
v 0.14363 -0.00324 59.70753
v 0.13179 -0.13861 59.70753
v 0.12099 -0.28287 59.70753
v 0.11212 -0.43161 59.70753
v 0.10616 -0.58032 59.70753
v 0.10403 -0.72446 59.70753
v 0.10649 -0.85965 59.70753
v 0.11398 -0.98177 59.70753
v 0.12648 -1.08711 59.70753
v 0.14353 -1.17246 59.70753
v 0.16434 -1.23525 59.70753
v 0.18800 -1.27355 59.70753
v 0.21203 -1.24967 61.66506
v 0.23565 -1.23735 61.66506
v 0.25679 -1.20126 61.66506
v 0.27474 -1.14251 61.66506
v 0.28872 -1.06289 61.66506
v 0.29803 -0.96481 61.66506
v 0.30233 -0.85125 61.66506
v 0.30167 -0.72567 61.66506
v 0.29655 -0.59188 61.66506
v 0.28777 -0.45393 61.66506
v 0.27630 -0.31600 61.66506
v 0.26313 -0.18229 61.66506
v 0.24920 -0.05685 61.66506
v 0.23538 0.05651 61.66506
v 0.22251 0.15436 61.66506
v 0.21139 0.23372 61.66506
v 0.20278 0.29220 61.66506
v 0.19732 0.32800 61.66506
v 0.19545 0.34006 61.66506
v 0.19383 0.32797 61.66506
v 0.18911 0.29205 61.66506
v 0.18172 0.23342 61.66506
v 0.17226 0.15384 61.66506
v 0.16143 0.05574 61.66506
v 0.14999 -0.05789 61.66506
v 0.13867 -0.18359 61.66506
v 0.12829 -0.31755 61.66506
v 0.11970 -0.45568 61.66506
v 0.11381 -0.59378 61.66506
v 0.11148 -0.72766 61.66506
v 0.11344 -0.85322 61.66506
v 0.12010 -0.96666 61.66506
v 0.13146 -1.06453 61.66506
v 0.14710 -1.14384 61.66506
v 0.16628 -1.20221 61.66506
v 0.18815 -1.23784 61.66506
v 0.21065 -1.21407 63.64352
v 0.23253 -1.20272 63.64352
v 0.25216 -1.16937 63.64352
v 0.26890 -1.11505 63.64352
v 0.28200 -1.04140 63.64352
v 0.29083 -0.95066 63.64352
v 0.29505 -0.84559 63.64352
v 0.29470 -0.72939 63.64352
v 0.29025 -0.60557 63.64352
v 0.28242 -0.47790 63.64352
v 0.27210 -0.35026 63.64352
v 0.26020 -0.22650 63.64352
v 0.24757 -0.11040 63.64352
v 0.23503 -0.00547 63.64352
v 0.22332 0.08510 63.64352
v 0.21320 0.15856 63.64352
v 0.20536 0.21269 63.64352
v 0.20038 0.24583 63.64352
v 0.19867 0.25700 63.64352
v 0.19715 0.24581 63.64352
v 0.19271 0.21259 63.64352
v 0.18575 0.15834 63.64352
v 0.17683 0.08472 63.64352
v 0.16660 -0.00602 63.64352
v 0.15576 -0.11114 63.64352
v 0.14503 -0.22744 63.64352
v 0.13514 -0.35137 63.64352
v 0.12690 -0.47917 63.64352
v 0.12115 -0.60695 63.64352
v 0.11871 -0.73082 63.64352
v 0.12026 -0.84701 63.64352
v 0.12619 -0.95200 63.64352
v 0.13649 -1.04258 63.64352
v 0.15079 -1.11601 63.64352
v 0.16841 -1.17005 63.64352
v 0.18858 -1.20307 63.64352
v 0.20955 -1.17958 65.64271
v 0.22975 -1.16915 65.64271
v 0.24790 -1.13845 65.64271
v 0.26343 -1.08840 65.64271
v 0.27565 -1.02053 65.64271
v 0.28395 -0.93691 65.64271
v 0.28803 -0.84006 65.64271
v 0.28793 -0.73294 65.64271
v 0.28406 -0.61880 65.64271
v 0.27708 -0.50109 65.64271
v 0.26780 -0.38340 65.64271
v 0.25705 -0.26930 65.64271
v 0.24563 -0.16225 65.64271
v 0.23426 -0.06550 65.64271
v 0.22364 0.01801 65.64271
v 0.21445 0.08575 65.64271
v 0.20731 0.13566 65.64271
v 0.20279 0.16622 65.64271
v 0.20123 0.17651 65.64271
v 0.19981 0.16620 65.64271
v 0.19566 0.13559 65.64271
v 0.18914 0.08559 65.64271
v 0.18078 0.01775 65.64271
v 0.17118 -0.06589 65.64271
v 0.16100 -0.16277 65.64271
v 0.15089 -0.26995 65.64271
v 0.14154 -0.38418 65.64271
v 0.13371 -0.50197 65.64271
v 0.12817 -0.61975 65.64271
v 0.12570 -0.73393 65.64271
v 0.12691 -0.84105 65.64271
v 0.13218 -0.93784 65.64271
v 0.14151 -1.02136 65.64271
v 0.15455 -1.08907 65.64271
v 0.17070 -1.13892 65.64271
v 0.18923 -1.16940 65.64271
v 0.20870 -1.14638 67.66239
v 0.22727 -1.13683 67.66239
v 0.24399 -1.10867 67.66239
v 0.25833 -1.06273 67.66239
v 0.26966 -1.00042 67.66239
v 0.27742 -0.92363 67.66239
v 0.28132 -0.83469 67.66239
v 0.28139 -0.73632 67.66239
v 0.27802 -0.63148 67.66239
v 0.27179 -0.52337 67.66239
v 0.26346 -0.41528 67.66239
v 0.25377 -0.31047 67.66239
v 0.24344 -0.21214 67.66239
v 0.23315 -0.12327 67.66239
v 0.22353 -0.04655 67.66239
v 0.21520 0.01567 67.66239
v 0.20873 0.06152 67.66239
v 0.20462 0.08959 67.66239
v 0.20321 0.09905 67.66239
v 0.20188 0.08958 67.66239
v 0.19802 0.06147 67.66239
v 0.19195 0.01557 67.66239
v 0.18417 -0.04673 67.66239
v 0.17522 -0.12352 67.66239
v 0.16572 -0.21248 67.66239
v 0.15626 -0.31090 67.66239
v 0.14750 -0.41579 67.66239
v 0.14012 -0.52396 67.66239
v 0.13485 -0.63211 67.66239
v 0.13240 -0.73697 67.66239
v 0.13334 -0.83535 67.66239
v 0.13803 -0.92424 67.66239
v 0.14646 -1.00096 67.66239
v 0.15834 -1.06317 67.66239
v 0.17309 -1.10898 67.66239
v 0.19006 -1.13700 67.66239
v 0.20808 -1.11470 69.70238
v 0.22508 -1.10599 69.70238
v 0.24042 -1.08023 69.70238
v 0.25361 -1.03821 69.70238
v 0.26405 -0.98119 69.70238
v 0.27125 -0.91093 69.70238
v 0.27494 -0.82954 69.70238
v 0.27514 -0.73950 69.70238
v 0.27218 -0.64355 69.70238
v 0.26663 -0.54461 69.70238
v 0.25914 -0.44566 69.70238
v 0.25041 -0.34973 69.70238
v 0.24109 -0.25972 69.70238
v 0.23179 -0.17838 69.70238
v 0.22308 -0.10816 69.70238
v 0.21554 -0.05120 69.70238
v 0.20967 -0.00923 69.70238
v 0.20595 0.01647 69.70238
v 0.20467 0.02512 69.70238
v 0.20345 0.01646 69.70238
v 0.19988 -0.00926 69.70238
v 0.19426 -0.05126 69.70238
v 0.18706 -0.10826 69.70238
v 0.17877 -0.17853 69.70238
v 0.16996 -0.25994 69.70238
v 0.16117 -0.35000 69.70238
v 0.15302 -0.44598 69.70238
v 0.14612 -0.54497 69.70238
v 0.14116 -0.64395 69.70238
v 0.13877 -0.73991 69.70238
v 0.13951 -0.82994 69.70238
v 0.14368 -0.91131 69.70238
v 0.15130 -0.98153 69.70238
v 0.16209 -1.03848 69.70238
v 0.17553 -1.08042 69.70238
v 0.19102 -1.10609 69.70238
v 0.20763 -1.08483 71.76247
v 0.22316 -1.07690 71.76247
v 0.23719 -1.05341 71.76247
v 0.24926 -1.01507 71.76247
v 0.25886 -0.96305 71.76247
v 0.26550 -0.89892 71.76247
v 0.26895 -0.82465 71.76247
v 0.26923 -0.74248 71.76247
v 0.26663 -0.65491 71.76247
v 0.26166 -0.56460 71.76247
v 0.25493 -0.47429 71.76247
v 0.24706 -0.38673 71.76247
v 0.23865 -0.30457 71.76247
v 0.23025 -0.23032 71.76247
v 0.22238 -0.16623 71.76247
v 0.21555 -0.11423 71.76247
v 0.21024 -0.07593 71.76247
v 0.20687 -0.05247 71.76247
v 0.20571 -0.04457 71.76247
v 0.20458 -0.05247 71.76247
v 0.20130 -0.07594 71.76247
v 0.19613 -0.11427 71.76247
v 0.18949 -0.16629 71.76247
v 0.18186 -0.23041 71.76247
v 0.17373 -0.30469 71.76247
v 0.16562 -0.38688 71.76247
v 0.15808 -0.47447 71.76247
v 0.15168 -0.56480 71.76247
v 0.14705 -0.65513 71.76247
v 0.14477 -0.74271 71.76247
v 0.14535 -0.82488 71.76247
v 0.14907 -0.89914 71.76247
v 0.15596 -0.96324 71.76247
v 0.16574 -1.01522 71.76247
v 0.17796 -1.05351 71.76247
v 0.19208 -1.07695 71.76247
v 0.20734 -1.05717 73.84246
v 0.22149 -1.04996 73.84246
v 0.23430 -1.02856 73.84246
v 0.24533 -0.99363 73.84246
v 0.25412 -0.94622 73.84246
v 0.26023 -0.88779 73.84246
v 0.26343 -0.82010 73.84246
v 0.26374 -0.74521 73.84246
v 0.26144 -0.66540 73.84246
v 0.25698 -0.58308 73.84246
v 0.25092 -0.50077 73.84246
v 0.24382 -0.42097 73.84246
v 0.23622 -0.34609 73.84246
v 0.22862 -0.27841 73.84246
v 0.22149 -0.21998 73.84246
v 0.21531 -0.17260 73.84246
v 0.21050 -0.13768 73.84246
v 0.20745 -0.11630 73.84246
v 0.20640 -0.10910 73.84246
v 0.20536 -0.11630 73.84246
v 0.20235 -0.13769 73.84246
v 0.19761 -0.17261 73.84246
v 0.19152 -0.22001 73.84246
v 0.18452 -0.27845 73.84246
v 0.17705 -0.34614 73.84246
v 0.16959 -0.42104 73.84246
v 0.16265 -0.50086 73.84246
v 0.15675 -0.58318 73.84246
v 0.15246 -0.66550 73.84246
v 0.15032 -0.74532 73.84246
v 0.15078 -0.82021 73.84246
v 0.15411 -0.88789 73.84246
v 0.16034 -0.94632 73.84246
v 0.16921 -0.99370 73.84246
v 0.18032 -1.02861 73.84246
v 0.19317 -1.04999 73.84246
v 0.20716 -1.03234 75.94217
v 0.22009 -1.02576 75.94217
v 0.23178 -1.00624 75.94217
v 0.24188 -0.97436 75.94217
v 0.24992 -0.93110 75.94217
v 0.25552 -0.87777 75.94217
v 0.25848 -0.81599 75.94217
v 0.25880 -0.74764 75.94217
v 0.25675 -0.67480 75.94217
v 0.25272 -0.59967 75.94217
v 0.24723 -0.52455 75.94217
v 0.24079 -0.45170 75.94217
v 0.23390 -0.38336 75.94217
v 0.22699 -0.32158 75.94217
v 0.22052 -0.26826 75.94217
v 0.21490 -0.22501 75.94217
v 0.21054 -0.19314 75.94217
v 0.20776 -0.17362 75.94217
v 0.20681 -0.16704 75.94217
v 0.20586 -0.17362 75.94217
v 0.20310 -0.19314 75.94217
v 0.19876 -0.22501 75.94217
v 0.19317 -0.26827 75.94217
v 0.18675 -0.32160 75.94217
v 0.17989 -0.38338 75.94217
v 0.17305 -0.45173 75.94217
v 0.16667 -0.52458 75.94217
v 0.16124 -0.59971 75.94217
v 0.15728 -0.67484 75.94217
v 0.15528 -0.74769 75.94217
v 0.15567 -0.81604 75.94217
v 0.15868 -0.87781 75.94217
v 0.16432 -0.93114 75.94217
v 0.17240 -0.97439 75.94217
v 0.18252 -1.00626 75.94217
v 0.19423 -1.02577 75.94217
v 0.20708 -1.01140 78.06141
v 0.21896 -1.00536 78.06141
v 0.22972 -0.98741 78.06141
v 0.23901 -0.95811 78.06141
v 0.24641 -0.91834 78.06141
v 0.25158 -0.86932 78.06141
v 0.25432 -0.81252 78.06141
v 0.25464 -0.74968 78.06141
v 0.25277 -0.68271 78.06141
v 0.24909 -0.61364 78.06141
v 0.24407 -0.54458 78.06141
v 0.23817 -0.47761 78.06141
v 0.23185 -0.41477 78.06141
v 0.22552 -0.35798 78.06141
v 0.21959 -0.30895 78.06141
v 0.21443 -0.26918 78.06141
v 0.21043 -0.23988 78.06141
v 0.20788 -0.22194 78.06141
v 0.20701 -0.21590 78.06141
v 0.20613 -0.22194 78.06141
v 0.20359 -0.23988 78.06141
v 0.19959 -0.26918 78.06141
v 0.19444 -0.30895 78.06141
v 0.18852 -0.35798 78.06141
v 0.18220 -0.41477 78.06141
v 0.17589 -0.47761 78.06141
v 0.17000 -0.54458 78.06141
v 0.16499 -0.61365 78.06141
v 0.16132 -0.68272 78.06141
v 0.15947 -0.74969 78.06141
v 0.15980 -0.81253 78.06141
v 0.16255 -0.86932 78.06141
v 0.16772 -0.91835 78.06141
v 0.17514 -0.95812 78.06141
v 0.18443 -0.98742 78.06141
v 0.19519 -1.00536 78.06141
v 0.20706 -0.99775 80.20000
v 0.21826 -0.99205 80.20000
v 0.22841 -0.97513 80.20000
v 0.23716 -0.94751 80.20000
v 0.24415 -0.91002 80.20000
v 0.24903 -0.86379 80.20000
v 0.25161 -0.81025 80.20000
v 0.25192 -0.75101 80.20000
v 0.25016 -0.68787 80.20000
v 0.24670 -0.62275 80.20000
v 0.24197 -0.55763 80.20000
v 0.23641 -0.49449 80.20000
v 0.23046 -0.43525 80.20000
v 0.22450 -0.38170 80.20000
v 0.21891 -0.33548 80.20000
v 0.21405 -0.29799 80.20000
v 0.21028 -0.27036 80.20000
v 0.20788 -0.25345 80.20000
v 0.20706 -0.24775 80.20000
v 0.20623 -0.25345 80.20000
v 0.20383 -0.27036 80.20000
v 0.20006 -0.29799 80.20000
v 0.19520 -0.33548 80.20000
v 0.18961 -0.38170 80.20000
v 0.18365 -0.43525 80.20000
v 0.17770 -0.49449 80.20000
v 0.17214 -0.55763 80.20000
v 0.16741 -0.62275 80.20000
v 0.16395 -0.68787 80.20000
v 0.16219 -0.75101 80.20000
v 0.16250 -0.81025 80.20000
v 0.16508 -0.86379 80.20000
v 0.16996 -0.91002 80.20000
v 0.17695 -0.94751 80.20000
v 0.18571 -0.97513 80.20000
v 0.19585 -0.99205 80.20000
vn 0.18750 -0.70029 -0.68879
vn 0.30620 -0.65680 -0.68910
vn 0.41572 -0.59353 -0.68913
vn 0.51262 -0.51232 -0.68902
vn 0.59400 -0.41560 -0.68880
vn 0.65749 -0.30630 -0.68839
vn 0.70099 -0.18750 -0.68809
vn 0.72328 -0.06300 -0.68768
vn 0.72345 0.06350 -0.68745
vn 0.70160 0.18810 -0.68730
vn 0.65822 0.30691 -0.68742
vn 0.59479 0.41629 -0.68769
vn 0.51322 0.51292 -0.68813
vn 0.41612 0.59383 -0.68863
vn 0.30640 0.65660 -0.68920
vn 0.18760 0.69939 -0.68969
vn 0.06310 0.72103 -0.69003
vn -0.06320 0.72093 -0.69012
vn -0.18769 0.69917 -0.68987
vn -0.30660 0.65630 -0.68940
vn -0.41650 0.59360 -0.68860
vn -0.51391 0.51291 -0.68762
vn -0.59610 0.41640 -0.68650
vn -0.66022 0.30711 -0.68542
vn -0.70431 0.18810 -0.68451
vn -0.72697 0.06310 -0.68377
vn -0.72732 -0.06390 -0.68332
vn -0.70531 -0.18910 -0.68321
vn -0.66168 -0.30849 -0.68338
vn -0.59789 -0.41829 -0.68379
vn -0.51577 -0.51527 -0.68446
vn -0.41810 -0.59629 -0.68529
vn -0.30791 -0.65912 -0.68612
vn -0.18850 -0.70179 -0.68699
vn -0.06360 -0.72320 -0.68770
vn 0.06300 -0.72259 -0.68840
vn 0.25721 -0.96634 -0.00530
vn 0.42159 -0.90677 -0.00560
vn 0.57302 -0.81953 -0.00470
vn 0.70690 -0.70730 -0.00280
vn 0.81912 -0.57362 0.00000
vn 0.90631 -0.42260 0.00330
vn 0.96588 -0.25890 0.00650
vn 0.99612 -0.08750 0.00940
vn 0.99620 0.08640 0.01140
vn 0.96620 0.25750 0.01210
vn 0.90708 0.42079 0.01150
vn 0.82061 0.57141 0.00940
vn 0.70929 0.70489 0.00610
vn 0.57638 0.81718 0.00190
vn 0.42581 0.90481 -0.00270
vn 0.26210 0.96501 -0.00710
vn 0.09010 0.99588 -0.01050
vn -0.08480 0.99632 -0.01240
vn -0.25719 0.96628 -0.01240
vn -0.42181 0.90662 -0.01040
vn -0.57331 0.81931 -0.00650
vn -0.70716 0.70706 -0.00120
vn -0.81927 0.57338 0.00480
vn -0.90630 0.42250 0.01080
vn -0.96574 0.25901 0.01610
vn -0.99592 0.08790 0.02020
vn -0.99605 -0.08580 0.02280
vn -0.96618 -0.25679 0.02360
vn -0.90714 -0.42022 0.02260
vn -0.82070 -0.57100 0.02010
vn -0.70931 -0.70471 0.01640
vn -0.57621 -0.81721 0.01200
vn -0.42551 -0.90492 0.00730
vn -0.26171 -0.96514 0.00290
vn -0.08970 -0.99597 -0.00090
vn 0.08500 -0.99637 -0.00370
vn 0.25490 -0.96689 -0.01250
vn 0.42059 -0.90717 -0.01200
vn 0.57312 -0.81943 -0.00850
vn 0.70770 -0.70650 -0.00250
vn 0.82022 -0.57202 0.00530
vn 0.90719 -0.42049 0.01400
vn 0.96620 -0.25680 0.02260
vn 0.99585 -0.08600 0.02990
vn 0.99562 0.08670 0.03490
vn 0.96590 0.25630 0.03680
vn 0.90772 0.41811 0.03510
vn 0.82270 0.56770 0.02980
vn 0.71307 0.70077 0.02140
vn 0.58172 0.81332 0.01060
vn 0.43211 0.90182 -0.00130
vn 0.26850 0.96320 -0.01270
vn 0.09590 0.99514 -0.02220
vn -0.08050 0.99636 -0.02820
vn -0.25481 0.96654 -0.02960
vn -0.42120 0.90660 -0.02600
vn -0.57410 0.81859 -0.01790
vn -0.70849 0.70569 -0.00660
vn -0.82050 0.57160 0.00650
vn -0.90689 0.42090 0.01980
vn -0.96560 0.25810 0.03160
vn -0.99525 0.08840 0.04080
vn -0.99542 -0.08360 0.04640
vn -0.96627 -0.25299 0.04810
vn -0.90858 -0.41519 0.04590
vn -0.82369 -0.56560 0.04040
vn -0.71380 -0.69960 0.03220
vn -0.58188 -0.81297 0.02250
vn -0.43159 -0.90198 0.01240
vn -0.26749 -0.96356 0.00300
vn -0.09470 -0.99549 -0.00470
vn 0.08130 -0.99664 -0.01010
vn 0.25181 -0.96754 -0.02150
vn 0.42049 -0.90708 -0.01970
vn 0.57543 -0.81775 -0.01290
vn 0.71139 -0.70279 -0.00170
vn 0.82402 -0.56642 0.01250
vn 0.90998 -0.41369 0.02810
vn 0.96734 -0.24981 0.04310
vn 0.99520 -0.08040 0.05580
vn 0.99389 0.08970 0.06430
vn 0.96437 0.25579 0.06750
vn 0.90789 0.41420 0.06460
vn 0.82589 0.56109 0.05550
vn 0.71979 0.69299 0.04080
vn 0.59173 0.80584 0.02210
vn 0.44421 0.89592 0.00120
vn 0.28100 0.95951 -0.01920
vn 0.10670 0.99362 -0.03640
vn -0.07290 0.99620 -0.04760
vn -0.25151 0.96652 -0.05080
vn -0.42211 0.90542 -0.04510
vn -0.57767 0.81566 -0.03160
vn -0.71313 0.70093 -0.01240
vn -0.82449 0.56579 0.00970
vn -0.90921 0.41511 0.03190
vn -0.96581 0.25410 0.05150
vn -0.99394 0.08740 0.06670
vn -0.99384 -0.08070 0.07590
vn -0.96597 -0.24639 0.07870
vn -0.91088 -0.40579 0.07510
vn -0.82931 -0.55490 0.06580
vn -0.72249 -0.68940 0.05230
vn -0.59282 -0.80453 0.03610
vn -0.44333 -0.89615 0.01920
vn -0.27860 -0.96040 0.00340
vn -0.10381 -0.99455 -0.00940
vn 0.07500 -0.99702 -0.01800
vn 0.24811 -0.96823 -0.03110
vn 0.42231 -0.90602 -0.02780
vn 0.58142 -0.81343 -0.01700
vn 0.71959 -0.69439 0.00030
vn 0.83198 -0.55438 0.02180
vn 0.91572 -0.39931 0.04490
vn 0.96959 -0.23540 0.06690
vn 0.99402 -0.06850 0.08500
vn 0.99056 0.09680 0.09710
vn 0.96112 0.25680 0.10150
vn 0.90734 0.40897 0.09729
vn 0.83023 0.55102 0.08430
vn 0.73029 0.68019 0.06340
vn 0.60789 0.79319 0.03620
vn 0.46421 0.88571 0.00560
vn 0.30181 0.95304 -0.02480
vn 0.12480 0.99088 -0.05080
vn -0.06080 0.99582 -0.06810
vn -0.24760 0.96609 -0.07330
vn -0.42571 0.90252 -0.06510
vn -0.58621 0.80891 -0.04500
vn -0.72307 0.69057 -0.01670
vn -0.83283 0.55332 0.01540
vn -0.91395 0.40308 0.04720
vn -0.96658 0.24519 0.07490
vn -0.99184 0.08390 0.09600
vn -0.99104 -0.07750 0.10880
vn -0.96507 -0.23659 0.11250
vn -0.91410 -0.39100 0.10740
vn -0.83794 -0.53753 0.09441
vn -0.73652 -0.67222 0.07520
vn -0.61067 -0.79017 0.05210
vn -0.46281 -0.88602 0.02770
vn -0.29690 -0.95490 0.00480
vn -0.11861 -0.99284 -0.01390
vn 0.06550 -0.99751 -0.02630
vn 0.24391 -0.96895 -0.04050
vn 0.42690 -0.90360 -0.03540
vn 0.59262 -0.80523 -0.01990
vn 0.73363 -0.67953 0.00420
vn 0.84508 -0.53359 0.03360
vn 0.92470 -0.37520 0.06450
vn 0.97288 -0.21170 0.09320
vn 0.99198 -0.04900 0.11650
vn 0.98531 0.10880 0.13160
vn 0.95598 0.25949 0.13700
vn 0.90600 0.40230 0.13160
vn 0.83587 0.53668 0.11530
vn 0.74478 0.66139 0.08870
vn 0.63118 0.77377 0.05380
vn 0.49402 0.86934 0.01350
vn 0.33361 0.94231 -0.02740
vn 0.15280 0.98623 -0.06330
vn -0.04270 0.99523 -0.08770
vn -0.24310 0.96531 -0.09530
vn -0.43392 0.89704 -0.08380
vn -0.60179 0.79669 -0.05590
vn -0.74018 0.67218 -0.01740
vn -0.84649 0.53180 0.02530
vn -0.92152 0.38261 0.06640
vn -0.96792 0.22980 0.10160
vn -0.98881 0.07700 0.12780
vn -0.98687 -0.07430 0.14340
vn -0.96343 -0.22351 0.14780
vn -0.91822 -0.37001 0.14130
vn -0.84975 -0.51217 0.12489
vn -0.75624 -0.64653 0.10051
vn -0.63658 -0.76798 0.07050
vn -0.49159 -0.86998 0.03830
vn -0.32449 -0.94586 0.00770
vn -0.14070 -0.98990 -0.01760
vn 0.05190 -0.99806 -0.03430
vn 0.23940 -0.96968 -0.04900
vn 0.43559 -0.89918 -0.04180
vn 0.61063 -0.79164 -0.02080
vn 0.75497 -0.65567 0.01090
vn 0.86380 -0.50150 0.04850
vn 0.93666 -0.33929 0.08690
vn 0.97663 -0.17730 0.12150
vn 0.98864 -0.02130 0.14881
vn 0.97802 0.12590 0.16620
vn 0.94902 0.26401 0.17220
vn 0.90392 0.39421 0.16590
vn 0.84269 0.51789 0.14720
vn 0.76319 0.63559 0.11650
vn 0.66197 0.74576 0.07510
vn 0.53490 0.84451 0.02620
vn 0.37910 0.92501 -0.02520
vn 0.19399 0.97837 -0.07180
vn -0.01590 0.99438 -0.10470
vn -0.23819 0.96436 -0.11520
vn -0.44911 0.88793 -0.09940
vn -0.62741 0.77621 -0.06210
vn -0.76610 0.64260 -0.01240
vn -0.86593 0.49851 0.04070
vn -0.93169 0.35190 0.09010
vn -0.96947 0.20729 0.13100
vn -0.98475 0.06640 0.16079
vn -0.98142 -0.07130 0.17810
vn -0.96107 -0.20729 0.18269
vn -0.92291 -0.34290 0.17510
vn -0.86428 -0.47819 0.15610
vn -0.78149 -0.61079 0.12730
vn -0.67101 -0.73581 0.09130
vn -0.53119 -0.84568 0.05160
vn -0.36321 -0.93162 0.01300
vn -0.17210 -0.98489 -0.01950
vn 0.03290 -0.99861 -0.04120
vn 0.23450 -0.97050 -0.05600
vn 0.45001 -0.89182 -0.04630
vn 0.63734 -0.77035 -0.01890
vn 0.78440 -0.61990 0.02080
vn 0.88772 -0.45561 0.06620
vn 0.95054 -0.29011 0.11091
vn 0.97985 -0.13209 0.14979
vn 0.98366 0.01410 0.17949
vn 0.96902 0.14760 0.19800
vn 0.94091 0.27010 0.20430
vn 0.90160 0.38480 0.19760
vn 0.85062 0.49481 0.17780
vn 0.78502 0.60231 0.14480
vn 0.69968 0.70748 0.09960
vn 0.58757 0.80796 0.04430
vn 0.44098 0.89737 -0.01630
vn 0.25340 0.96451 -0.07420
vn 0.02380 0.99281 -0.11730
vn -0.23311 0.96353 -0.13140
vn -0.47519 0.87299 -0.10990
vn -0.66639 0.74309 -0.06110
vn -0.80201 0.59731 0.00020
vn -0.89064 0.45042 0.06230
vn -0.94352 0.30981 0.11740
vn -0.97080 0.17740 0.16150
vn -0.97989 0.05210 0.19260
vn -0.97524 -0.06870 0.21021
vn -0.95836 -0.18839 0.21459
vn -0.92805 -0.31022 0.20611
vn -0.88072 -0.43581 0.18550
vn -0.81110 -0.56430 0.15390
vn -0.71322 -0.69172 0.11330
vn -0.58188 -0.81048 0.06740
vn -0.41499 -0.90958 0.02110
vn -0.21541 -0.97634 -0.01910
vn 0.00690 -0.99890 -0.04640
vn 0.22931 -0.97144 -0.06100
vn 0.47187 -0.88035 -0.04820
vn 0.67442 -0.73822 -0.01400
vn 0.82180 -0.56880 0.03350
vn 0.91520 -0.39390 0.08510
vn 0.96452 -0.22770 0.13360
vn 0.98166 -0.07730 0.17429
vn 0.97730 0.05570 0.20440
vn 0.95942 0.17270 0.22290
vn 0.93303 0.27761 0.22891
vn 0.90008 0.37469 0.22240
vn 0.85999 0.46829 0.20280
vn 0.80949 0.56199 0.17000
vn 0.74271 0.65801 0.12410
vn 0.65083 0.75633 0.06620
vn 0.52129 0.85338 -0.00040
vn 0.33760 0.93879 -0.06850
vn 0.08410 0.98876 -0.12360
vn -0.22789 0.96317 -0.14270
vn -0.51848 0.84757 -0.11310
vn -0.72250 0.68950 -0.05090
vn -0.84749 0.53040 0.02080
vn -0.91860 0.38520 0.08830
vn -0.95566 0.25619 0.14519
vn -0.97183 0.14080 0.18901
vn -0.97511 0.03470 0.21900
vn -0.96956 -0.06670 0.23559
vn -0.95632 -0.16800 0.23921
vn -0.93389 -0.27360 0.23020
vn -0.89831 -0.38641 0.20910
vn -0.84337 -0.50748 0.17659
vn -0.76108 -0.63469 0.13390
vn -0.64276 -0.76146 0.08390
vn -0.48090 -0.87621 0.03150
vn -0.27311 -0.96185 -0.01600
vn -0.02830 -0.99838 -0.04940
vn 0.22400 -0.97252 -0.06350
vn 0.50338 -0.86277 -0.04720
vn 0.72227 -0.69158 -0.00650
vn 0.86489 -0.49979 0.04670
vn 0.94315 -0.31662 0.10111
vn 0.97659 -0.15450 0.14970
vn 0.98184 -0.01610 0.18901
vn 0.97085 0.10070 0.21749
vn 0.95136 0.19969 0.23459
vn 0.92767 0.28599 0.24009
vn 0.90132 0.36451 0.23400
vn 0.87159 0.44009 0.21600
vn 0.83567 0.51688 0.18569
vn 0.78840 0.59840 0.14260
vn 0.72093 0.68753 0.08700
vn 0.61818 0.78578 0.02020
vn 0.45272 0.89003 -0.05380
vn 0.17820 0.97648 -0.12140
vn -0.22281 0.96364 -0.14751
vn -0.58890 0.80120 -0.10620
vn -0.79693 0.60332 -0.03020
vn -0.89849 0.43649 0.04680
vn -0.94624 0.30291 0.11350
vn -0.96682 0.19330 0.16700
vn -0.97326 0.09960 0.20699
vn -0.97217 0.01520 0.23379
vn -0.96652 -0.06540 0.24811
vn -0.95683 -0.14740 0.25051
vn -0.94144 -0.23541 0.24141
vn -0.91657 -0.33319 0.22109
vn -0.87613 -0.44322 0.18961
vn -0.81124 -0.56573 0.14781
vn -0.71032 -0.69712 0.09730
vn -0.55971 -0.82762 0.04210
vn -0.34730 -0.93769 -0.01070
vn -0.07540 -0.99591 -0.04970
vn 0.21841 -0.97383 -0.06290
vn 0.54530 -0.83710 -0.04370
vn 0.77834 -0.62784 0.00130
vn 0.90850 -0.41420 0.05530
vn 0.96753 -0.22901 0.10700
vn 0.98550 -0.07700 0.15120
vn 0.98151 0.04590 0.18580
vn 0.96677 0.14520 0.21039
vn 0.94771 0.22640 0.22490
vn 0.92756 0.29489 0.22949
vn 0.90741 0.35550 0.22410
vn 0.88669 0.41269 0.20850
vn 0.86329 0.47060 0.18240
vn 0.83351 0.53300 0.14550
vn 0.79087 0.60418 0.09740
vn 0.72232 0.69052 0.03790
vn 0.59721 0.80142 -0.03260
vn 0.32699 0.93876 -0.10870
vn -0.21839 0.96516 -0.14409
vn -0.69823 0.71063 -0.08650
vn -0.88229 0.47070 -0.00190
vn -0.94607 0.31629 0.07010
vn -0.96954 0.20881 0.12801
vn -0.97677 0.12630 0.17310
vn -0.97682 0.05750 0.20620
vn -0.97363 -0.00450 0.22811
vn -0.96878 -0.06490 0.23929
vn -0.96220 -0.12820 0.24030
vn -0.95230 -0.19870 0.23160
vn -0.93587 -0.28059 0.21309
vn -0.90761 -0.37690 0.18490
vn -0.85920 -0.49000 0.14720
vn -0.77810 -0.62000 0.10080
vn -0.64537 -0.76236 0.04800
vn -0.43609 -0.89988 -0.00550
vn -0.13580 -0.98959 -0.04770
vn 0.21261 -0.97534 -0.05930
vn 0.59383 -0.80365 -0.03890
vn 0.83398 -0.55178 0.00420
vn 0.94503 -0.32291 0.05140
vn 0.98519 -0.14370 0.09350
vn 0.99176 -0.00600 0.12799
vn 0.98287 0.10060 0.15440
vn 0.96763 0.18401 0.17271
vn 0.95078 0.24990 0.18320
vn 0.93457 0.30329 0.18599
vn 0.91969 0.34840 0.18110
vn 0.90559 0.38920 0.16860
vn 0.89117 0.42878 0.14819
vn 0.87424 0.47042 0.12001
vn 0.85140 0.51780 0.08370
vn 0.81560 0.57730 0.03910
vn 0.74613 0.66563 -0.01530
vn 0.54579 0.83359 -0.08510
vn -0.21489 0.96777 -0.13130
vn -0.84445 0.53297 -0.05330
vn -0.95499 0.29580 0.02210
vn -0.97958 0.18610 0.07610
vn -0.98609 0.11700 0.11810
vn -0.98648 0.06460 0.15060
vn -0.98446 0.01990 0.17449
vn -0.98154 -0.02200 0.19001
vn -0.97812 -0.06470 0.19770
vn -0.97388 -0.11190 0.19760
vn -0.96742 -0.16730 0.19000
vn -0.95628 -0.23439 0.17490
vn -0.93620 -0.31670 0.15240
vn -0.90034 -0.41762 0.12241
vn -0.83716 -0.54028 0.08520
vn -0.72582 -0.68662 0.04170
vn -0.52919 -0.84849 -0.00500
vn -0.20570 -0.97759 -0.04470
vn 0.20650 -0.97702 -0.05280
vn 0.63510 -0.77160 -0.03580
vn 0.87472 -0.48461 -0.00430
vn 0.96776 -0.25049 0.02630
vn 0.99539 -0.08110 0.05130
vn 0.99656 0.04340 0.07060
vn 0.98689 0.13760 0.08440
vn 0.97332 0.20961 0.09330
vn 0.95929 0.26510 0.09740
vn 0.94633 0.30831 0.09700
vn 0.93491 0.34270 0.09220
vn 0.92464 0.37162 0.08330
vn 0.91487 0.39759 0.07030
vn 0.90470 0.42270 0.05340
vn 0.89299 0.44889 0.03270
vn 0.87757 0.47938 0.00830
vn 0.85152 0.52391 -0.02050
vn 0.76680 0.63900 -0.06080
vn -0.20980 0.97110 -0.11380
vn -0.96098 0.27589 -0.02000
vn -0.99058 0.13520 0.02160
vn -0.99529 0.08390 0.04850
vn -0.99632 0.04980 0.06970
vn -0.99604 0.02110 0.08640
vn -0.99510 -0.00590 0.09870
vn -0.99374 -0.03350 0.10660
vn -0.99186 -0.06400 0.11010
vn -0.98894 -0.10010 0.10940
vn -0.98391 -0.14490 0.10450
vn -0.97486 -0.20139 0.09530
vn -0.95856 -0.27289 0.08180
vn -0.92960 -0.36300 0.06390
vn -0.87820 -0.47650 0.04150
vn -0.78426 -0.62026 0.01470
vn -0.60419 -0.79669 -0.01550
vn -0.26869 -0.96227 -0.04300
vn 0.20019 -0.97886 -0.04180
vn 0.65651 -0.75371 -0.03030
vn 0.89343 -0.44901 -0.01320
vn 0.97648 -0.21560 0.00050
vn 0.99851 -0.05360 0.00980
vn 0.99788 0.06320 0.01550
vn 0.98841 0.15070 0.01830
vn 0.97599 0.21700 0.01870
vn 0.96343 0.26741 0.01710
vn 0.95206 0.30559 0.01380
vn 0.94218 0.33499 0.00910
vn 0.93357 0.35839 0.00320
vn 0.92580 0.37800 -0.00360
vn 0.91849 0.39529 -0.01110
vn 0.91134 0.41122 -0.01910
vn 0.90421 0.42620 -0.02750
vn 0.89643 0.44172 -0.03600
vn 0.87985 0.47297 -0.04640
vn -0.20230 0.97488 -0.09320
vn -0.99594 0.09000 -0.00120
vn -0.99847 0.05470 0.00800
vn -0.99921 0.03720 0.01420
vn -0.99960 0.02070 0.01930
vn -0.99973 0.00320 0.02320
vn -0.99954 -0.01560 0.02590
vn -0.99895 -0.03660 0.02740
vn -0.99772 -0.06150 0.02770
vn -0.99536 -0.09240 0.02670
vn -0.99095 -0.13201 0.02440
vn -0.98284 -0.18331 0.02070
vn -0.96833 -0.24921 0.01540
vn -0.94274 -0.33342 0.00840
vn -0.89745 -0.44112 -0.00070
vn -0.81352 -0.58141 -0.01190
vn -0.64547 -0.76336 -0.02540
vn -0.30791 -0.95064 -0.03850
vn 0.19390 -0.98071 -0.02470
vn 0.66138 -0.74987 -0.01660
vn 0.89778 -0.44039 -0.00710
vn 0.97796 -0.20879 -0.00100
vn 0.99874 -0.05020 0.00200
vn 0.99797 0.06360 0.00280
vn 0.98890 0.14860 0.00190
vn 0.97708 0.21289 -0.00040
vn 0.96517 0.26159 -0.00380
vn 0.95441 0.29840 -0.00780
vn 0.94512 0.32651 -0.01220
vn 0.93715 0.34852 -0.01680
vn 0.93010 0.36670 -0.02130
vn 0.92364 0.38242 -0.02550
vn 0.91769 0.39620 -0.02940
vn 0.91243 0.40792 -0.03270
vn 0.90822 0.41701 -0.03520
vn 0.90542 0.42291 -0.03680
vn -0.19479 0.97917 -0.05730
vn -0.99887 0.04670 0.00920
vn -0.99914 0.04030 0.00930
vn -0.99950 0.03020 0.00930
vn -0.99981 0.01730 0.00920
vn -0.99996 0.00230 0.00900
vn -0.99986 -0.01460 0.00840
vn -0.99939 -0.03410 0.00760
vn -0.99832 -0.05760 0.00660
vn -0.99619 -0.08700 0.00530
vn -0.99212 -0.12520 0.00360
vn -0.98462 -0.17470 0.00150
vn -0.97109 -0.23870 -0.00110
vn -0.94713 -0.32081 -0.00440
vn -0.90453 -0.42632 -0.00860
vn -0.82498 -0.56499 -0.01370
vn -0.66271 -0.74861 -0.01970
vn -0.32631 -0.94493 -0.02500
vn 0.18739 -0.98227 0.00590
vn 0.66111 -0.75021 0.01050
vn 0.89813 -0.43952 0.01350
vn 0.97770 -0.20950 0.01480
vn 0.99849 -0.05290 0.01500
vn 0.99814 0.05920 0.01420
vn 0.98967 0.14280 0.01250
vn 0.97846 0.20619 0.01020
vn 0.96715 0.25411 0.00720
vn 0.95690 0.29040 0.00370
vn 0.94806 0.31809 -0.00000
vn 0.94046 0.33989 -0.00380
vn 0.93377 0.35779 -0.00750
vn 0.92760 0.37340 -0.01100
vn 0.92198 0.38699 -0.01400
vn 0.91698 0.39859 -0.01650
vn 0.91293 0.40771 -0.01830
vn 0.91030 0.41350 -0.01950
vn -0.18700 0.98228 0.01270
vn -0.99845 0.04930 0.02600
vn -0.99875 0.04290 0.02560
vn -0.99914 0.03300 0.02500
vn -0.99950 0.02040 0.02420
vn -0.99972 0.00560 0.02320
vn -0.99970 -0.01110 0.02190
vn -0.99934 -0.03020 0.02040
vn -0.99841 -0.05330 0.01860
vn -0.99647 -0.08230 0.01660
vn -0.99269 -0.11980 0.01440
vn -0.98563 -0.16850 0.01210
vn -0.97277 -0.23159 0.00960
vn -0.94989 -0.31250 0.00700
vn -0.90899 -0.41680 0.00440
vn -0.83199 -0.55479 0.00220
vn -0.67328 -0.73938 0.00100
vn -0.33840 -0.94100 0.00210
vn 0.18071 -0.98314 0.02780
vn 0.66211 -0.74882 0.02970
vn 0.89912 -0.43681 0.02780
vn 0.97760 -0.20890 0.02560
vn 0.99821 -0.05490 0.02370
vn 0.99824 0.05510 0.02180
vn 0.99036 0.13709 0.01970
vn 0.97980 0.19920 0.01740
vn 0.96908 0.24630 0.01470
vn 0.95934 0.28201 0.01170
vn 0.95092 0.30931 0.00860
vn 0.94372 0.33071 0.00540
vn 0.93731 0.34850 0.00230
vn 0.93148 0.36379 -0.00050
vn 0.92612 0.37721 -0.00290
vn 0.92131 0.38880 -0.00480
vn 0.91750 0.39770 -0.00620
vn 0.91494 0.40352 -0.00700
vn -0.17890 0.98178 0.06400
vn -0.99798 0.05160 0.03710
vn -0.99830 0.04540 0.03650
vn -0.99874 0.03560 0.03550
vn -0.99915 0.02310 0.03410
vn -0.99943 0.00870 0.03260
vn -0.99950 -0.00770 0.03080
vn -0.99923 -0.02660 0.02880
vn -0.99843 -0.04920 0.02660
vn -0.99668 -0.07770 0.02420
vn -0.99320 -0.11440 0.02170
vn -0.98656 -0.16229 0.01920
vn -0.97440 -0.22420 0.01690
vn -0.95269 -0.30360 0.01480
vn -0.91360 -0.40640 0.01340
vn -0.83957 -0.54308 0.01330
vn -0.68519 -0.72819 0.01550
vn -0.35261 -0.93553 0.02120
vn 0.17410 -0.98430 0.02910
vn 0.66289 -0.74809 0.03060
vn 0.90009 -0.43479 0.02820
vn 0.97760 -0.20890 0.02580
vn 0.99808 -0.05720 0.02370
vn 0.99848 0.05070 0.02180
vn 0.99116 0.13119 0.01980
vn 0.98120 0.19220 0.01750
vn 0.97103 0.23851 0.01490
vn 0.96180 0.27350 0.01210
vn 0.95377 0.30039 0.00910
vn 0.94689 0.32150 0.00600
vn 0.94078 0.33899 0.00310
vn 0.93521 0.35410 0.00040
vn 0.93010 0.36730 -0.00190
vn 0.92551 0.37870 -0.00370
vn 0.92181 0.38761 -0.00500
vn 0.91939 0.39330 -0.00570
vn -0.17210 0.98279 0.06720
vn -0.99787 0.05400 0.03660
vn -0.99820 0.04790 0.03600
vn -0.99865 0.03830 0.03500
vn -0.99909 0.02600 0.03380
vn -0.99941 0.01180 0.03220
vn -0.99953 -0.00430 0.03050
vn -0.99933 -0.02280 0.02850
vn -0.99864 -0.04500 0.02640
vn -0.99705 -0.07290 0.02410
vn -0.99380 -0.10900 0.02170
vn -0.98757 -0.15600 0.01930
vn -0.97609 -0.21670 0.01700
vn -0.95544 -0.29481 0.01510
vn -0.91807 -0.39619 0.01380
vn -0.84689 -0.53159 0.01380
vn -0.69659 -0.71729 0.01630
vn -0.36619 -0.93027 0.02240
vn 0.16730 -0.98548 0.02890
vn 0.66380 -0.74730 0.03020
vn 0.90121 -0.43250 0.02760
vn 0.97766 -0.20869 0.02510
vn 0.99796 -0.05950 0.02310
vn 0.99870 0.04640 0.02120
vn 0.99193 0.12530 0.01930
vn 0.98257 0.18509 0.01710
vn 0.97296 0.23049 0.01460
vn 0.96418 0.26499 0.01190
vn 0.95659 0.29130 0.00900
vn 0.95003 0.31211 0.00610
vn 0.94422 0.32931 0.00320
vn 0.93893 0.34411 0.00070
vn 0.93402 0.35721 -0.00150
vn 0.92967 0.36839 -0.00330
vn 0.92612 0.37721 -0.00450
vn 0.92381 0.38281 -0.00530
vn -0.16551 0.98394 0.06680
vn -0.99778 0.05640 0.03540
vn -0.99813 0.05030 0.03480
vn -0.99859 0.04090 0.03390
vn -0.99905 0.02890 0.03260
vn -0.99940 0.01490 0.03120
vn -0.99956 -0.00090 0.02950
vn -0.99944 -0.01900 0.02770
vn -0.99884 -0.04080 0.02560
vn -0.99740 -0.06810 0.02340
vn -0.99441 -0.10350 0.02110
vn -0.98857 -0.14960 0.01880
vn -0.97773 -0.20921 0.01660
vn -0.95814 -0.28591 0.01470
vn -0.92252 -0.38571 0.01350
vn -0.85419 -0.51979 0.01360
vn -0.70812 -0.70592 0.01600
vn -0.38001 -0.92472 0.02220
vn 0.16050 -0.98662 0.02870
vn 0.66508 -0.74618 0.02980
vn 0.90248 -0.42989 0.02700
vn 0.97776 -0.20829 0.02450
vn 0.99784 -0.06170 0.02250
vn 0.99890 0.04210 0.02070
vn 0.99267 0.11940 0.01880
vn 0.98389 0.17800 0.01670
vn 0.97483 0.22251 0.01430
vn 0.96652 0.25631 0.01170
vn 0.95934 0.28211 0.00890
vn 0.95313 0.30251 0.00610
vn 0.94761 0.31940 0.00340
vn 0.94254 0.33408 0.00090
vn 0.93790 0.34690 -0.00120
vn 0.93371 0.35801 -0.00290
vn 0.93037 0.36659 -0.00410
vn 0.92818 0.37209 -0.00480
vn -0.15880 0.98508 0.06640
vn -0.99770 0.05860 0.03410
vn -0.99805 0.05260 0.03360
vn -0.99852 0.04340 0.03270
vn -0.99900 0.03160 0.03150
vn -0.99938 0.01800 0.03010
vn -0.99959 0.00250 0.02850
vn -0.99952 -0.01530 0.02680
vn -0.99902 -0.03660 0.02480
vn -0.99773 -0.06340 0.02270
vn -0.99497 -0.09810 0.02050
vn -0.98952 -0.14320 0.01830
vn -0.97933 -0.20161 0.01620
vn -0.96082 -0.27681 0.01440
vn -0.92693 -0.37501 0.01330
vn -0.86142 -0.50771 0.01340
vn -0.71970 -0.69410 0.01580
vn -0.39431 -0.91872 0.02190
vn 0.15370 -0.98771 0.02850
vn 0.66672 -0.74473 0.02940
vn 0.90387 -0.42699 0.02640
vn 0.97790 -0.20770 0.02380
vn 0.99772 -0.06380 0.02180
vn 0.99908 0.03780 0.02010
vn 0.99338 0.11340 0.01830
vn 0.98517 0.17080 0.01620
vn 0.97665 0.21439 0.01400
vn 0.96882 0.24750 0.01150
vn 0.96203 0.27281 0.00880
vn 0.95612 0.29291 0.00610
vn 0.95092 0.30941 0.00350
vn 0.94612 0.32381 0.00110
vn 0.94168 0.33649 -0.00090
vn 0.93774 0.34732 -0.00250
vn 0.93456 0.35579 -0.00360
vn 0.93248 0.36119 -0.00430
vn -0.15200 0.98618 0.06590
vn -0.99762 0.06070 0.03280
vn -0.99797 0.05490 0.03230
vn -0.99845 0.04580 0.03150
vn -0.99895 0.03430 0.03040
vn -0.99936 0.02090 0.02900
vn -0.99960 0.00580 0.02760
vn -0.99960 -0.01160 0.02590
vn -0.99918 -0.03250 0.02400
vn -0.99803 -0.05870 0.02210
vn -0.99550 -0.09260 0.01990
vn -0.99045 -0.13671 0.01780
vn -0.98089 -0.19390 0.01580
vn -0.96342 -0.26761 0.01410
vn -0.93127 -0.36409 0.01300
vn -0.86869 -0.49519 0.01310
vn -0.73148 -0.68168 0.01550
vn -0.40891 -0.91232 0.02170
vn 0.14691 -0.98875 0.02830
vn 0.66869 -0.74298 0.02890
vn 0.90543 -0.42371 0.02570
vn 0.97809 -0.20690 0.02310
vn 0.99761 -0.06570 0.02120
vn 0.99924 0.03370 0.01950
vn 0.99405 0.10751 0.01770
vn 0.98640 0.16360 0.01580
vn 0.97841 0.20620 0.01360
vn 0.97105 0.23859 0.01130
vn 0.96464 0.26341 0.00870
vn 0.95907 0.28309 0.00610
vn 0.95415 0.29931 0.00360
vn 0.94962 0.31341 0.00140
vn 0.94543 0.32581 -0.00060
vn 0.94168 0.33649 -0.00210
vn 0.93867 0.34479 -0.00320
vn 0.93667 0.35019 -0.00390
vn -0.14530 0.98722 0.06540
vn -0.99754 0.06270 0.03150
vn -0.99789 0.05700 0.03100
vn -0.99839 0.04810 0.03020
vn -0.99889 0.03690 0.02920
vn -0.99932 0.02380 0.02800
vn -0.99961 0.00900 0.02660
vn -0.99966 -0.00800 0.02500
vn -0.99933 -0.02840 0.02320
vn -0.99831 -0.05400 0.02140
vn -0.99600 -0.08720 0.01940
vn -0.99132 -0.13030 0.01730
vn -0.98239 -0.18620 0.01540
vn -0.96594 -0.25841 0.01380
vn -0.93553 -0.35301 0.01270
vn -0.87584 -0.48242 0.01280
vn -0.74329 -0.66879 0.01530
vn -0.42388 -0.90546 0.02150
vn 0.14011 -0.98974 0.02810
vn 0.67111 -0.74081 0.02840
vn 0.90722 -0.41991 0.02510
vn 0.97834 -0.20581 0.02240
vn 0.99751 -0.06750 0.02050
vn 0.99939 0.02950 0.01890
vn 0.99468 0.10160 0.01720
vn 0.98757 0.15640 0.01540
vn 0.98011 0.19800 0.01330
vn 0.97320 0.22970 0.01100
vn 0.96717 0.25399 0.00860
vn 0.96194 0.27321 0.00610
vn 0.95729 0.28910 0.00370
vn 0.95302 0.30291 0.00160
vn 0.94906 0.31509 -0.00030
vn 0.94554 0.32551 -0.00180
vn 0.94268 0.33369 -0.00280
vn 0.94078 0.33899 -0.00340
vn -0.13860 0.98821 0.06500
vn -0.99746 0.06450 0.03030
vn -0.99782 0.05890 0.02980
vn -0.99831 0.05030 0.02900
vn -0.99883 0.03930 0.02810
vn -0.99929 0.02650 0.02690
vn -0.99960 0.01200 0.02560
vn -0.99970 -0.00450 0.02410
vn -0.99945 -0.02440 0.02240
vn -0.99856 -0.04950 0.02060
vn -0.99647 -0.08180 0.01870
vn -0.99215 -0.12389 0.01680
vn -0.98384 -0.17841 0.01500
vn -0.96841 -0.24900 0.01340
vn -0.93969 -0.34180 0.01240
vn -0.88290 -0.46940 0.01260
vn -0.75516 -0.65537 0.01500
vn -0.43918 -0.89815 0.02120
vn 0.13330 -0.99068 0.02790
vn 0.67390 -0.73830 0.02800
vn 0.90912 -0.41581 0.02440
vn 0.97862 -0.20451 0.02170
vn 0.99741 -0.06920 0.01980
vn 0.99951 0.02550 0.01830
vn 0.99526 0.09580 0.01670
vn 0.98869 0.14920 0.01490
vn 0.98174 0.18981 0.01300
vn 0.97528 0.22070 0.01080
vn 0.96964 0.24441 0.00850
vn 0.96472 0.26321 0.00610
vn 0.96034 0.27881 0.00380
vn 0.95632 0.29231 0.00180
vn 0.95261 0.30420 -0.00000
vn 0.94929 0.31440 -0.00140
vn 0.94660 0.32240 -0.00240
vn 0.94481 0.32760 -0.00300
vn -0.13180 0.98918 0.06440
vn -0.99738 0.06620 0.02900
vn -0.99775 0.06070 0.02850
vn -0.99824 0.05230 0.02780
vn -0.99877 0.04160 0.02690
vn -0.99924 0.02910 0.02580
vn -0.99958 0.01500 0.02460
vn -0.99973 -0.00120 0.02320
vn -0.99955 -0.02060 0.02160
vn -0.99879 -0.04500 0.01990
vn -0.99691 -0.07650 0.01810
vn -0.99294 -0.11750 0.01630
vn -0.98521 -0.17070 0.01460
vn -0.97078 -0.23960 0.01310
vn -0.94377 -0.33039 0.01210
vn -0.88990 -0.45600 0.01230
vn -0.76704 -0.64143 0.01470
vn -0.45482 -0.89034 0.02100
vn 0.12650 -0.99158 0.02760
vn 0.67714 -0.73534 0.02740
vn 0.91125 -0.41118 0.02370
vn 0.97898 -0.20289 0.02100
vn 0.99732 -0.07060 0.01920
vn 0.99961 0.02160 0.01770
vn 0.99581 0.09000 0.01610
vn 0.98976 0.14199 0.01450
vn 0.98329 0.18160 0.01260
vn 0.97728 0.21170 0.01060
vn 0.97201 0.23480 0.00840
vn 0.96740 0.25320 0.00610
vn 0.96330 0.26840 0.00390
vn 0.95953 0.28161 0.00200
vn 0.95605 0.29321 0.00030
vn 0.95292 0.30321 -0.00110
vn 0.95038 0.31109 -0.00200
vn 0.94872 0.31611 -0.00260
vn -0.12520 0.99007 0.06390
vn -0.99732 0.06770 0.02770
vn -0.99768 0.06240 0.02730
vn -0.99818 0.05420 0.02660
vn -0.99871 0.04370 0.02570
vn -0.99920 0.03160 0.02470
vn -0.99956 0.01780 0.02360
vn -0.99975 0.00210 0.02220
vn -0.99964 -0.01680 0.02080
vn -0.99900 -0.04050 0.01920
vn -0.99731 -0.07120 0.01750
vn -0.99368 -0.11110 0.01580
vn -0.98654 -0.16291 0.01410
vn -0.97308 -0.23010 0.01270
vn -0.94771 -0.31890 0.01180
vn -0.89679 -0.44229 0.01200
vn -0.77894 -0.62693 0.01440
vn -0.47080 -0.88200 0.02070
vn 0.11980 -0.99242 0.02740
vn 0.68089 -0.73189 0.02690
vn 0.91355 -0.40608 0.02290
vn 0.97938 -0.20100 0.02020
vn 0.99724 -0.07190 0.01850
vn 0.99970 0.01780 0.01700
vn 0.99632 0.08430 0.01560
vn 0.99077 0.13480 0.01400
vn 0.98479 0.17330 0.01230
vn 0.97921 0.20260 0.01030
vn 0.97428 0.22520 0.00820
vn 0.96998 0.24310 0.00610
vn 0.96617 0.25789 0.00400
vn 0.96263 0.27081 0.00210
vn 0.95936 0.28219 0.00050
vn 0.95644 0.29191 -0.00080
vn 0.95407 0.29959 -0.00170
vn 0.95251 0.30450 -0.00220
vn -0.11850 0.99093 0.06340
vn -0.99727 0.06900 0.02640
vn -0.99762 0.06390 0.02600
vn -0.99811 0.05590 0.02540
vn -0.99865 0.04570 0.02460
vn -0.99915 0.03390 0.02360
vn -0.99954 0.02050 0.02250
vn -0.99976 0.00520 0.02130
vn -0.99971 -0.01320 0.02000
vn -0.99917 -0.03620 0.01850
vn -0.99768 -0.06600 0.01690
vn -0.99438 -0.10480 0.01530
vn -0.98779 -0.15520 0.01370
vn -0.97529 -0.22060 0.01240
vn -0.95158 -0.30719 0.01150
vn -0.90351 -0.42841 0.01170
vn -0.79081 -0.61190 0.01410
vn -0.48718 -0.87306 0.02040
vn 0.11320 -0.99320 0.02720
vn 0.68519 -0.72789 0.02640
vn 0.91602 -0.40051 0.02220
vn 0.97984 -0.19881 0.01950
vn 0.99717 -0.07300 0.01780
vn 0.99976 0.01420 0.01640
vn 0.99678 0.07870 0.01510
vn 0.99171 0.12780 0.01360
vn 0.98620 0.16510 0.01190
vn 0.98103 0.19361 0.01000
vn 0.97645 0.21559 0.00810
vn 0.97248 0.23290 0.00600
vn 0.96890 0.24740 0.00410
vn 0.96563 0.25991 0.00230
vn 0.96258 0.27099 0.00070
vn 0.95985 0.28051 -0.00050
vn 0.95763 0.28801 -0.00130
vn 0.95617 0.29279 -0.00190
vn -0.11190 0.99173 0.06280
vn -0.99722 0.07020 0.02510
vn -0.99757 0.06520 0.02470
vn -0.99806 0.05740 0.02420
vn -0.99860 0.04750 0.02340
vn -0.99910 0.03600 0.02250
vn -0.99950 0.02300 0.02150
vn -0.99976 0.00820 0.02040
vn -0.99977 -0.00970 0.01920
vn -0.99933 -0.03200 0.01780
vn -0.99800 -0.06100 0.01630
vn -0.99502 -0.09860 0.01470
vn -0.98897 -0.14750 0.01320
vn -0.97739 -0.21110 0.01200
vn -0.95528 -0.29549 0.01120
vn -0.91011 -0.41421 0.01140
vn -0.80258 -0.59639 0.01370
vn -0.50391 -0.86352 0.02010
vn 0.10660 -0.99394 0.02690
vn 0.69002 -0.72333 0.02580
vn 0.91873 -0.39431 0.02140
vn 0.98037 -0.19629 0.01870
vn 0.99712 -0.07390 0.01710
vn 0.99982 0.01070 0.01580
vn 0.99721 0.07320 0.01450
vn 0.99260 0.12070 0.01310
vn 0.98753 0.15700 0.01150
vn 0.98277 0.18459 0.00980
vn 0.97854 0.20591 0.00790
vn 0.97484 0.22281 0.00600
vn 0.97155 0.23681 0.00410
vn 0.96850 0.24900 0.00240
vn 0.96566 0.25979 0.00100
vn 0.96311 0.26910 -0.00020
vn 0.96104 0.27641 -0.00100
vn 0.95968 0.28109 -0.00150
vn -0.10550 0.99247 0.06220
vn -0.99719 0.07110 0.02380
vn -0.99753 0.06620 0.02350
vn -0.99801 0.05870 0.02300
vn -0.99854 0.04910 0.02230
vn -0.99905 0.03800 0.02150
vn -0.99947 0.02540 0.02050
vn -0.99975 0.01100 0.01950
vn -0.99981 -0.00630 0.01830
vn -0.99946 -0.02800 0.01700
vn -0.99831 -0.05600 0.01560
vn -0.99561 -0.09250 0.01420
vn -0.99008 -0.13990 0.01280
vn -0.97940 -0.20160 0.01160
vn -0.95885 -0.28371 0.01090
vn -0.91653 -0.39981 0.01110
vn -0.81430 -0.58030 0.01340
vn -0.52097 -0.85335 0.01980
vn 0.10020 -0.99461 0.02660
vn 0.69539 -0.71819 0.02520
vn 0.92160 -0.38760 0.02060
vn 0.98096 -0.19339 0.01800
vn 0.99708 -0.07460 0.01640
vn 0.99986 0.00730 0.01520
vn 0.99760 0.06790 0.01390
vn 0.99342 0.11380 0.01260
vn 0.98879 0.14890 0.01110
vn 0.98440 0.17570 0.00950
vn 0.98051 0.19630 0.00770
vn 0.97710 0.21270 0.00590
vn 0.97405 0.22629 0.00420
vn 0.97124 0.23811 0.00250
vn 0.96861 0.24860 0.00120
vn 0.96625 0.25761 0.00010
vn 0.96433 0.26471 -0.00070
vn 0.96308 0.26920 -0.00120
vn -0.09910 0.99317 0.06160
vn -0.99716 0.07180 0.02260
vn -0.99750 0.06710 0.02230
vn -0.99797 0.05980 0.02180
vn -0.99850 0.05050 0.02110
vn -0.99900 0.03970 0.02040
vn -0.99943 0.02760 0.01960
vn -0.99973 0.01360 0.01860
vn -0.99984 -0.00310 0.01750
vn -0.99958 -0.02410 0.01630
vn -0.99858 -0.05120 0.01500
vn -0.99616 -0.08650 0.01370
vn -0.99112 -0.13240 0.01230
vn -0.98131 -0.19210 0.01120
vn -0.96230 -0.27180 0.01050
vn -0.92281 -0.38510 0.01080
vn -0.82593 -0.56362 0.01300
vn -0.53838 -0.84248 0.01940
vn 0.09380 -0.99524 0.02640
vn 0.70147 -0.71227 0.02460
vn 0.92464 -0.38032 0.01980
vn 0.98159 -0.19020 0.01720
vn 0.99706 -0.07500 0.01570
vn 0.99989 0.00420 0.01450
vn 0.99795 0.06260 0.01340
vn 0.99418 0.10700 0.01220
vn 0.98997 0.14090 0.01080
vn 0.98597 0.16669 0.00920
vn 0.98239 0.18670 0.00760
vn 0.97927 0.20249 0.00580
vn 0.97645 0.21571 0.00420
vn 0.97384 0.22721 0.00270
vn 0.97141 0.23740 0.00140
vn 0.96924 0.24611 0.00030
vn 0.96749 0.25290 -0.00040
vn 0.96630 0.25740 -0.00090
vn -0.09280 0.99381 0.06100
vn -0.99716 0.07230 0.02130
vn -0.99748 0.06780 0.02100
vn -0.99794 0.06070 0.02060
vn -0.99846 0.05170 0.02000
vn -0.99896 0.04130 0.01930
vn -0.99939 0.02950 0.01860
vn -0.99971 0.01610 0.01770
vn -0.99986 -0.00010 0.01670
vn -0.99967 -0.02030 0.01560
vn -0.99881 -0.04650 0.01440
vn -0.99666 -0.08060 0.01310
vn -0.99210 -0.12490 0.01190
vn -0.98311 -0.18270 0.01080
vn -0.96558 -0.25990 0.01020
vn -0.92886 -0.37028 0.01040
vn -0.83742 -0.54641 0.01260
vn -0.55610 -0.83090 0.01900
vn 0.08750 -0.99582 0.02610
vn 0.70820 -0.70560 0.02390
vn 0.92788 -0.37239 0.01900
vn 0.98228 -0.18670 0.01640
vn 0.99706 -0.07520 0.01500
vn 0.99990 0.00120 0.01390
vn 0.99826 0.05750 0.01280
vn 0.99489 0.10030 0.01170
vn 0.99108 0.13290 0.01040
vn 0.98741 0.15790 0.00890
vn 0.98417 0.17709 0.00740
vn 0.98130 0.19240 0.00580
vn 0.97871 0.20520 0.00420
vn 0.97632 0.21630 0.00270
vn 0.97410 0.22610 0.00150
vn 0.97212 0.23450 0.00050
vn 0.97048 0.24119 -0.00020
vn 0.96940 0.24550 -0.00060
vn -0.08660 0.99442 0.06030
vn -0.99716 0.07260 0.02010
vn -0.99748 0.06820 0.01980
vn -0.99792 0.06140 0.01940
vn -0.99843 0.05270 0.01890
vn -0.99892 0.04260 0.01830
vn -0.99936 0.03130 0.01760
vn -0.99969 0.01830 0.01680
vn -0.99987 0.00280 0.01590
vn -0.99975 -0.01680 0.01490
vn -0.99902 -0.04200 0.01370
vn -0.99712 -0.07480 0.01260
vn -0.99301 -0.11750 0.01140
vn -0.98481 -0.17330 0.01040
vn -0.96871 -0.24800 0.00980
vn -0.93473 -0.35521 0.01010
vn -0.84879 -0.52859 0.01220
vn -0.57431 -0.81842 0.01870
vn 0.08140 -0.99635 0.02580
vn 0.71561 -0.69811 0.02320
vn 0.93127 -0.36389 0.01820
vn 0.98303 -0.18280 0.01560
vn 0.99707 -0.07510 0.01430
vn 0.99991 -0.00160 0.01320
vn 0.99855 0.05250 0.01230
vn 0.99555 0.09360 0.01120
vn 0.99209 0.12510 0.01000
vn 0.98879 0.14910 0.00860
vn 0.98581 0.16770 0.00720
vn 0.98321 0.18240 0.00570
vn 0.98086 0.19469 0.00420
vn 0.97868 0.20539 0.00280
vn 0.97663 0.21491 0.00170
vn 0.97482 0.22300 0.00070
vn 0.97333 0.22941 0.00010
vn 0.97235 0.23351 -0.00030
vn -0.08050 0.99497 0.05960
vn -0.99718 0.07260 0.01890
vn -0.99749 0.06830 0.01860
vn -0.99792 0.06180 0.01830
vn -0.99841 0.05350 0.01780
vn -0.99889 0.04380 0.01730
vn -0.99932 0.03290 0.01660
vn -0.99967 0.02040 0.01590
vn -0.99987 0.00540 0.01510
vn -0.99981 -0.01340 0.01410
vn -0.99921 -0.03760 0.01310
vn -0.99753 -0.06920 0.01200
vn -0.99384 -0.11030 0.01100
vn -0.98643 -0.16390 0.01000
vn -0.97171 -0.23600 0.00950
vn -0.94038 -0.33999 0.00970
vn -0.85991 -0.51031 0.01180
vn -0.59282 -0.80513 0.01820
vn 0.07550 -0.99682 0.02550
vn 0.72333 -0.69013 0.02250
vn 0.93467 -0.35509 0.01720
vn 0.98378 -0.17880 0.01470
vn 0.99709 -0.07500 0.01330
vn 0.99992 -0.00430 0.01230
vn 0.99880 0.04770 0.01140
vn 0.99614 0.08720 0.01040
vn 0.99304 0.11740 0.00930
vn 0.99005 0.14051 0.00800
vn 0.98737 0.15830 0.00670
vn 0.98500 0.17250 0.00530
vn 0.98286 0.18429 0.00400
vn 0.98086 0.19469 0.00280
vn 0.97901 0.20380 0.00170
vn 0.97735 0.21161 0.00090
vn 0.97599 0.21780 0.00030
vn 0.97509 0.22180 -0.00010
vn -0.07460 0.99547 0.05890
vn -0.99721 0.07250 0.01770
vn -0.99750 0.06840 0.01750
vn -0.99792 0.06210 0.01710
vn -0.99840 0.05410 0.01660
vn -0.99887 0.04480 0.01610
vn -0.99929 0.03430 0.01550
vn -0.99964 0.02230 0.01480
vn -0.99987 0.00790 0.01400
vn -0.99986 -0.01010 0.01310
vn -0.99937 -0.03340 0.01220
vn -0.99791 -0.06370 0.01120
vn -0.99461 -0.10320 0.01020
vn -0.98790 -0.15480 0.00930
vn -0.97450 -0.22420 0.00890
vn -0.94573 -0.32481 0.00910
vn -0.87065 -0.49177 0.01130
vn -0.61130 -0.79120 0.01780
vn 0.06960 -0.99726 0.02500
vn 0.72817 -0.68507 0.02130
vn 0.93662 -0.35001 0.01530
vn 0.98408 -0.17730 0.01220
vn 0.99703 -0.07630 0.01040
vn 0.99993 -0.00780 0.00920
vn 0.99905 0.04270 0.00820
vn 0.99669 0.08100 0.00720
vn 0.99388 0.11030 0.00630
vn 0.99113 0.13280 0.00540
vn 0.98866 0.15009 0.00440
vn 0.98647 0.16390 0.00350
vn 0.98449 0.17540 0.00260
vn 0.98266 0.18539 0.00180
vn 0.98094 0.19431 0.00120
vn 0.97941 0.20190 0.00070
vn 0.97815 0.20791 0.00040
vn 0.97731 0.21180 0.00020
vn -0.06890 0.99594 0.05800
vn -0.99713 0.07390 0.01650
vn -0.99742 0.07000 0.01620
vn -0.99783 0.06390 0.01560
vn -0.99831 0.05610 0.01490
vn -0.99880 0.04700 0.01410
vn -0.99923 0.03690 0.01320
vn -0.99961 0.02520 0.01220
vn -0.99987 0.01130 0.01120
vn -0.99993 -0.00620 0.01010
vn -0.99954 -0.02880 0.00900
vn -0.99827 -0.05830 0.00790
vn -0.99531 -0.09650 0.00700
vn -0.98918 -0.14660 0.00640
vn -0.97679 -0.21410 0.00630
vn -0.94992 -0.31241 0.00710
vn -0.87897 -0.47678 0.00980
vn -0.62597 -0.77966 0.01690
vn 0.06390 -0.99766 0.02450
vn 0.72731 -0.68601 0.02030
vn 0.93598 -0.35179 0.01370
vn 0.98350 -0.18060 0.01010
vn 0.99672 -0.08050 0.00800
vn 0.99990 -0.01260 0.00660
vn 0.99929 0.03730 0.00550
vn 0.99715 0.07530 0.00460
vn 0.99454 0.10430 0.00380
vn 0.99196 0.12650 0.00320
vn 0.98962 0.14370 0.00260
vn 0.98753 0.15741 0.00200
vn 0.98565 0.16879 0.00150
vn 0.98390 0.17870 0.00120
vn 0.98227 0.18749 0.00090
vn 0.98078 0.19510 0.00070
vn 0.97959 0.20100 0.00060
vn 0.97878 0.20490 0.00060
vn -0.06330 0.99637 0.05700
vn -0.99682 0.07810 0.01560
vn -0.99713 0.07420 0.01510
vn -0.99757 0.06820 0.01440
vn -0.99808 0.06050 0.01350
vn -0.99860 0.05150 0.01240
vn -0.99907 0.04150 0.01130
vn -0.99950 0.02990 0.01000
vn -0.99983 0.01610 0.00880
vn -0.99997 -0.00120 0.00750
vn -0.99970 -0.02360 0.00630
vn -0.99860 -0.05270 0.00520
vn -0.99588 -0.09060 0.00440
vn -0.99010 -0.14030 0.00410
vn -0.97829 -0.20720 0.00430
vn -0.95243 -0.30471 0.00550
vn -0.88342 -0.46851 0.00860
vn -0.63376 -0.77336 0.01620
vn 0.05850 -0.99800 0.02410
vn 0.72352 -0.69002 0.01990
vn 0.93404 -0.35692 0.01330
vn 0.98252 -0.18590 0.00980
vn 0.99626 -0.08600 0.00780
vn 0.99982 -0.01810 0.00640
vn 0.99948 0.03190 0.00540
vn 0.99755 0.06980 0.00450
vn 0.99509 0.09890 0.00390
vn 0.99263 0.12110 0.00330
vn 0.99039 0.13830 0.00280
vn 0.98838 0.15200 0.00230
vn 0.98656 0.16339 0.00190
vn 0.98487 0.17329 0.00150
vn 0.98328 0.18210 0.00130
vn 0.98184 0.18971 0.00120
vn 0.98066 0.19569 0.00120
vn 0.97990 0.19950 0.00110
vn -0.05790 0.99674 0.05620
vn -0.99639 0.08360 0.01480
vn -0.99671 0.07970 0.01440
vn -0.99719 0.07360 0.01370
vn -0.99774 0.06590 0.01280
vn -0.99830 0.05700 0.01180
vn -0.99884 0.04690 0.01080
vn -0.99933 0.03540 0.00960
vn -0.99973 0.02160 0.00840
vn -0.99997 0.00420 0.00720
vn -0.99982 -0.01810 0.00610
vn -0.99887 -0.04720 0.00510
vn -0.99635 -0.08520 0.00440
vn -0.99086 -0.13480 0.00410
vn -0.97942 -0.20180 0.00430
vn -0.95408 -0.29949 0.00550
vn -0.88596 -0.46368 0.00870
vn -0.63798 -0.76988 0.01620
vn 0.05320 -0.99830 0.02380
vn 0.71990 -0.69380 0.01950
vn 0.93212 -0.36191 0.01300
vn 0.98152 -0.19110 0.00950
vn 0.99580 -0.09120 0.00750
vn 0.99971 -0.02340 0.00620
vn 0.99963 0.02660 0.00520
vn 0.99791 0.06450 0.00450
vn 0.99560 0.09360 0.00390
vn 0.99327 0.11580 0.00340
vn 0.99111 0.13300 0.00290
vn 0.98918 0.14670 0.00250
vn 0.98742 0.15810 0.00220
vn 0.98577 0.16809 0.00190
vn 0.98423 0.17690 0.00170
vn 0.98283 0.18451 0.00170
vn 0.98169 0.19050 0.00160
vn 0.98094 0.19431 0.00160
vn -0.05260 0.99708 0.05540
vn -0.99594 0.08890 0.01410
vn -0.99629 0.08500 0.01370
vn -0.99680 0.07890 0.01300
vn -0.99739 0.07120 0.01220
vn -0.99799 0.06230 0.01130
vn -0.99858 0.05220 0.01030
vn -0.99913 0.04070 0.00920
vn -0.99961 0.02690 0.00810
vn -0.99993 0.00950 0.00700
vn -0.99990 -0.01280 0.00590
vn -0.99911 -0.04200 0.00500
vn -0.99679 -0.07990 0.00440
vn -0.99156 -0.12959 0.00410
vn -0.98046 -0.19669 0.00440
vn -0.95563 -0.29451 0.00560
vn -0.88839 -0.45900 0.00870
vn -0.64202 -0.76652 0.01610
vn 0.04810 -0.99857 0.02340
vn 0.71632 -0.69752 0.01900
vn 0.93029 -0.36660 0.01260
vn 0.98054 -0.19611 0.00920
vn 0.99533 -0.09630 0.00730
vn 0.99958 -0.02850 0.00600
vn 0.99976 0.02150 0.00510
vn 0.99822 0.05950 0.00440
vn 0.99607 0.08850 0.00390
vn 0.99384 0.11080 0.00350
vn 0.99177 0.12800 0.00310
vn 0.98991 0.14170 0.00270
vn 0.98821 0.15310 0.00250
vn 0.98661 0.16310 0.00230
vn 0.98511 0.17190 0.00210
vn 0.98376 0.17949 0.00210
vn 0.98264 0.18551 0.00210
vn 0.98192 0.18930 0.00210
vn -0.04760 0.99738 0.05450
vn -0.99549 0.09390 0.01340
vn -0.99586 0.09000 0.01300
vn -0.99639 0.08400 0.01240
vn -0.99702 0.07630 0.01160
vn -0.99768 0.06730 0.01070
vn -0.99831 0.05730 0.00980
vn -0.99892 0.04570 0.00880
vn -0.99946 0.03190 0.00770
vn -0.99987 0.01460 0.00670
vn -0.99995 -0.00780 0.00580
vn -0.99931 -0.03690 0.00490
vn -0.99718 -0.07490 0.00440
vn -0.99220 -0.12460 0.00410
vn -0.98144 -0.19171 0.00450
vn -0.95713 -0.28961 0.00570
vn -0.89070 -0.45450 0.00880
vn -0.64593 -0.76323 0.01590
vn 0.04330 -0.99880 0.02300
vn 0.71291 -0.70101 0.01860
vn 0.92851 -0.37110 0.01220
vn 0.97957 -0.20089 0.00890
vn 0.99485 -0.10111 0.00700
vn 0.99943 -0.03330 0.00580
vn 0.99985 0.01660 0.00500
vn 0.99850 0.05460 0.00440
vn 0.99648 0.08370 0.00390
vn 0.99436 0.10600 0.00360
vn 0.99238 0.12320 0.00320
vn 0.99058 0.13690 0.00300
vn 0.98894 0.14831 0.00270
vn 0.98739 0.15830 0.00260
vn 0.98594 0.16711 0.00250
vn 0.98462 0.17470 0.00250
vn 0.98353 0.18071 0.00250
vn 0.98281 0.18460 0.00260
vn -0.04280 0.99764 0.05360
vn -0.99503 0.09880 0.01270
vn -0.99541 0.09490 0.01230
vn -0.99598 0.08880 0.01170
vn -0.99664 0.08110 0.01100
vn -0.99734 0.07220 0.01020
vn -0.99803 0.06210 0.00930
vn -0.99868 0.05060 0.00840
vn -0.99930 0.03680 0.00740
vn -0.99979 0.01950 0.00650
vn -0.99998 -0.00290 0.00560
vn -0.99948 -0.03200 0.00480
vn -0.99754 -0.07000 0.00430
vn -0.99280 -0.11970 0.00410
vn -0.98237 -0.18689 0.00450
vn -0.95854 -0.28491 0.00570
vn -0.89293 -0.45011 0.00880
vn -0.64961 -0.76011 0.01580
vn 0.03860 -0.99900 0.02260
vn 0.70969 -0.70429 0.01810
vn 0.92679 -0.37540 0.01180
vn 0.97864 -0.20541 0.00860
vn 0.99436 -0.10580 0.00680
vn 0.99926 -0.03800 0.00570
vn 0.99992 0.01200 0.00490
vn 0.99874 0.05000 0.00430
vn 0.99686 0.07910 0.00390
vn 0.99485 0.10130 0.00360
vn 0.99294 0.11860 0.00340
vn 0.99120 0.13230 0.00310
vn 0.98962 0.14370 0.00300
vn 0.98811 0.15370 0.00290
vn 0.98670 0.16250 0.00280
vn 0.98542 0.17010 0.00290
vn 0.98437 0.17609 0.00290
vn 0.98366 0.17999 0.00300
vn -0.03820 0.99788 0.05270
vn -0.99457 0.10340 0.01200
vn -0.99497 0.09950 0.01160
vn -0.99557 0.09340 0.01110
vn -0.99627 0.08570 0.01040
vn -0.99700 0.07680 0.00970
vn -0.99773 0.06680 0.00880
vn -0.99844 0.05520 0.00800
vn -0.99912 0.04140 0.00710
vn -0.99969 0.02410 0.00620
vn -0.99998 0.00180 0.00540
vn -0.99961 -0.02740 0.00470
vn -0.99785 -0.06540 0.00430
vn -0.99334 -0.11511 0.00410
vn -0.98323 -0.18231 0.00450
vn -0.95983 -0.28051 0.00580
vn -0.89499 -0.44600 0.00880
vn -0.65316 -0.75706 0.01560
vn 0.03420 -0.99917 0.02220
vn 0.70660 -0.70740 0.01760
vn 0.92512 -0.37951 0.01150
vn 0.97773 -0.20971 0.00830
vn 0.99390 -0.11010 0.00660
vn 0.99909 -0.04240 0.00550
vn 0.99996 0.00760 0.00480
vn 0.99895 0.04560 0.00430
vn 0.99720 0.07470 0.00390
vn 0.99528 0.09700 0.00370
vn 0.99345 0.11419 0.00350
vn 0.99178 0.12790 0.00330
vn 0.99023 0.13940 0.00320
vn 0.98879 0.14930 0.00310
vn 0.98740 0.15820 0.00310
vn 0.98616 0.16579 0.00320
vn 0.98513 0.17180 0.00330
vn 0.98444 0.17571 0.00330
vn -0.03390 0.99809 0.05160
vn -0.99411 0.10780 0.01130
vn -0.99453 0.10390 0.01100
vn -0.99515 0.09780 0.01050
vn -0.99588 0.09010 0.00990
vn -0.99666 0.08120 0.00920
vn -0.99743 0.07120 0.00840
vn -0.99819 0.05960 0.00760
vn -0.99893 0.04580 0.00680
vn -0.99958 0.02850 0.00600
vn -0.99997 0.00620 0.00520
vn -0.99972 -0.02300 0.00460
vn -0.99813 -0.06100 0.00420
vn -0.99384 -0.11070 0.00410
vn -0.98402 -0.17800 0.00460
vn -0.96108 -0.27620 0.00580
vn -0.89698 -0.44199 0.00870
vn -0.65648 -0.75418 0.01540
vn 0.03010 -0.99931 0.02170
vn 0.70359 -0.71039 0.01720
vn 0.92351 -0.38341 0.01110
vn 0.97684 -0.21381 0.00800
vn 0.99343 -0.11430 0.00630
vn 0.99890 -0.04650 0.00530
vn 0.99998 0.00340 0.00460
vn 0.99913 0.04140 0.00420
vn 0.99750 0.07050 0.00390
vn 0.99568 0.09280 0.00370
vn 0.99392 0.11000 0.00360
vn 0.99230 0.12380 0.00340
vn 0.99081 0.13520 0.00340
vn 0.98940 0.14520 0.00340
vn 0.98805 0.15409 0.00340
vn 0.98683 0.16171 0.00350
vn 0.98583 0.16771 0.00360
vn 0.98518 0.17150 0.00360
vn -0.02970 0.99828 0.05060
vn -0.99366 0.11190 0.01070
vn -0.99410 0.10800 0.01040
vn -0.99473 0.10200 0.00990
vn -0.99550 0.09430 0.00940
vn -0.99631 0.08540 0.00870
vn -0.99713 0.07530 0.00800
vn -0.99794 0.06380 0.00720
vn -0.99873 0.05000 0.00650
vn -0.99945 0.03270 0.00570
vn -0.99993 0.01030 0.00510
vn -0.99981 -0.01880 0.00450
vn -0.99838 -0.05680 0.00420
vn -0.99429 -0.10660 0.00410
vn -0.98475 -0.17389 0.00460
vn -0.96222 -0.27221 0.00580
vn -0.89879 -0.43829 0.00870
vn -0.65963 -0.75144 0.01520
vn 0.02620 -0.99943 0.02120
vn 0.70088 -0.71308 0.01670
vn 0.92201 -0.38701 0.01070
vn 0.97601 -0.21760 0.00770
vn 0.99297 -0.11820 0.00610
vn 0.99871 -0.05050 0.00510
vn 0.99999 -0.00050 0.00450
vn 0.99929 0.03750 0.00410
vn 0.99777 0.06660 0.00390
vn 0.99603 0.08890 0.00370
vn 0.99435 0.10611 0.00360
vn 0.99278 0.11990 0.00360
vn 0.99134 0.13130 0.00350
vn 0.98996 0.14129 0.00360
vn 0.98865 0.15019 0.00360
vn 0.98747 0.15779 0.00370
vn 0.98649 0.16380 0.00380
vn 0.98583 0.16771 0.00390
vn -0.02590 0.99844 0.04950
vn -0.99322 0.11580 0.01010
vn -0.99367 0.11190 0.00980
vn -0.99433 0.10590 0.00940
vn -0.99513 0.09820 0.00880
vn -0.99597 0.08930 0.00820
vn -0.99683 0.07920 0.00760
vn -0.99768 0.06770 0.00690
vn -0.99853 0.05390 0.00620
vn -0.99931 0.03660 0.00550
vn -0.99989 0.01430 0.00490
vn -0.99988 -0.01490 0.00440
vn -0.99859 -0.05290 0.00410
vn -0.99470 -0.10270 0.00410
vn -0.98543 -0.17001 0.00460
vn -0.96326 -0.26849 0.00580
vn -0.90049 -0.43479 0.00860
vn -0.66261 -0.74881 0.01500
vn 0.02250 -0.99953 0.02070
vn 0.69821 -0.71571 0.01620
vn 0.92059 -0.39040 0.01040
vn 0.97520 -0.22120 0.00740
vn 0.99254 -0.12180 0.00590
vn 0.99852 -0.05410 0.00490
vn 0.99998 -0.00420 0.00440
vn 0.99942 0.03380 0.00400
vn 0.99801 0.06290 0.00380
vn 0.99636 0.08520 0.00370
vn 0.99473 0.10250 0.00370
vn 0.99322 0.11620 0.00370
vn 0.99181 0.12770 0.00370
vn 0.99047 0.13770 0.00370
vn 0.98919 0.14660 0.00380
vn 0.98803 0.15420 0.00400
vn 0.98708 0.16020 0.00410
vn 0.98643 0.16411 0.00420
vn -0.02220 0.99859 0.04830
vn -0.99279 0.11950 0.00950
vn -0.99325 0.11559 0.00930
vn -0.99395 0.10951 0.00890
vn -0.99477 0.10180 0.00830
vn -0.99564 0.09290 0.00780
vn -0.99653 0.08290 0.00720
vn -0.99743 0.07140 0.00650
vn -0.99832 0.05760 0.00590
vn -0.99917 0.04030 0.00530
vn -0.99983 0.01790 0.00470
vn -0.99993 -0.01120 0.00430
vn -0.99878 -0.04920 0.00400
vn -0.99508 -0.09900 0.00400
vn -0.98605 -0.16641 0.00450
vn -0.96426 -0.26489 0.00580
vn -0.90212 -0.43141 0.00850
vn -0.66532 -0.74642 0.01470
vn 0.01910 -0.99961 0.02020
vn 0.69578 -0.71808 0.01570
vn 0.91927 -0.39349 0.01000
vn 0.97445 -0.22451 0.00720
vn 0.99212 -0.12520 0.00560
vn 0.99833 -0.05750 0.00480
vn 0.99996 -0.00760 0.00420
vn 0.99953 0.03040 0.00390
vn 0.99822 0.05950 0.00380
vn 0.99663 0.08190 0.00370
vn 0.99507 0.09910 0.00370
vn 0.99360 0.11290 0.00370
vn 0.99224 0.12430 0.00380
vn 0.99093 0.13430 0.00390
vn 0.98969 0.14320 0.00400
vn 0.98856 0.15079 0.00410
vn 0.98762 0.15680 0.00430
vn 0.98699 0.16070 0.00440
vn -0.01890 0.99871 0.04710
vn -0.99239 0.12280 0.00900
vn -0.99287 0.11890 0.00870
vn -0.99357 0.11290 0.00830
vn -0.99442 0.10520 0.00790
vn -0.99533 0.09630 0.00730
vn -0.99625 0.08630 0.00680
vn -0.99718 0.07480 0.00620
vn -0.99812 0.06100 0.00560
vn -0.99903 0.04370 0.00510
vn -0.99976 0.02130 0.00450
vn -0.99996 -0.00780 0.00410
vn -0.99894 -0.04580 0.00390
vn -0.99540 -0.09570 0.00400
vn -0.98662 -0.16300 0.00450
vn -0.96516 -0.26162 0.00570
vn -0.90356 -0.42838 0.00840
vn -0.66791 -0.74411 0.01440
vn 0.01600 -0.99968 0.01960
vn 0.69360 -0.72020 0.01520
vn 0.91802 -0.39641 0.00960
vn 0.97373 -0.22761 0.00690
vn 0.99172 -0.12830 0.00540
vn 0.99815 -0.06060 0.00460
vn 0.99993 -0.01070 0.00410
vn 0.99962 0.02730 0.00380
vn 0.99840 0.05640 0.00370
vn 0.99689 0.07870 0.00370
vn 0.99537 0.09600 0.00370
vn 0.99396 0.10970 0.00380
vn 0.99262 0.12120 0.00390
vn 0.99135 0.13121 0.00400
vn 0.99013 0.14010 0.00410
vn 0.98902 0.14770 0.00430
vn 0.98811 0.15370 0.00440
vn 0.98749 0.15760 0.00450
vn -0.01580 0.99883 0.04570
vn -0.99199 0.12600 0.00840
vn -0.99248 0.12210 0.00820
vn -0.99322 0.11600 0.00780
vn -0.99408 0.10840 0.00740
vn -0.99502 0.09940 0.00690
vn -0.99598 0.08940 0.00640
vn -0.99694 0.07790 0.00590
vn -0.99793 0.06410 0.00530
vn -0.99889 0.04680 0.00480
vn -0.99969 0.02450 0.00440
vn -0.99998 -0.00470 0.00400
vn -0.99908 -0.04270 0.00380
vn -0.99571 -0.09250 0.00390
vn -0.98711 -0.16000 0.00440
vn -0.96597 -0.25859 0.00560
vn -0.90492 -0.42551 0.00830
vn -0.67022 -0.74203 0.01410
vn 0.01310 -0.99973 0.01900
vn 0.69151 -0.72222 0.01460
vn 0.91690 -0.39900 0.00920
vn 0.97308 -0.23039 0.00660
vn 0.99135 -0.13111 0.00520
vn 0.99797 -0.06350 0.00440
vn 0.99990 -0.01360 0.00400
vn 0.99970 0.02440 0.00370
vn 0.99856 0.05360 0.00370
vn 0.99711 0.07590 0.00370
vn 0.99565 0.09310 0.00370
vn 0.99426 0.10690 0.00380
vn 0.99296 0.11840 0.00390
vn 0.99171 0.12840 0.00400
vn 0.99052 0.13730 0.00420
vn 0.98944 0.14491 0.00440
vn 0.98854 0.15091 0.00450
vn 0.98793 0.15481 0.00470
vn -0.01290 0.99893 0.04430
vn -0.99164 0.12881 0.00790
vn -0.99214 0.12490 0.00770
vn -0.99288 0.11890 0.00740
vn -0.99377 0.11120 0.00700
vn -0.99473 0.10230 0.00650
vn -0.99571 0.09230 0.00600
vn -0.99672 0.08080 0.00550
vn -0.99774 0.06700 0.00510
vn -0.99875 0.04970 0.00460
vn -0.99962 0.02730 0.00420
vn -0.99999 -0.00180 0.00390
vn -0.99920 -0.03980 0.00370
vn -0.99596 -0.08970 0.00380
vn -0.98757 -0.15710 0.00440
vn -0.96671 -0.25580 0.00550
vn -0.90613 -0.42292 0.00810
vn -0.67233 -0.74013 0.01370
vn 0.01050 -0.99978 0.01830
vn 0.68963 -0.72403 0.01410
vn 0.91587 -0.40139 0.00880
vn 0.97248 -0.23290 0.00630
vn 0.99101 -0.13370 0.00490
vn 0.99780 -0.06610 0.00420
vn 0.99986 -0.01620 0.00380
vn 0.99975 0.02190 0.00360
vn 0.99869 0.05100 0.00360
vn 0.99730 0.07330 0.00360
vn 0.99588 0.09060 0.00370
vn 0.99454 0.10430 0.00380
vn 0.99327 0.11580 0.00390
vn 0.99205 0.12581 0.00410
vn 0.99088 0.13470 0.00430
vn 0.98981 0.14230 0.00440
vn 0.98892 0.14840 0.00460
vn 0.98834 0.15221 0.00470
vn -0.01040 0.99903 0.04280
vn -0.99131 0.13130 0.00740
vn -0.99181 0.12750 0.00720
vn -0.99258 0.12140 0.00690
vn -0.99348 0.11380 0.00650
vn -0.99446 0.10490 0.00610
vn -0.99548 0.09480 0.00570
vn -0.99651 0.08330 0.00520
vn -0.99757 0.06950 0.00480
vn -0.99863 0.05220 0.00440
vn -0.99954 0.02990 0.00400
vn -0.99999 0.00080 0.00370
vn -0.99930 -0.03730 0.00360
vn -0.99619 -0.08710 0.00380
vn -0.98797 -0.15460 0.00430
vn -0.96735 -0.25339 0.00540
vn -0.90721 -0.42060 0.00790
vn -0.67421 -0.73842 0.01330
vn 0.00820 -0.99981 0.01760
vn 0.68799 -0.72559 0.01350
vn 0.91493 -0.40352 0.00840
vn 0.97195 -0.23511 0.00600
vn 0.99070 -0.13600 0.00470
vn 0.99765 -0.06840 0.00400
vn 0.99982 -0.01850 0.00360
vn 0.99980 0.01960 0.00350
vn 0.99881 0.04870 0.00350
vn 0.99747 0.07100 0.00350
vn 0.99609 0.08830 0.00360
vn 0.99478 0.10200 0.00380
vn 0.99353 0.11350 0.00390
vn 0.99234 0.12350 0.00410
vn 0.99119 0.13240 0.00430
vn 0.99013 0.14010 0.00450
vn 0.98926 0.14609 0.00460
vn 0.98868 0.15000 0.00470
vn -0.00810 0.99912 0.04110
vn -0.99101 0.13360 0.00690
vn -0.99153 0.12970 0.00670
vn -0.99230 0.12370 0.00640
vn -0.99323 0.11600 0.00610
vn -0.99423 0.10710 0.00570
vn -0.99526 0.09710 0.00530
vn -0.99632 0.08560 0.00490
vn -0.99741 0.07180 0.00450
vn -0.99850 0.05450 0.00420
vn -0.99947 0.03220 0.00380
vn -0.99999 0.00310 0.00360
vn -0.99938 -0.03500 0.00350
vn -0.99639 -0.08480 0.00360
vn -0.98832 -0.15230 0.00420
vn -0.96794 -0.25111 0.00530
vn -0.90819 -0.41849 0.00770
vn -0.67594 -0.73684 0.01290
vn 0.00620 -0.99984 0.01680
vn 0.68651 -0.72701 0.01280
vn 0.91414 -0.40532 0.00800
vn 0.97147 -0.23709 0.00560
vn 0.99042 -0.13800 0.00440
vn 0.99751 -0.07040 0.00380
vn 0.99978 -0.02050 0.00350
vn 0.99984 0.01750 0.00330
vn 0.99890 0.04670 0.00330
vn 0.99761 0.06900 0.00340
vn 0.99626 0.08630 0.00350
vn 0.99498 0.10000 0.00370
vn 0.99376 0.11150 0.00380
vn 0.99258 0.12150 0.00400
vn 0.99145 0.13041 0.00420
vn 0.99041 0.13810 0.00440
vn 0.98955 0.14409 0.00460
vn 0.98898 0.14800 0.00470
vn -0.00610 0.99921 0.03930
vn -0.99074 0.13561 0.00640
vn -0.99127 0.13170 0.00630
vn -0.99205 0.12569 0.00600
vn -0.99300 0.11800 0.00570
vn -0.99402 0.10910 0.00530
vn -0.99507 0.09910 0.00500
vn -0.99614 0.08760 0.00460
vn -0.99726 0.07380 0.00430
vn -0.99839 0.05650 0.00390
vn -0.99941 0.03420 0.00360
vn -0.99998 0.00510 0.00340
vn -0.99945 -0.03290 0.00340
vn -0.99656 -0.08280 0.00350
vn -0.98863 -0.15030 0.00400
vn -0.96844 -0.24921 0.00510
vn -0.90901 -0.41671 0.00740
vn -0.67741 -0.73551 0.01230
vn 0.00450 -0.99986 0.01600
vn 0.68528 -0.72818 0.01210
vn 0.91343 -0.40692 0.00750
vn 0.97108 -0.23870 0.00530
vn 0.99019 -0.13970 0.00420
vn 0.99739 -0.07210 0.00360
vn 0.99975 -0.02220 0.00330
vn 0.99987 0.01580 0.00320
vn 0.99898 0.04500 0.00320
vn 0.99773 0.06730 0.00330
vn 0.99641 0.08460 0.00340
vn 0.99515 0.09830 0.00360
vn 0.99395 0.10981 0.00380
vn 0.99279 0.11980 0.00390
vn 0.99168 0.12870 0.00410
vn 0.99064 0.13641 0.00430
vn 0.98980 0.14240 0.00450
vn 0.98923 0.14630 0.00460
vn -0.00440 0.99929 0.03730
vn -0.99051 0.13730 0.00590
vn -0.99104 0.13341 0.00580
vn -0.99184 0.12740 0.00550
vn -0.99280 0.11970 0.00530
vn -0.99382 0.11090 0.00490
vn -0.99490 0.10080 0.00460
vn -0.99600 0.08930 0.00430
vn -0.99713 0.07560 0.00400
vn -0.99829 0.05830 0.00370
vn -0.99935 0.03590 0.00340
vn -0.99997 0.00680 0.00320
vn -0.99951 -0.03120 0.00320
vn -0.99670 -0.08110 0.00340
vn -0.98889 -0.14860 0.00380
vn -0.96888 -0.24749 0.00490
vn -0.90974 -0.41512 0.00710
vn -0.67871 -0.73431 0.01180
vn 0.00310 -0.99988 0.01500
vn 0.68431 -0.72911 0.01130
vn 0.91287 -0.40819 0.00700
vn 0.97073 -0.24011 0.00490
vn 0.98999 -0.14110 0.00390
vn 0.99729 -0.07350 0.00330
vn 0.99972 -0.02360 0.00310
vn 0.99989 0.01440 0.00300
vn 0.99905 0.04350 0.00300
vn 0.99782 0.06590 0.00310
vn 0.99654 0.08310 0.00330
vn 0.99529 0.09690 0.00340
vn 0.99410 0.10840 0.00360
vn 0.99296 0.11840 0.00380
vn 0.99186 0.12729 0.00400
vn 0.99084 0.13500 0.00420
vn 0.99000 0.14100 0.00440
vn 0.98944 0.14491 0.00450
vn -0.00300 0.99938 0.03500
vn -0.99032 0.13870 0.00550
vn -0.99085 0.13489 0.00530
vn -0.99166 0.12879 0.00510
vn -0.99262 0.12120 0.00480
vn -0.99366 0.11230 0.00450
vn -0.99475 0.10221 0.00420
vn -0.99586 0.09080 0.00400
vn -0.99702 0.07700 0.00370
vn -0.99821 0.05970 0.00340
vn -0.99930 0.03740 0.00320
vn -0.99996 0.00820 0.00300
vn -0.99955 -0.02980 0.00300
vn -0.99681 -0.07970 0.00320
vn -0.98910 -0.14720 0.00360
vn -0.96923 -0.24611 0.00460
vn -0.91034 -0.41382 0.00670
vn -0.67976 -0.73335 0.01110
vn 0.00190 -0.99990 0.01390
vn 0.68343 -0.72994 0.01050
vn 0.91242 -0.40921 0.00650
vn 0.97047 -0.24119 0.00450
vn 0.98983 -0.14220 0.00360
vn 0.99720 -0.07470 0.00310
vn 0.99969 -0.02480 0.00280
vn 0.99991 0.01320 0.00280
vn 0.99910 0.04240 0.00280
vn 0.99790 0.06470 0.00290
vn 0.99663 0.08200 0.00310
vn 0.99540 0.09580 0.00320
vn 0.99422 0.10730 0.00340
vn 0.99309 0.11730 0.00360
vn 0.99200 0.12620 0.00380
vn 0.99100 0.13380 0.00400
vn 0.99017 0.13980 0.00410
vn 0.98961 0.14370 0.00430
vn -0.00190 0.99947 0.03240
vn -0.99015 0.13989 0.00490
vn -0.99070 0.13600 0.00480
vn -0.99150 0.13000 0.00460
vn -0.99248 0.12230 0.00440
vn -0.99354 0.11340 0.00410
vn -0.99463 0.10340 0.00390
vn -0.99576 0.09190 0.00360
vn -0.99694 0.07810 0.00340
vn -0.99814 0.06080 0.00310
vn -0.99925 0.03850 0.00290
vn -0.99995 0.00940 0.00280
vn -0.99959 -0.02860 0.00280
vn -0.99691 -0.07850 0.00300
vn -0.98926 -0.14609 0.00340
vn -0.96951 -0.24500 0.00430
vn -0.91080 -0.41280 0.00620
vn -0.68059 -0.73259 0.01030
vn 0.00110 -0.99992 0.01260
vn 0.68282 -0.73052 0.00940
vn 0.91207 -0.40999 0.00580
vn 0.97024 -0.24211 0.00410
vn 0.98970 -0.14310 0.00320
vn 0.99714 -0.07550 0.00280
vn 0.99967 -0.02560 0.00260
vn 0.99992 0.01240 0.00250
vn 0.99914 0.04150 0.00260
vn 0.99795 0.06390 0.00270
vn 0.99670 0.08110 0.00280
vn 0.99548 0.09490 0.00300
vn 0.99432 0.10640 0.00310
vn 0.99320 0.11640 0.00330
vn 0.99211 0.12530 0.00350
vn 0.99111 0.13300 0.00370
vn 0.99029 0.13900 0.00380
vn 0.98973 0.14290 0.00390
vn -0.00100 0.99957 0.02930
vn -0.99004 0.14071 0.00440
vn -0.99059 0.13680 0.00430
vn -0.99140 0.13080 0.00410
vn -0.99237 0.12320 0.00390
vn -0.99344 0.11430 0.00370
vn -0.99455 0.10421 0.00340
vn -0.99568 0.09280 0.00320
vn -0.99687 0.07900 0.00300
vn -0.99809 0.06170 0.00280
vn -0.99922 0.03940 0.00260
vn -0.99994 0.01020 0.00250
vn -0.99961 -0.02780 0.00250
vn -0.99697 -0.07770 0.00270
vn -0.98940 -0.14520 0.00310
vn -0.96972 -0.24420 0.00390
vn -0.91117 -0.41199 0.00570
vn -0.68127 -0.73197 0.00930
vn 0.00050 -0.99994 0.01090
vn 0.68242 -0.73092 0.00810
vn 0.91180 -0.41060 0.00500
vn 0.97010 -0.24270 0.00350
vn 0.98962 -0.14370 0.00280
vn 0.99710 -0.07610 0.00240
vn 0.99965 -0.02620 0.00220
vn 0.99993 0.01180 0.00220
vn 0.99916 0.04090 0.00220
vn 0.99799 0.06330 0.00230
vn 0.99675 0.08050 0.00250
vn 0.99554 0.09430 0.00260
vn 0.99438 0.10580 0.00280
vn 0.99327 0.11580 0.00290
vn 0.99219 0.12470 0.00310
vn 0.99119 0.13240 0.00320
vn 0.99037 0.13840 0.00340
vn 0.98982 0.14230 0.00350
vn -0.00050 0.99968 0.02540
vn -0.98996 0.14129 0.00370
vn -0.99051 0.13740 0.00360
vn -0.99132 0.13140 0.00350
vn -0.99231 0.12370 0.00330
vn -0.99337 0.11490 0.00310
vn -0.99449 0.10480 0.00290
vn -0.99563 0.09330 0.00270
vn -0.99682 0.07960 0.00260
vn -0.99805 0.06230 0.00240
vn -0.99920 0.04000 0.00230
vn -0.99994 0.01080 0.00220
vn -0.99963 -0.02720 0.00220
vn -0.99702 -0.07710 0.00230
vn -0.98949 -0.14460 0.00270
vn -0.96987 -0.24359 0.00340
vn -0.91143 -0.41142 0.00490
vn -0.68169 -0.73159 0.00810
vn 0.00010 -0.99997 0.00810
vn 0.68222 -0.73112 0.00610
vn 0.91171 -0.41081 0.00370
vn 0.97002 -0.24301 0.00260
vn 0.98958 -0.14400 0.00210
vn 0.99708 -0.07640 0.00180
vn 0.99964 -0.02660 0.00160
vn 0.99993 0.01150 0.00160
vn 0.99917 0.04060 0.00170
vn 0.99802 0.06290 0.00180
vn 0.99678 0.08020 0.00190
vn 0.99557 0.09400 0.00200
vn 0.99442 0.10550 0.00210
vn 0.99330 0.11550 0.00220
vn 0.99223 0.12440 0.00230
vn 0.99125 0.13201 0.00250
vn 0.99041 0.13810 0.00260
vn 0.98988 0.14190 0.00260
vn -0.00010 0.99982 0.01900
vn -0.98992 0.14160 0.00270
vn -0.99046 0.13779 0.00270
vn -0.99129 0.13170 0.00260
vn -0.99227 0.12410 0.00240
vn -0.99334 0.11520 0.00230
vn -0.99445 0.10519 0.00220
vn -0.99560 0.09370 0.00200
vn -0.99680 0.07990 0.00190
vn -0.99804 0.06260 0.00180
vn -0.99919 0.04030 0.00170
vn -0.99994 0.01120 0.00160
vn -0.99964 -0.02690 0.00160
vn -0.99705 -0.07670 0.00180
vn -0.98953 -0.14430 0.00200
vn -0.96997 -0.24319 0.00260
vn -0.91159 -0.41109 0.00370
vn -0.68201 -0.73131 0.00610
vn 0.00010 -0.78438 0.62028
vn 0.51778 -0.55438 0.65158
vn 0.66609 -0.29999 0.68289
vn 0.69817 -0.17479 0.69427
vn 0.70778 -0.10300 0.69888
vn 0.71084 -0.05450 0.70124
vn 0.71122 -0.01900 0.70272
vn 0.71028 0.00810 0.70388
vn 0.70891 0.02870 0.70471
vn 0.70741 0.04450 0.70541
vn 0.70602 0.05670 0.70592
vn 0.70480 0.06640 0.70630
vn 0.70379 0.07450 0.70649
vn 0.70280 0.08160 0.70670
vn 0.70192 0.08790 0.70682
vn 0.70102 0.09330 0.70702
vn 0.70023 0.09750 0.70723
vn 0.69954 0.10021 0.70754
vn 0.00000 0.83933 0.54362
vn -0.69949 0.10020 0.70759
vn -0.70018 0.09750 0.70728
vn -0.70102 0.09320 0.70702
vn -0.70192 0.08780 0.70682
vn -0.70280 0.08160 0.70670
vn -0.70379 0.07450 0.70649
vn -0.70480 0.06640 0.70630
vn -0.70602 0.05670 0.70592
vn -0.70741 0.04440 0.70541
vn -0.70886 0.02860 0.70476
vn -0.71028 0.00800 0.70388
vn -0.71117 -0.01900 0.70277
vn -0.71079 -0.05460 0.70129
vn -0.70777 -0.10310 0.69888
vn -0.69810 -0.17490 0.69430
vn -0.66601 -0.30010 0.68291
vn -0.51771 -0.55441 0.65161
usemtl WF_White
f 1//1 2//2 38//38
f 1//1 38//38 37//37
f 2//2 3//3 39//39
f 2//2 39//39 38//38
f 3//3 4//4 40//40
f 3//3 40//40 39//39
f 4//4 5//5 41//41
f 4//4 41//41 40//40
f 5//5 6//6 42//42
f 5//5 42//42 41//41
f 6//6 7//7 43//43
f 6//6 43//43 42//42
f 7//7 8//8 44//44
f 7//7 44//44 43//43
f 8//8 9//9 45//45
f 8//8 45//45 44//44
f 9//9 10//10 46//46
f 9//9 46//46 45//45
f 10//10 11//11 47//47
f 10//10 47//47 46//46
f 11//11 12//12 48//48
f 11//11 48//48 47//47
f 12//12 13//13 49//49
f 12//12 49//49 48//48
f 13//13 14//14 50//50
f 13//13 50//50 49//49
f 14//14 15//15 51//51
f 14//14 51//51 50//50
f 15//15 16//16 52//52
f 15//15 52//52 51//51
f 16//16 17//17 53//53
f 16//16 53//53 52//52
f 17//17 18//18 54//54
f 17//17 54//54 53//53
f 18//18 19//19 55//55
f 18//18 55//55 54//54
f 19//19 20//20 56//56
f 19//19 56//56 55//55
f 20//20 21//21 57//57
f 20//20 57//57 56//56
f 21//21 22//22 58//58
f 21//21 58//58 57//57
f 22//22 23//23 59//59
f 22//22 59//59 58//58
f 23//23 24//24 60//60
f 23//23 60//60 59//59
f 24//24 25//25 61//61
f 24//24 61//61 60//60
f 25//25 26//26 62//62
f 25//25 62//62 61//61
f 26//26 27//27 63//63
f 26//26 63//63 62//62
f 27//27 28//28 64//64
f 27//27 64//64 63//63
f 28//28 29//29 65//65
f 28//28 65//65 64//64
f 29//29 30//30 66//66
f 29//29 66//66 65//65
f 30//30 31//31 67//67
f 30//30 67//67 66//66
f 31//31 32//32 68//68
f 31//31 68//68 67//67
f 32//32 33//33 69//69
f 32//32 69//69 68//68
f 33//33 34//34 70//70
f 33//33 70//70 69//69
f 34//34 35//35 71//71
f 34//34 71//71 70//70
f 35//35 36//36 72//72
f 35//35 72//72 71//71
f 36//36 1//1 37//37
f 36//36 37//37 72//72
f 37//37 38//38 74//74
f 37//37 74//74 73//73
f 38//38 39//39 75//75
f 38//38 75//75 74//74
f 39//39 40//40 76//76
f 39//39 76//76 75//75
f 40//40 41//41 77//77
f 40//40 77//77 76//76
f 41//41 42//42 78//78
f 41//41 78//78 77//77
f 42//42 43//43 79//79
f 42//42 79//79 78//78
f 43//43 44//44 80//80
f 43//43 80//80 79//79
f 44//44 45//45 81//81
f 44//44 81//81 80//80
f 45//45 46//46 82//82
f 45//45 82//82 81//81
f 46//46 47//47 83//83
f 46//46 83//83 82//82
f 47//47 48//48 84//84
f 47//47 84//84 83//83
f 48//48 49//49 85//85
f 48//48 85//85 84//84
f 49//49 50//50 86//86
f 49//49 86//86 85//85
f 50//50 51//51 87//87
f 50//50 87//87 86//86
f 51//51 52//52 88//88
f 51//51 88//88 87//87
f 52//52 53//53 89//89
f 52//52 89//89 88//88
f 53//53 54//54 90//90
f 53//53 90//90 89//89
f 54//54 55//55 91//91
f 54//54 91//91 90//90
f 55//55 56//56 92//92
f 55//55 92//92 91//91
f 56//56 57//57 93//93
f 56//56 93//93 92//92
f 57//57 58//58 94//94
f 57//57 94//94 93//93
f 58//58 59//59 95//95
f 58//58 95//95 94//94
f 59//59 60//60 96//96
f 59//59 96//96 95//95
f 60//60 61//61 97//97
f 60//60 97//97 96//96
f 61//61 62//62 98//98
f 61//61 98//98 97//97
f 62//62 63//63 99//99
f 62//62 99//99 98//98
f 63//63 64//64 100//100
f 63//63 100//100 99//99
f 64//64 65//65 101//101
f 64//64 101//101 100//100
f 65//65 66//66 102//102
f 65//65 102//102 101//101
f 66//66 67//67 103//103
f 66//66 103//103 102//102
f 67//67 68//68 104//104
f 67//67 104//104 103//103
f 68//68 69//69 105//105
f 68//68 105//105 104//104
f 69//69 70//70 106//106
f 69//69 106//106 105//105
f 70//70 71//71 107//107
f 70//70 107//107 106//106
f 71//71 72//72 108//108
f 71//71 108//108 107//107
f 72//72 37//37 73//73
f 72//72 73//73 108//108
f 73//73 74//74 110//110
f 73//73 110//110 109//109
f 74//74 75//75 111//111
f 74//74 111//111 110//110
f 75//75 76//76 112//112
f 75//75 112//112 111//111
f 76//76 77//77 113//113
f 76//76 113//113 112//112
f 77//77 78//78 114//114
f 77//77 114//114 113//113
f 78//78 79//79 115//115
f 78//78 115//115 114//114
f 79//79 80//80 116//116
f 79//79 116//116 115//115
f 80//80 81//81 117//117
f 80//80 117//117 116//116
f 81//81 82//82 118//118
f 81//81 118//118 117//117
f 82//82 83//83 119//119
f 82//82 119//119 118//118
f 83//83 84//84 120//120
f 83//83 120//120 119//119
f 84//84 85//85 121//121
f 84//84 121//121 120//120
f 85//85 86//86 122//122
f 85//85 122//122 121//121
f 86//86 87//87 123//123
f 86//86 123//123 122//122
f 87//87 88//88 124//124
f 87//87 124//124 123//123
f 88//88 89//89 125//125
f 88//88 125//125 124//124
f 89//89 90//90 126//126
f 89//89 126//126 125//125
f 90//90 91//91 127//127
f 90//90 127//127 126//126
f 91//91 92//92 128//128
f 91//91 128//128 127//127
f 92//92 93//93 129//129
f 92//92 129//129 128//128
f 93//93 94//94 130//130
f 93//93 130//130 129//129
f 94//94 95//95 131//131
f 94//94 131//131 130//130
f 95//95 96//96 132//132
f 95//95 132//132 131//131
f 96//96 97//97 133//133
f 96//96 133//133 132//132
f 97//97 98//98 134//134
f 97//97 134//134 133//133
f 98//98 99//99 135//135
f 98//98 135//135 134//134
f 99//99 100//100 136//136
f 99//99 136//136 135//135
f 100//100 101//101 137//137
f 100//100 137//137 136//136
f 101//101 102//102 138//138
f 101//101 138//138 137//137
f 102//102 103//103 139//139
f 102//102 139//139 138//138
f 103//103 104//104 140//140
f 103//103 140//140 139//139
f 104//104 105//105 141//141
f 104//104 141//141 140//140
f 105//105 106//106 142//142
f 105//105 142//142 141//141
f 106//106 107//107 143//143
f 106//106 143//143 142//142
f 107//107 108//108 144//144
f 107//107 144//144 143//143
f 108//108 73//73 109//109
f 108//108 109//109 144//144
f 109//109 110//110 146//146
f 109//109 146//146 145//145
f 110//110 111//111 147//147
f 110//110 147//147 146//146
f 111//111 112//112 148//148
f 111//111 148//148 147//147
f 112//112 113//113 149//149
f 112//112 149//149 148//148
f 113//113 114//114 150//150
f 113//113 150//150 149//149
f 114//114 115//115 151//151
f 114//114 151//151 150//150
f 115//115 116//116 152//152
f 115//115 152//152 151//151
f 116//116 117//117 153//153
f 116//116 153//153 152//152
f 117//117 118//118 154//154
f 117//117 154//154 153//153
f 118//118 119//119 155//155
f 118//118 155//155 154//154
f 119//119 120//120 156//156
f 119//119 156//156 155//155
f 120//120 121//121 157//157
f 120//120 157//157 156//156
f 121//121 122//122 158//158
f 121//121 158//158 157//157
f 122//122 123//123 159//159
f 122//122 159//159 158//158
f 123//123 124//124 160//160
f 123//123 160//160 159//159
f 124//124 125//125 161//161
f 124//124 161//161 160//160
f 125//125 126//126 162//162
f 125//125 162//162 161//161
f 126//126 127//127 163//163
f 126//126 163//163 162//162
f 127//127 128//128 164//164
f 127//127 164//164 163//163
f 128//128 129//129 165//165
f 128//128 165//165 164//164
f 129//129 130//130 166//166
f 129//129 166//166 165//165
f 130//130 131//131 167//167
f 130//130 167//167 166//166
f 131//131 132//132 168//168
f 131//131 168//168 167//167
f 132//132 133//133 169//169
f 132//132 169//169 168//168
f 133//133 134//134 170//170
f 133//133 170//170 169//169
f 134//134 135//135 171//171
f 134//134 171//171 170//170
f 135//135 136//136 172//172
f 135//135 172//172 171//171
f 136//136 137//137 173//173
f 136//136 173//173 172//172
f 137//137 138//138 174//174
f 137//137 174//174 173//173
f 138//138 139//139 175//175
f 138//138 175//175 174//174
f 139//139 140//140 176//176
f 139//139 176//176 175//175
f 140//140 141//141 177//177
f 140//140 177//177 176//176
f 141//141 142//142 178//178
f 141//141 178//178 177//177
f 142//142 143//143 179//179
f 142//142 179//179 178//178
f 143//143 144//144 180//180
f 143//143 180//180 179//179
f 144//144 109//109 145//145
f 144//144 145//145 180//180
f 145//145 146//146 182//182
f 145//145 182//182 181//181
f 146//146 147//147 183//183
f 146//146 183//183 182//182
f 147//147 148//148 184//184
f 147//147 184//184 183//183
f 148//148 149//149 185//185
f 148//148 185//185 184//184
f 149//149 150//150 186//186
f 149//149 186//186 185//185
f 150//150 151//151 187//187
f 150//150 187//187 186//186
f 151//151 152//152 188//188
f 151//151 188//188 187//187
f 152//152 153//153 189//189
f 152//152 189//189 188//188
f 153//153 154//154 190//190
f 153//153 190//190 189//189
f 154//154 155//155 191//191
f 154//154 191//191 190//190
f 155//155 156//156 192//192
f 155//155 192//192 191//191
f 156//156 157//157 193//193
f 156//156 193//193 192//192
f 157//157 158//158 194//194
f 157//157 194//194 193//193
f 158//158 159//159 195//195
f 158//158 195//195 194//194
f 159//159 160//160 196//196
f 159//159 196//196 195//195
f 160//160 161//161 197//197
f 160//160 197//197 196//196
f 161//161 162//162 198//198
f 161//161 198//198 197//197
f 162//162 163//163 199//199
f 162//162 199//199 198//198
f 163//163 164//164 200//200
f 163//163 200//200 199//199
f 164//164 165//165 201//201
f 164//164 201//201 200//200
f 165//165 166//166 202//202
f 165//165 202//202 201//201
f 166//166 167//167 203//203
f 166//166 203//203 202//202
f 167//167 168//168 204//204
f 167//167 204//204 203//203
f 168//168 169//169 205//205
f 168//168 205//205 204//204
f 169//169 170//170 206//206
f 169//169 206//206 205//205
f 170//170 171//171 207//207
f 170//170 207//207 206//206
f 171//171 172//172 208//208
f 171//171 208//208 207//207
f 172//172 173//173 209//209
f 172//172 209//209 208//208
f 173//173 174//174 210//210
f 173//173 210//210 209//209
f 174//174 175//175 211//211
f 174//174 211//211 210//210
f 175//175 176//176 212//212
f 175//175 212//212 211//211
f 176//176 177//177 213//213
f 176//176 213//213 212//212
f 177//177 178//178 214//214
f 177//177 214//214 213//213
f 178//178 179//179 215//215
f 178//178 215//215 214//214
f 179//179 180//180 216//216
f 179//179 216//216 215//215
f 180//180 145//145 181//181
f 180//180 181//181 216//216
f 181//181 182//182 218//218
f 181//181 218//218 217//217
f 182//182 183//183 219//219
f 182//182 219//219 218//218
f 183//183 184//184 220//220
f 183//183 220//220 219//219
f 184//184 185//185 221//221
f 184//184 221//221 220//220
f 185//185 186//186 222//222
f 185//185 222//222 221//221
f 186//186 187//187 223//223
f 186//186 223//223 222//222
f 187//187 188//188 224//224
f 187//187 224//224 223//223
f 188//188 189//189 225//225
f 188//188 225//225 224//224
f 189//189 190//190 226//226
f 189//189 226//226 225//225
f 190//190 191//191 227//227
f 190//190 227//227 226//226
f 191//191 192//192 228//228
f 191//191 228//228 227//227
f 192//192 193//193 229//229
f 192//192 229//229 228//228
f 193//193 194//194 230//230
f 193//193 230//230 229//229
f 194//194 195//195 231//231
f 194//194 231//231 230//230
f 195//195 196//196 232//232
f 195//195 232//232 231//231
f 196//196 197//197 233//233
f 196//196 233//233 232//232
f 197//197 198//198 234//234
f 197//197 234//234 233//233
f 198//198 199//199 235//235
f 198//198 235//235 234//234
f 199//199 200//200 236//236
f 199//199 236//236 235//235
f 200//200 201//201 237//237
f 200//200 237//237 236//236
f 201//201 202//202 238//238
f 201//201 238//238 237//237
f 202//202 203//203 239//239
f 202//202 239//239 238//238
f 203//203 204//204 240//240
f 203//203 240//240 239//239
f 204//204 205//205 241//241
f 204//204 241//241 240//240
f 205//205 206//206 242//242
f 205//205 242//242 241//241
f 206//206 207//207 243//243
f 206//206 243//243 242//242
f 207//207 208//208 244//244
f 207//207 244//244 243//243
f 208//208 209//209 245//245
f 208//208 245//245 244//244
f 209//209 210//210 246//246
f 209//209 246//246 245//245
f 210//210 211//211 247//247
f 210//210 247//247 246//246
f 211//211 212//212 248//248
f 211//211 248//248 247//247
f 212//212 213//213 249//249
f 212//212 249//249 248//248
f 213//213 214//214 250//250
f 213//213 250//250 249//249
f 214//214 215//215 251//251
f 214//214 251//251 250//250
f 215//215 216//216 252//252
f 215//215 252//252 251//251
f 216//216 181//181 217//217
f 216//216 217//217 252//252
f 217//217 218//218 254//254
f 217//217 254//254 253//253
f 218//218 219//219 255//255
f 218//218 255//255 254//254
f 219//219 220//220 256//256
f 219//219 256//256 255//255
f 220//220 221//221 257//257
f 220//220 257//257 256//256
f 221//221 222//222 258//258
f 221//221 258//258 257//257
f 222//222 223//223 259//259
f 222//222 259//259 258//258
f 223//223 224//224 260//260
f 223//223 260//260 259//259
f 224//224 225//225 261//261
f 224//224 261//261 260//260
f 225//225 226//226 262//262
f 225//225 262//262 261//261
f 226//226 227//227 263//263
f 226//226 263//263 262//262
f 227//227 228//228 264//264
f 227//227 264//264 263//263
f 228//228 229//229 265//265
f 228//228 265//265 264//264
f 229//229 230//230 266//266
f 229//229 266//266 265//265
f 230//230 231//231 267//267
f 230//230 267//267 266//266
f 231//231 232//232 268//268
f 231//231 268//268 267//267
f 232//232 233//233 269//269
f 232//232 269//269 268//268
f 233//233 234//234 270//270
f 233//233 270//270 269//269
f 234//234 235//235 271//271
f 234//234 271//271 270//270
f 235//235 236//236 272//272
f 235//235 272//272 271//271
f 236//236 237//237 273//273
f 236//236 273//273 272//272
f 237//237 238//238 274//274
f 237//237 274//274 273//273
f 238//238 239//239 275//275
f 238//238 275//275 274//274
f 239//239 240//240 276//276
f 239//239 276//276 275//275
f 240//240 241//241 277//277
f 240//240 277//277 276//276
f 241//241 242//242 278//278
f 241//241 278//278 277//277
f 242//242 243//243 279//279
f 242//242 279//279 278//278
f 243//243 244//244 280//280
f 243//243 280//280 279//279
f 244//244 245//245 281//281
f 244//244 281//281 280//280
f 245//245 246//246 282//282
f 245//245 282//282 281//281
f 246//246 247//247 283//283
f 246//246 283//283 282//282
f 247//247 248//248 284//284
f 247//247 284//284 283//283
f 248//248 249//249 285//285
f 248//248 285//285 284//284
f 249//249 250//250 286//286
f 249//249 286//286 285//285
f 250//250 251//251 287//287
f 250//250 287//287 286//286
f 251//251 252//252 288//288
f 251//251 288//288 287//287
f 252//252 217//217 253//253
f 252//252 253//253 288//288
f 253//253 254//254 290//290
f 253//253 290//290 289//289
f 254//254 255//255 291//291
f 254//254 291//291 290//290
f 255//255 256//256 292//292
f 255//255 292//292 291//291
f 256//256 257//257 293//293
f 256//256 293//293 292//292
f 257//257 258//258 294//294
f 257//257 294//294 293//293
f 258//258 259//259 295//295
f 258//258 295//295 294//294
f 259//259 260//260 296//296
f 259//259 296//296 295//295
f 260//260 261//261 297//297
f 260//260 297//297 296//296
f 261//261 262//262 298//298
f 261//261 298//298 297//297
f 262//262 263//263 299//299
f 262//262 299//299 298//298
f 263//263 264//264 300//300
f 263//263 300//300 299//299
f 264//264 265//265 301//301
f 264//264 301//301 300//300
f 265//265 266//266 302//302
f 265//265 302//302 301//301
f 266//266 267//267 303//303
f 266//266 303//303 302//302
f 267//267 268//268 304//304
f 267//267 304//304 303//303
f 268//268 269//269 305//305
f 268//268 305//305 304//304
f 269//269 270//270 306//306
f 269//269 306//306 305//305
f 270//270 271//271 307//307
f 270//270 307//307 306//306
f 271//271 272//272 308//308
f 271//271 308//308 307//307
f 272//272 273//273 309//309
f 272//272 309//309 308//308
f 273//273 274//274 310//310
f 273//273 310//310 309//309
f 274//274 275//275 311//311
f 274//274 311//311 310//310
f 275//275 276//276 312//312
f 275//275 312//312 311//311
f 276//276 277//277 313//313
f 276//276 313//313 312//312
f 277//277 278//278 314//314
f 277//277 314//314 313//313
f 278//278 279//279 315//315
f 278//278 315//315 314//314
f 279//279 280//280 316//316
f 279//279 316//316 315//315
f 280//280 281//281 317//317
f 280//280 317//317 316//316
f 281//281 282//282 318//318
f 281//281 318//318 317//317
f 282//282 283//283 319//319
f 282//282 319//319 318//318
f 283//283 284//284 320//320
f 283//283 320//320 319//319
f 284//284 285//285 321//321
f 284//284 321//321 320//320
f 285//285 286//286 322//322
f 285//285 322//322 321//321
f 286//286 287//287 323//323
f 286//286 323//323 322//322
f 287//287 288//288 324//324
f 287//287 324//324 323//323
f 288//288 253//253 289//289
f 288//288 289//289 324//324
f 289//289 290//290 326//326
f 289//289 326//326 325//325
f 290//290 291//291 327//327
f 290//290 327//327 326//326
f 291//291 292//292 328//328
f 291//291 328//328 327//327
f 292//292 293//293 329//329
f 292//292 329//329 328//328
f 293//293 294//294 330//330
f 293//293 330//330 329//329
f 294//294 295//295 331//331
f 294//294 331//331 330//330
f 295//295 296//296 332//332
f 295//295 332//332 331//331
f 296//296 297//297 333//333
f 296//296 333//333 332//332
f 297//297 298//298 334//334
f 297//297 334//334 333//333
f 298//298 299//299 335//335
f 298//298 335//335 334//334
f 299//299 300//300 336//336
f 299//299 336//336 335//335
f 300//300 301//301 337//337
f 300//300 337//337 336//336
f 301//301 302//302 338//338
f 301//301 338//338 337//337
f 302//302 303//303 339//339
f 302//302 339//339 338//338
f 303//303 304//304 340//340
f 303//303 340//340 339//339
f 304//304 305//305 341//341
f 304//304 341//341 340//340
f 305//305 306//306 342//342
f 305//305 342//342 341//341
f 306//306 307//307 343//343
f 306//306 343//343 342//342
f 307//307 308//308 344//344
f 307//307 344//344 343//343
f 308//308 309//309 345//345
f 308//308 345//345 344//344
f 309//309 310//310 346//346
f 309//309 346//346 345//345
f 310//310 311//311 347//347
f 310//310 347//347 346//346
f 311//311 312//312 348//348
f 311//311 348//348 347//347
f 312//312 313//313 349//349
f 312//312 349//349 348//348
f 313//313 314//314 350//350
f 313//313 350//350 349//349
f 314//314 315//315 351//351
f 314//314 351//351 350//350
f 315//315 316//316 352//352
f 315//315 352//352 351//351
f 316//316 317//317 353//353
f 316//316 353//353 352//352
f 317//317 318//318 354//354
f 317//317 354//354 353//353
f 318//318 319//319 355//355
f 318//318 355//355 354//354
f 319//319 320//320 356//356
f 319//319 356//356 355//355
f 320//320 321//321 357//357
f 320//320 357//357 356//356
f 321//321 322//322 358//358
f 321//321 358//358 357//357
f 322//322 323//323 359//359
f 322//322 359//359 358//358
f 323//323 324//324 360//360
f 323//323 360//360 359//359
f 324//324 289//289 325//325
f 324//324 325//325 360//360
f 325//325 326//326 362//362
f 325//325 362//362 361//361
f 326//326 327//327 363//363
f 326//326 363//363 362//362
f 327//327 328//328 364//364
f 327//327 364//364 363//363
f 328//328 329//329 365//365
f 328//328 365//365 364//364
f 329//329 330//330 366//366
f 329//329 366//366 365//365
f 330//330 331//331 367//367
f 330//330 367//367 366//366
f 331//331 332//332 368//368
f 331//331 368//368 367//367
f 332//332 333//333 369//369
f 332//332 369//369 368//368
f 333//333 334//334 370//370
f 333//333 370//370 369//369
f 334//334 335//335 371//371
f 334//334 371//371 370//370
f 335//335 336//336 372//372
f 335//335 372//372 371//371
f 336//336 337//337 373//373
f 336//336 373//373 372//372
f 337//337 338//338 374//374
f 337//337 374//374 373//373
f 338//338 339//339 375//375
f 338//338 375//375 374//374
f 339//339 340//340 376//376
f 339//339 376//376 375//375
f 340//340 341//341 377//377
f 340//340 377//377 376//376
f 341//341 342//342 378//378
f 341//341 378//378 377//377
f 342//342 343//343 379//379
f 342//342 379//379 378//378
f 343//343 344//344 380//380
f 343//343 380//380 379//379
f 344//344 345//345 381//381
f 344//344 381//381 380//380
f 345//345 346//346 382//382
f 345//345 382//382 381//381
f 346//346 347//347 383//383
f 346//346 383//383 382//382
f 347//347 348//348 384//384
f 347//347 384//384 383//383
f 348//348 349//349 385//385
f 348//348 385//385 384//384
f 349//349 350//350 386//386
f 349//349 386//386 385//385
f 350//350 351//351 387//387
f 350//350 387//387 386//386
f 351//351 352//352 388//388
f 351//351 388//388 387//387
f 352//352 353//353 389//389
f 352//352 389//389 388//388
f 353//353 354//354 390//390
f 353//353 390//390 389//389
f 354//354 355//355 391//391
f 354//354 391//391 390//390
f 355//355 356//356 392//392
f 355//355 392//392 391//391
f 356//356 357//357 393//393
f 356//356 393//393 392//392
f 357//357 358//358 394//394
f 357//357 394//394 393//393
f 358//358 359//359 395//395
f 358//358 395//395 394//394
f 359//359 360//360 396//396
f 359//359 396//396 395//395
f 360//360 325//325 361//361
f 360//360 361//361 396//396
f 361//361 362//362 398//398
f 361//361 398//398 397//397
f 362//362 363//363 399//399
f 362//362 399//399 398//398
f 363//363 364//364 400//400
f 363//363 400//400 399//399
f 364//364 365//365 401//401
f 364//364 401//401 400//400
f 365//365 366//366 402//402
f 365//365 402//402 401//401
f 366//366 367//367 403//403
f 366//366 403//403 402//402
f 367//367 368//368 404//404
f 367//367 404//404 403//403
f 368//368 369//369 405//405
f 368//368 405//405 404//404
f 369//369 370//370 406//406
f 369//369 406//406 405//405
f 370//370 371//371 407//407
f 370//370 407//407 406//406
f 371//371 372//372 408//408
f 371//371 408//408 407//407
f 372//372 373//373 409//409
f 372//372 409//409 408//408
f 373//373 374//374 410//410
f 373//373 410//410 409//409
f 374//374 375//375 411//411
f 374//374 411//411 410//410
f 375//375 376//376 412//412
f 375//375 412//412 411//411
f 376//376 377//377 413//413
f 376//376 413//413 412//412
f 377//377 378//378 414//414
f 377//377 414//414 413//413
f 378//378 379//379 415//415
f 378//378 415//415 414//414
f 379//379 380//380 416//416
f 379//379 416//416 415//415
f 380//380 381//381 417//417
f 380//380 417//417 416//416
f 381//381 382//382 418//418
f 381//381 418//418 417//417
f 382//382 383//383 419//419
f 382//382 419//419 418//418
f 383//383 384//384 420//420
f 383//383 420//420 419//419
f 384//384 385//385 421//421
f 384//384 421//421 420//420
f 385//385 386//386 422//422
f 385//385 422//422 421//421
f 386//386 387//387 423//423
f 386//386 423//423 422//422
f 387//387 388//388 424//424
f 387//387 424//424 423//423
f 388//388 389//389 425//425
f 388//388 425//425 424//424
f 389//389 390//390 426//426
f 389//389 426//426 425//425
f 390//390 391//391 427//427
f 390//390 427//427 426//426
f 391//391 392//392 428//428
f 391//391 428//428 427//427
f 392//392 393//393 429//429
f 392//392 429//429 428//428
f 393//393 394//394 430//430
f 393//393 430//430 429//429
f 394//394 395//395 431//431
f 394//394 431//431 430//430
f 395//395 396//396 432//432
f 395//395 432//432 431//431
f 396//396 361//361 397//397
f 396//396 397//397 432//432
f 397//397 398//398 434//434
f 397//397 434//434 433//433
f 398//398 399//399 435//435
f 398//398 435//435 434//434
f 399//399 400//400 436//436
f 399//399 436//436 435//435
f 400//400 401//401 437//437
f 400//400 437//437 436//436
f 401//401 402//402 438//438
f 401//401 438//438 437//437
f 402//402 403//403 439//439
f 402//402 439//439 438//438
f 403//403 404//404 440//440
f 403//403 440//440 439//439
f 404//404 405//405 441//441
f 404//404 441//441 440//440
f 405//405 406//406 442//442
f 405//405 442//442 441//441
f 406//406 407//407 443//443
f 406//406 443//443 442//442
f 407//407 408//408 444//444
f 407//407 444//444 443//443
f 408//408 409//409 445//445
f 408//408 445//445 444//444
f 409//409 410//410 446//446
f 409//409 446//446 445//445
f 410//410 411//411 447//447
f 410//410 447//447 446//446
f 411//411 412//412 448//448
f 411//411 448//448 447//447
f 412//412 413//413 449//449
f 412//412 449//449 448//448
f 413//413 414//414 450//450
f 413//413 450//450 449//449
f 414//414 415//415 451//451
f 414//414 451//451 450//450
f 415//415 416//416 452//452
f 415//415 452//452 451//451
f 416//416 417//417 453//453
f 416//416 453//453 452//452
f 417//417 418//418 454//454
f 417//417 454//454 453//453
f 418//418 419//419 455//455
f 418//418 455//455 454//454
f 419//419 420//420 456//456
f 419//419 456//456 455//455
f 420//420 421//421 457//457
f 420//420 457//457 456//456
f 421//421 422//422 458//458
f 421//421 458//458 457//457
f 422//422 423//423 459//459
f 422//422 459//459 458//458
f 423//423 424//424 460//460
f 423//423 460//460 459//459
f 424//424 425//425 461//461
f 424//424 461//461 460//460
f 425//425 426//426 462//462
f 425//425 462//462 461//461
f 426//426 427//427 463//463
f 426//426 463//463 462//462
f 427//427 428//428 464//464
f 427//427 464//464 463//463
f 428//428 429//429 465//465
f 428//428 465//465 464//464
f 429//429 430//430 466//466
f 429//429 466//466 465//465
f 430//430 431//431 467//467
f 430//430 467//467 466//466
f 431//431 432//432 468//468
f 431//431 468//468 467//467
f 432//432 397//397 433//433
f 432//432 433//433 468//468
f 433//433 434//434 470//470
f 433//433 470//470 469//469
f 434//434 435//435 471//471
f 434//434 471//471 470//470
f 435//435 436//436 472//472
f 435//435 472//472 471//471
f 436//436 437//437 473//473
f 436//436 473//473 472//472
f 437//437 438//438 474//474
f 437//437 474//474 473//473
f 438//438 439//439 475//475
f 438//438 475//475 474//474
f 439//439 440//440 476//476
f 439//439 476//476 475//475
f 440//440 441//441 477//477
f 440//440 477//477 476//476
f 441//441 442//442 478//478
f 441//441 478//478 477//477
f 442//442 443//443 479//479
f 442//442 479//479 478//478
f 443//443 444//444 480//480
f 443//443 480//480 479//479
f 444//444 445//445 481//481
f 444//444 481//481 480//480
f 445//445 446//446 482//482
f 445//445 482//482 481//481
f 446//446 447//447 483//483
f 446//446 483//483 482//482
f 447//447 448//448 484//484
f 447//447 484//484 483//483
f 448//448 449//449 485//485
f 448//448 485//485 484//484
f 449//449 450//450 486//486
f 449//449 486//486 485//485
f 450//450 451//451 487//487
f 450//450 487//487 486//486
f 451//451 452//452 488//488
f 451//451 488//488 487//487
f 452//452 453//453 489//489
f 452//452 489//489 488//488
f 453//453 454//454 490//490
f 453//453 490//490 489//489
f 454//454 455//455 491//491
f 454//454 491//491 490//490
f 455//455 456//456 492//492
f 455//455 492//492 491//491
f 456//456 457//457 493//493
f 456//456 493//493 492//492
f 457//457 458//458 494//494
f 457//457 494//494 493//493
f 458//458 459//459 495//495
f 458//458 495//495 494//494
f 459//459 460//460 496//496
f 459//459 496//496 495//495
f 460//460 461//461 497//497
f 460//460 497//497 496//496
f 461//461 462//462 498//498
f 461//461 498//498 497//497
f 462//462 463//463 499//499
f 462//462 499//499 498//498
f 463//463 464//464 500//500
f 463//463 500//500 499//499
f 464//464 465//465 501//501
f 464//464 501//501 500//500
f 465//465 466//466 502//502
f 465//465 502//502 501//501
f 466//466 467//467 503//503
f 466//466 503//503 502//502
f 467//467 468//468 504//504
f 467//467 504//504 503//503
f 468//468 433//433 469//469
f 468//468 469//469 504//504
f 469//469 470//470 506//506
f 469//469 506//506 505//505
f 470//470 471//471 507//507
f 470//470 507//507 506//506
f 471//471 472//472 508//508
f 471//471 508//508 507//507
f 472//472 473//473 509//509
f 472//472 509//509 508//508
f 473//473 474//474 510//510
f 473//473 510//510 509//509
f 474//474 475//475 511//511
f 474//474 511//511 510//510
f 475//475 476//476 512//512
f 475//475 512//512 511//511
f 476//476 477//477 513//513
f 476//476 513//513 512//512
f 477//477 478//478 514//514
f 477//477 514//514 513//513
f 478//478 479//479 515//515
f 478//478 515//515 514//514
f 479//479 480//480 516//516
f 479//479 516//516 515//515
f 480//480 481//481 517//517
f 480//480 517//517 516//516
f 481//481 482//482 518//518
f 481//481 518//518 517//517
f 482//482 483//483 519//519
f 482//482 519//519 518//518
f 483//483 484//484 520//520
f 483//483 520//520 519//519
f 484//484 485//485 521//521
f 484//484 521//521 520//520
f 485//485 486//486 522//522
f 485//485 522//522 521//521
f 486//486 487//487 523//523
f 486//486 523//523 522//522
f 487//487 488//488 524//524
f 487//487 524//524 523//523
f 488//488 489//489 525//525
f 488//488 525//525 524//524
f 489//489 490//490 526//526
f 489//489 526//526 525//525
f 490//490 491//491 527//527
f 490//490 527//527 526//526
f 491//491 492//492 528//528
f 491//491 528//528 527//527
f 492//492 493//493 529//529
f 492//492 529//529 528//528
f 493//493 494//494 530//530
f 493//493 530//530 529//529
f 494//494 495//495 531//531
f 494//494 531//531 530//530
f 495//495 496//496 532//532
f 495//495 532//532 531//531
f 496//496 497//497 533//533
f 496//496 533//533 532//532
f 497//497 498//498 534//534
f 497//497 534//534 533//533
f 498//498 499//499 535//535
f 498//498 535//535 534//534
f 499//499 500//500 536//536
f 499//499 536//536 535//535
f 500//500 501//501 537//537
f 500//500 537//537 536//536
f 501//501 502//502 538//538
f 501//501 538//538 537//537
f 502//502 503//503 539//539
f 502//502 539//539 538//538
f 503//503 504//504 540//540
f 503//503 540//540 539//539
f 504//504 469//469 505//505
f 504//504 505//505 540//540
f 505//505 506//506 542//542
f 505//505 542//542 541//541
f 506//506 507//507 543//543
f 506//506 543//543 542//542
f 507//507 508//508 544//544
f 507//507 544//544 543//543
f 508//508 509//509 545//545
f 508//508 545//545 544//544
f 509//509 510//510 546//546
f 509//509 546//546 545//545
f 510//510 511//511 547//547
f 510//510 547//547 546//546
f 511//511 512//512 548//548
f 511//511 548//548 547//547
f 512//512 513//513 549//549
f 512//512 549//549 548//548
f 513//513 514//514 550//550
f 513//513 550//550 549//549
f 514//514 515//515 551//551
f 514//514 551//551 550//550
f 515//515 516//516 552//552
f 515//515 552//552 551//551
f 516//516 517//517 553//553
f 516//516 553//553 552//552
f 517//517 518//518 554//554
f 517//517 554//554 553//553
f 518//518 519//519 555//555
f 518//518 555//555 554//554
f 519//519 520//520 556//556
f 519//519 556//556 555//555
f 520//520 521//521 557//557
f 520//520 557//557 556//556
f 521//521 522//522 558//558
f 521//521 558//558 557//557
f 522//522 523//523 559//559
f 522//522 559//559 558//558
f 523//523 524//524 560//560
f 523//523 560//560 559//559
f 524//524 525//525 561//561
f 524//524 561//561 560//560
f 525//525 526//526 562//562
f 525//525 562//562 561//561
f 526//526 527//527 563//563
f 526//526 563//563 562//562
f 527//527 528//528 564//564
f 527//527 564//564 563//563
f 528//528 529//529 565//565
f 528//528 565//565 564//564
f 529//529 530//530 566//566
f 529//529 566//566 565//565
f 530//530 531//531 567//567
f 530//530 567//567 566//566
f 531//531 532//532 568//568
f 531//531 568//568 567//567
f 532//532 533//533 569//569
f 532//532 569//569 568//568
f 533//533 534//534 570//570
f 533//533 570//570 569//569
f 534//534 535//535 571//571
f 534//534 571//571 570//570
f 535//535 536//536 572//572
f 535//535 572//572 571//571
f 536//536 537//537 573//573
f 536//536 573//573 572//572
f 537//537 538//538 574//574
f 537//537 574//574 573//573
f 538//538 539//539 575//575
f 538//538 575//575 574//574
f 539//539 540//540 576//576
f 539//539 576//576 575//575
f 540//540 505//505 541//541
f 540//540 541//541 576//576
f 541//541 542//542 578//578
f 541//541 578//578 577//577
f 542//542 543//543 579//579
f 542//542 579//579 578//578
f 543//543 544//544 580//580
f 543//543 580//580 579//579
f 544//544 545//545 581//581
f 544//544 581//581 580//580
f 545//545 546//546 582//582
f 545//545 582//582 581//581
f 546//546 547//547 583//583
f 546//546 583//583 582//582
f 547//547 548//548 584//584
f 547//547 584//584 583//583
f 548//548 549//549 585//585
f 548//548 585//585 584//584
f 549//549 550//550 586//586
f 549//549 586//586 585//585
f 550//550 551//551 587//587
f 550//550 587//587 586//586
f 551//551 552//552 588//588
f 551//551 588//588 587//587
f 552//552 553//553 589//589
f 552//552 589//589 588//588
f 553//553 554//554 590//590
f 553//553 590//590 589//589
f 554//554 555//555 591//591
f 554//554 591//591 590//590
f 555//555 556//556 592//592
f 555//555 592//592 591//591
f 556//556 557//557 593//593
f 556//556 593//593 592//592
f 557//557 558//558 594//594
f 557//557 594//594 593//593
f 558//558 559//559 595//595
f 558//558 595//595 594//594
f 559//559 560//560 596//596
f 559//559 596//596 595//595
f 560//560 561//561 597//597
f 560//560 597//597 596//596
f 561//561 562//562 598//598
f 561//561 598//598 597//597
f 562//562 563//563 599//599
f 562//562 599//599 598//598
f 563//563 564//564 600//600
f 563//563 600//600 599//599
f 564//564 565//565 601//601
f 564//564 601//601 600//600
f 565//565 566//566 602//602
f 565//565 602//602 601//601
f 566//566 567//567 603//603
f 566//566 603//603 602//602
f 567//567 568//568 604//604
f 567//567 604//604 603//603
f 568//568 569//569 605//605
f 568//568 605//605 604//604
f 569//569 570//570 606//606
f 569//569 606//606 605//605
f 570//570 571//571 607//607
f 570//570 607//607 606//606
f 571//571 572//572 608//608
f 571//571 608//608 607//607
f 572//572 573//573 609//609
f 572//572 609//609 608//608
f 573//573 574//574 610//610
f 573//573 610//610 609//609
f 574//574 575//575 611//611
f 574//574 611//611 610//610
f 575//575 576//576 612//612
f 575//575 612//612 611//611
f 576//576 541//541 577//577
f 576//576 577//577 612//612
f 577//577 578//578 614//614
f 577//577 614//614 613//613
f 578//578 579//579 615//615
f 578//578 615//615 614//614
f 579//579 580//580 616//616
f 579//579 616//616 615//615
f 580//580 581//581 617//617
f 580//580 617//617 616//616
f 581//581 582//582 618//618
f 581//581 618//618 617//617
f 582//582 583//583 619//619
f 582//582 619//619 618//618
f 583//583 584//584 620//620
f 583//583 620//620 619//619
f 584//584 585//585 621//621
f 584//584 621//621 620//620
f 585//585 586//586 622//622
f 585//585 622//622 621//621
f 586//586 587//587 623//623
f 586//586 623//623 622//622
f 587//587 588//588 624//624
f 587//587 624//624 623//623
f 588//588 589//589 625//625
f 588//588 625//625 624//624
f 589//589 590//590 626//626
f 589//589 626//626 625//625
f 590//590 591//591 627//627
f 590//590 627//627 626//626
f 591//591 592//592 628//628
f 591//591 628//628 627//627
f 592//592 593//593 629//629
f 592//592 629//629 628//628
f 593//593 594//594 630//630
f 593//593 630//630 629//629
f 594//594 595//595 631//631
f 594//594 631//631 630//630
f 595//595 596//596 632//632
f 595//595 632//632 631//631
f 596//596 597//597 633//633
f 596//596 633//633 632//632
f 597//597 598//598 634//634
f 597//597 634//634 633//633
f 598//598 599//599 635//635
f 598//598 635//635 634//634
f 599//599 600//600 636//636
f 599//599 636//636 635//635
f 600//600 601//601 637//637
f 600//600 637//637 636//636
f 601//601 602//602 638//638
f 601//601 638//638 637//637
f 602//602 603//603 639//639
f 602//602 639//639 638//638
f 603//603 604//604 640//640
f 603//603 640//640 639//639
f 604//604 605//605 641//641
f 604//604 641//641 640//640
f 605//605 606//606 642//642
f 605//605 642//642 641//641
f 606//606 607//607 643//643
f 606//606 643//643 642//642
f 607//607 608//608 644//644
f 607//607 644//644 643//643
f 608//608 609//609 645//645
f 608//608 645//645 644//644
f 609//609 610//610 646//646
f 609//609 646//646 645//645
f 610//610 611//611 647//647
f 610//610 647//647 646//646
f 611//611 612//612 648//648
f 611//611 648//648 647//647
f 612//612 577//577 613//613
f 612//612 613//613 648//648
f 613//613 614//614 650//650
f 613//613 650//650 649//649
f 614//614 615//615 651//651
f 614//614 651//651 650//650
f 615//615 616//616 652//652
f 615//615 652//652 651//651
f 616//616 617//617 653//653
f 616//616 653//653 652//652
f 617//617 618//618 654//654
f 617//617 654//654 653//653
f 618//618 619//619 655//655
f 618//618 655//655 654//654
f 619//619 620//620 656//656
f 619//619 656//656 655//655
f 620//620 621//621 657//657
f 620//620 657//657 656//656
f 621//621 622//622 658//658
f 621//621 658//658 657//657
f 622//622 623//623 659//659
f 622//622 659//659 658//658
f 623//623 624//624 660//660
f 623//623 660//660 659//659
f 624//624 625//625 661//661
f 624//624 661//661 660//660
f 625//625 626//626 662//662
f 625//625 662//662 661//661
f 626//626 627//627 663//663
f 626//626 663//663 662//662
f 627//627 628//628 664//664
f 627//627 664//664 663//663
f 628//628 629//629 665//665
f 628//628 665//665 664//664
f 629//629 630//630 666//666
f 629//629 666//666 665//665
f 630//630 631//631 667//667
f 630//630 667//667 666//666
f 631//631 632//632 668//668
f 631//631 668//668 667//667
f 632//632 633//633 669//669
f 632//632 669//669 668//668
f 633//633 634//634 670//670
f 633//633 670//670 669//669
f 634//634 635//635 671//671
f 634//634 671//671 670//670
f 635//635 636//636 672//672
f 635//635 672//672 671//671
f 636//636 637//637 673//673
f 636//636 673//673 672//672
f 637//637 638//638 674//674
f 637//637 674//674 673//673
f 638//638 639//639 675//675
f 638//638 675//675 674//674
f 639//639 640//640 676//676
f 639//639 676//676 675//675
f 640//640 641//641 677//677
f 640//640 677//677 676//676
f 641//641 642//642 678//678
f 641//641 678//678 677//677
f 642//642 643//643 679//679
f 642//642 679//679 678//678
f 643//643 644//644 680//680
f 643//643 680//680 679//679
f 644//644 645//645 681//681
f 644//644 681//681 680//680
f 645//645 646//646 682//682
f 645//645 682//682 681//681
f 646//646 647//647 683//683
f 646//646 683//683 682//682
f 647//647 648//648 684//684
f 647//647 684//684 683//683
f 648//648 613//613 649//649
f 648//648 649//649 684//684
f 649//649 650//650 686//686
f 649//649 686//686 685//685
f 650//650 651//651 687//687
f 650//650 687//687 686//686
f 651//651 652//652 688//688
f 651//651 688//688 687//687
f 652//652 653//653 689//689
f 652//652 689//689 688//688
f 653//653 654//654 690//690
f 653//653 690//690 689//689
f 654//654 655//655 691//691
f 654//654 691//691 690//690
f 655//655 656//656 692//692
f 655//655 692//692 691//691
f 656//656 657//657 693//693
f 656//656 693//693 692//692
f 657//657 658//658 694//694
f 657//657 694//694 693//693
f 658//658 659//659 695//695
f 658//658 695//695 694//694
f 659//659 660//660 696//696
f 659//659 696//696 695//695
f 660//660 661//661 697//697
f 660//660 697//697 696//696
f 661//661 662//662 698//698
f 661//661 698//698 697//697
f 662//662 663//663 699//699
f 662//662 699//699 698//698
f 663//663 664//664 700//700
f 663//663 700//700 699//699
f 664//664 665//665 701//701
f 664//664 701//701 700//700
f 665//665 666//666 702//702
f 665//665 702//702 701//701
f 666//666 667//667 703//703
f 666//666 703//703 702//702
f 667//667 668//668 704//704
f 667//667 704//704 703//703
f 668//668 669//669 705//705
f 668//668 705//705 704//704
f 669//669 670//670 706//706
f 669//669 706//706 705//705
f 670//670 671//671 707//707
f 670//670 707//707 706//706
f 671//671 672//672 708//708
f 671//671 708//708 707//707
f 672//672 673//673 709//709
f 672//672 709//709 708//708
f 673//673 674//674 710//710
f 673//673 710//710 709//709
f 674//674 675//675 711//711
f 674//674 711//711 710//710
f 675//675 676//676 712//712
f 675//675 712//712 711//711
f 676//676 677//677 713//713
f 676//676 713//713 712//712
f 677//677 678//678 714//714
f 677//677 714//714 713//713
f 678//678 679//679 715//715
f 678//678 715//715 714//714
f 679//679 680//680 716//716
f 679//679 716//716 715//715
f 680//680 681//681 717//717
f 680//680 717//717 716//716
f 681//681 682//682 718//718
f 681//681 718//718 717//717
f 682//682 683//683 719//719
f 682//682 719//719 718//718
f 683//683 684//684 720//720
f 683//683 720//720 719//719
f 684//684 649//649 685//685
f 684//684 685//685 720//720
f 685//685 686//686 722//722
f 685//685 722//722 721//721
f 686//686 687//687 723//723
f 686//686 723//723 722//722
f 687//687 688//688 724//724
f 687//687 724//724 723//723
f 688//688 689//689 725//725
f 688//688 725//725 724//724
f 689//689 690//690 726//726
f 689//689 726//726 725//725
f 690//690 691//691 727//727
f 690//690 727//727 726//726
f 691//691 692//692 728//728
f 691//691 728//728 727//727
f 692//692 693//693 729//729
f 692//692 729//729 728//728
f 693//693 694//694 730//730
f 693//693 730//730 729//729
f 694//694 695//695 731//731
f 694//694 731//731 730//730
f 695//695 696//696 732//732
f 695//695 732//732 731//731
f 696//696 697//697 733//733
f 696//696 733//733 732//732
f 697//697 698//698 734//734
f 697//697 734//734 733//733
f 698//698 699//699 735//735
f 698//698 735//735 734//734
f 699//699 700//700 736//736
f 699//699 736//736 735//735
f 700//700 701//701 737//737
f 700//700 737//737 736//736
f 701//701 702//702 738//738
f 701//701 738//738 737//737
f 702//702 703//703 739//739
f 702//702 739//739 738//738
f 703//703 704//704 740//740
f 703//703 740//740 739//739
f 704//704 705//705 741//741
f 704//704 741//741 740//740
f 705//705 706//706 742//742
f 705//705 742//742 741//741
f 706//706 707//707 743//743
f 706//706 743//743 742//742
f 707//707 708//708 744//744
f 707//707 744//744 743//743
f 708//708 709//709 745//745
f 708//708 745//745 744//744
f 709//709 710//710 746//746
f 709//709 746//746 745//745
f 710//710 711//711 747//747
f 710//710 747//747 746//746
f 711//711 712//712 748//748
f 711//711 748//748 747//747
f 712//712 713//713 749//749
f 712//712 749//749 748//748
f 713//713 714//714 750//750
f 713//713 750//750 749//749
f 714//714 715//715 751//751
f 714//714 751//751 750//750
f 715//715 716//716 752//752
f 715//715 752//752 751//751
f 716//716 717//717 753//753
f 716//716 753//753 752//752
f 717//717 718//718 754//754
f 717//717 754//754 753//753
f 718//718 719//719 755//755
f 718//718 755//755 754//754
f 719//719 720//720 756//756
f 719//719 756//756 755//755
f 720//720 685//685 721//721
f 720//720 721//721 756//756
f 721//721 722//722 758//758
f 721//721 758//758 757//757
f 722//722 723//723 759//759
f 722//722 759//759 758//758
f 723//723 724//724 760//760
f 723//723 760//760 759//759
f 724//724 725//725 761//761
f 724//724 761//761 760//760
f 725//725 726//726 762//762
f 725//725 762//762 761//761
f 726//726 727//727 763//763
f 726//726 763//763 762//762
f 727//727 728//728 764//764
f 727//727 764//764 763//763
f 728//728 729//729 765//765
f 728//728 765//765 764//764
f 729//729 730//730 766//766
f 729//729 766//766 765//765
f 730//730 731//731 767//767
f 730//730 767//767 766//766
f 731//731 732//732 768//768
f 731//731 768//768 767//767
f 732//732 733//733 769//769
f 732//732 769//769 768//768
f 733//733 734//734 770//770
f 733//733 770//770 769//769
f 734//734 735//735 771//771
f 734//734 771//771 770//770
f 735//735 736//736 772//772
f 735//735 772//772 771//771
f 736//736 737//737 773//773
f 736//736 773//773 772//772
f 737//737 738//738 774//774
f 737//737 774//774 773//773
f 738//738 739//739 775//775
f 738//738 775//775 774//774
f 739//739 740//740 776//776
f 739//739 776//776 775//775
f 740//740 741//741 777//777
f 740//740 777//777 776//776
f 741//741 742//742 778//778
f 741//741 778//778 777//777
f 742//742 743//743 779//779
f 742//742 779//779 778//778
f 743//743 744//744 780//780
f 743//743 780//780 779//779
f 744//744 745//745 781//781
f 744//744 781//781 780//780
f 745//745 746//746 782//782
f 745//745 782//782 781//781
f 746//746 747//747 783//783
f 746//746 783//783 782//782
f 747//747 748//748 784//784
f 747//747 784//784 783//783
f 748//748 749//749 785//785
f 748//748 785//785 784//784
f 749//749 750//750 786//786
f 749//749 786//786 785//785
f 750//750 751//751 787//787
f 750//750 787//787 786//786
f 751//751 752//752 788//788
f 751//751 788//788 787//787
f 752//752 753//753 789//789
f 752//752 789//789 788//788
f 753//753 754//754 790//790
f 753//753 790//790 789//789
f 754//754 755//755 791//791
f 754//754 791//791 790//790
f 755//755 756//756 792//792
f 755//755 792//792 791//791
f 756//756 721//721 757//757
f 756//756 757//757 792//792
f 757//757 758//758 794//794
f 757//757 794//794 793//793
f 758//758 759//759 795//795
f 758//758 795//795 794//794
f 759//759 760//760 796//796
f 759//759 796//796 795//795
f 760//760 761//761 797//797
f 760//760 797//797 796//796
f 761//761 762//762 798//798
f 761//761 798//798 797//797
f 762//762 763//763 799//799
f 762//762 799//799 798//798
f 763//763 764//764 800//800
f 763//763 800//800 799//799
f 764//764 765//765 801//801
f 764//764 801//801 800//800
f 765//765 766//766 802//802
f 765//765 802//802 801//801
f 766//766 767//767 803//803
f 766//766 803//803 802//802
f 767//767 768//768 804//804
f 767//767 804//804 803//803
f 768//768 769//769 805//805
f 768//768 805//805 804//804
f 769//769 770//770 806//806
f 769//769 806//806 805//805
f 770//770 771//771 807//807
f 770//770 807//807 806//806
f 771//771 772//772 808//808
f 771//771 808//808 807//807
f 772//772 773//773 809//809
f 772//772 809//809 808//808
f 773//773 774//774 810//810
f 773//773 810//810 809//809
f 774//774 775//775 811//811
f 774//774 811//811 810//810
f 775//775 776//776 812//812
f 775//775 812//812 811//811
f 776//776 777//777 813//813
f 776//776 813//813 812//812
f 777//777 778//778 814//814
f 777//777 814//814 813//813
f 778//778 779//779 815//815
f 778//778 815//815 814//814
f 779//779 780//780 816//816
f 779//779 816//816 815//815
f 780//780 781//781 817//817
f 780//780 817//817 816//816
f 781//781 782//782 818//818
f 781//781 818//818 817//817
f 782//782 783//783 819//819
f 782//782 819//819 818//818
f 783//783 784//784 820//820
f 783//783 820//820 819//819
f 784//784 785//785 821//821
f 784//784 821//821 820//820
f 785//785 786//786 822//822
f 785//785 822//822 821//821
f 786//786 787//787 823//823
f 786//786 823//823 822//822
f 787//787 788//788 824//824
f 787//787 824//824 823//823
f 788//788 789//789 825//825
f 788//788 825//825 824//824
f 789//789 790//790 826//826
f 789//789 826//826 825//825
f 790//790 791//791 827//827
f 790//790 827//827 826//826
f 791//791 792//792 828//828
f 791//791 828//828 827//827
f 792//792 757//757 793//793
f 792//792 793//793 828//828
f 793//793 794//794 830//830
f 793//793 830//830 829//829
f 794//794 795//795 831//831
f 794//794 831//831 830//830
f 795//795 796//796 832//832
f 795//795 832//832 831//831
f 796//796 797//797 833//833
f 796//796 833//833 832//832
f 797//797 798//798 834//834
f 797//797 834//834 833//833
f 798//798 799//799 835//835
f 798//798 835//835 834//834
f 799//799 800//800 836//836
f 799//799 836//836 835//835
f 800//800 801//801 837//837
f 800//800 837//837 836//836
f 801//801 802//802 838//838
f 801//801 838//838 837//837
f 802//802 803//803 839//839
f 802//802 839//839 838//838
f 803//803 804//804 840//840
f 803//803 840//840 839//839
f 804//804 805//805 841//841
f 804//804 841//841 840//840
f 805//805 806//806 842//842
f 805//805 842//842 841//841
f 806//806 807//807 843//843
f 806//806 843//843 842//842
f 807//807 808//808 844//844
f 807//807 844//844 843//843
f 808//808 809//809 845//845
f 808//808 845//845 844//844
f 809//809 810//810 846//846
f 809//809 846//846 845//845
f 810//810 811//811 847//847
f 810//810 847//847 846//846
f 811//811 812//812 848//848
f 811//811 848//848 847//847
f 812//812 813//813 849//849
f 812//812 849//849 848//848
f 813//813 814//814 850//850
f 813//813 850//850 849//849
f 814//814 815//815 851//851
f 814//814 851//851 850//850
f 815//815 816//816 852//852
f 815//815 852//852 851//851
f 816//816 817//817 853//853
f 816//816 853//853 852//852
f 817//817 818//818 854//854
f 817//817 854//854 853//853
f 818//818 819//819 855//855
f 818//818 855//855 854//854
f 819//819 820//820 856//856
f 819//819 856//856 855//855
f 820//820 821//821 857//857
f 820//820 857//857 856//856
f 821//821 822//822 858//858
f 821//821 858//858 857//857
f 822//822 823//823 859//859
f 822//822 859//859 858//858
f 823//823 824//824 860//860
f 823//823 860//860 859//859
f 824//824 825//825 861//861
f 824//824 861//861 860//860
f 825//825 826//826 862//862
f 825//825 862//862 861//861
f 826//826 827//827 863//863
f 826//826 863//863 862//862
f 827//827 828//828 864//864
f 827//827 864//864 863//863
f 828//828 793//793 829//829
f 828//828 829//829 864//864
f 829//829 830//830 866//866
f 829//829 866//866 865//865
f 830//830 831//831 867//867
f 830//830 867//867 866//866
f 831//831 832//832 868//868
f 831//831 868//868 867//867
f 832//832 833//833 869//869
f 832//832 869//869 868//868
f 833//833 834//834 870//870
f 833//833 870//870 869//869
f 834//834 835//835 871//871
f 834//834 871//871 870//870
f 835//835 836//836 872//872
f 835//835 872//872 871//871
f 836//836 837//837 873//873
f 836//836 873//873 872//872
f 837//837 838//838 874//874
f 837//837 874//874 873//873
f 838//838 839//839 875//875
f 838//838 875//875 874//874
f 839//839 840//840 876//876
f 839//839 876//876 875//875
f 840//840 841//841 877//877
f 840//840 877//877 876//876
f 841//841 842//842 878//878
f 841//841 878//878 877//877
f 842//842 843//843 879//879
f 842//842 879//879 878//878
f 843//843 844//844 880//880
f 843//843 880//880 879//879
f 844//844 845//845 881//881
f 844//844 881//881 880//880
f 845//845 846//846 882//882
f 845//845 882//882 881//881
f 846//846 847//847 883//883
f 846//846 883//883 882//882
f 847//847 848//848 884//884
f 847//847 884//884 883//883
f 848//848 849//849 885//885
f 848//848 885//885 884//884
f 849//849 850//850 886//886
f 849//849 886//886 885//885
f 850//850 851//851 887//887
f 850//850 887//887 886//886
f 851//851 852//852 888//888
f 851//851 888//888 887//887
f 852//852 853//853 889//889
f 852//852 889//889 888//888
f 853//853 854//854 890//890
f 853//853 890//890 889//889
f 854//854 855//855 891//891
f 854//854 891//891 890//890
f 855//855 856//856 892//892
f 855//855 892//892 891//891
f 856//856 857//857 893//893
f 856//856 893//893 892//892
f 857//857 858//858 894//894
f 857//857 894//894 893//893
f 858//858 859//859 895//895
f 858//858 895//895 894//894
f 859//859 860//860 896//896
f 859//859 896//896 895//895
f 860//860 861//861 897//897
f 860//860 897//897 896//896
f 861//861 862//862 898//898
f 861//861 898//898 897//897
f 862//862 863//863 899//899
f 862//862 899//899 898//898
f 863//863 864//864 900//900
f 863//863 900//900 899//899
f 864//864 829//829 865//865
f 864//864 865//865 900//900
f 865//865 866//866 902//902
f 865//865 902//902 901//901
f 866//866 867//867 903//903
f 866//866 903//903 902//902
f 867//867 868//868 904//904
f 867//867 904//904 903//903
f 868//868 869//869 905//905
f 868//868 905//905 904//904
f 869//869 870//870 906//906
f 869//869 906//906 905//905
f 870//870 871//871 907//907
f 870//870 907//907 906//906
f 871//871 872//872 908//908
f 871//871 908//908 907//907
f 872//872 873//873 909//909
f 872//872 909//909 908//908
f 873//873 874//874 910//910
f 873//873 910//910 909//909
f 874//874 875//875 911//911
f 874//874 911//911 910//910
f 875//875 876//876 912//912
f 875//875 912//912 911//911
f 876//876 877//877 913//913
f 876//876 913//913 912//912
f 877//877 878//878 914//914
f 877//877 914//914 913//913
f 878//878 879//879 915//915
f 878//878 915//915 914//914
f 879//879 880//880 916//916
f 879//879 916//916 915//915
f 880//880 881//881 917//917
f 880//880 917//917 916//916
f 881//881 882//882 918//918
f 881//881 918//918 917//917
f 882//882 883//883 919//919
f 882//882 919//919 918//918
f 883//883 884//884 920//920
f 883//883 920//920 919//919
f 884//884 885//885 921//921
f 884//884 921//921 920//920
f 885//885 886//886 922//922
f 885//885 922//922 921//921
f 886//886 887//887 923//923
f 886//886 923//923 922//922
f 887//887 888//888 924//924
f 887//887 924//924 923//923
f 888//888 889//889 925//925
f 888//888 925//925 924//924
f 889//889 890//890 926//926
f 889//889 926//926 925//925
f 890//890 891//891 927//927
f 890//890 927//927 926//926
f 891//891 892//892 928//928
f 891//891 928//928 927//927
f 892//892 893//893 929//929
f 892//892 929//929 928//928
f 893//893 894//894 930//930
f 893//893 930//930 929//929
f 894//894 895//895 931//931
f 894//894 931//931 930//930
f 895//895 896//896 932//932
f 895//895 932//932 931//931
f 896//896 897//897 933//933
f 896//896 933//933 932//932
f 897//897 898//898 934//934
f 897//897 934//934 933//933
f 898//898 899//899 935//935
f 898//898 935//935 934//934
f 899//899 900//900 936//936
f 899//899 936//936 935//935
f 900//900 865//865 901//901
f 900//900 901//901 936//936
f 901//901 902//902 938//938
f 901//901 938//938 937//937
f 902//902 903//903 939//939
f 902//902 939//939 938//938
f 903//903 904//904 940//940
f 903//903 940//940 939//939
f 904//904 905//905 941//941
f 904//904 941//941 940//940
f 905//905 906//906 942//942
f 905//905 942//942 941//941
f 906//906 907//907 943//943
f 906//906 943//943 942//942
f 907//907 908//908 944//944
f 907//907 944//944 943//943
f 908//908 909//909 945//945
f 908//908 945//945 944//944
f 909//909 910//910 946//946
f 909//909 946//946 945//945
f 910//910 911//911 947//947
f 910//910 947//947 946//946
f 911//911 912//912 948//948
f 911//911 948//948 947//947
f 912//912 913//913 949//949
f 912//912 949//949 948//948
f 913//913 914//914 950//950
f 913//913 950//950 949//949
f 914//914 915//915 951//951
f 914//914 951//951 950//950
f 915//915 916//916 952//952
f 915//915 952//952 951//951
f 916//916 917//917 953//953
f 916//916 953//953 952//952
f 917//917 918//918 954//954
f 917//917 954//954 953//953
f 918//918 919//919 955//955
f 918//918 955//955 954//954
f 919//919 920//920 956//956
f 919//919 956//956 955//955
f 920//920 921//921 957//957
f 920//920 957//957 956//956
f 921//921 922//922 958//958
f 921//921 958//958 957//957
f 922//922 923//923 959//959
f 922//922 959//959 958//958
f 923//923 924//924 960//960
f 923//923 960//960 959//959
f 924//924 925//925 961//961
f 924//924 961//961 960//960
f 925//925 926//926 962//962
f 925//925 962//962 961//961
f 926//926 927//927 963//963
f 926//926 963//963 962//962
f 927//927 928//928 964//964
f 927//927 964//964 963//963
f 928//928 929//929 965//965
f 928//928 965//965 964//964
f 929//929 930//930 966//966
f 929//929 966//966 965//965
f 930//930 931//931 967//967
f 930//930 967//967 966//966
f 931//931 932//932 968//968
f 931//931 968//968 967//967
f 932//932 933//933 969//969
f 932//932 969//969 968//968
f 933//933 934//934 970//970
f 933//933 970//970 969//969
f 934//934 935//935 971//971
f 934//934 971//971 970//970
f 935//935 936//936 972//972
f 935//935 972//972 971//971
f 936//936 901//901 937//937
f 936//936 937//937 972//972
f 937//937 938//938 974//974
f 937//937 974//974 973//973
f 938//938 939//939 975//975
f 938//938 975//975 974//974
f 939//939 940//940 976//976
f 939//939 976//976 975//975
f 940//940 941//941 977//977
f 940//940 977//977 976//976
f 941//941 942//942 978//978
f 941//941 978//978 977//977
f 942//942 943//943 979//979
f 942//942 979//979 978//978
f 943//943 944//944 980//980
f 943//943 980//980 979//979
f 944//944 945//945 981//981
f 944//944 981//981 980//980
f 945//945 946//946 982//982
f 945//945 982//982 981//981
f 946//946 947//947 983//983
f 946//946 983//983 982//982
f 947//947 948//948 984//984
f 947//947 984//984 983//983
f 948//948 949//949 985//985
f 948//948 985//985 984//984
f 949//949 950//950 986//986
f 949//949 986//986 985//985
f 950//950 951//951 987//987
f 950//950 987//987 986//986
f 951//951 952//952 988//988
f 951//951 988//988 987//987
f 952//952 953//953 989//989
f 952//952 989//989 988//988
f 953//953 954//954 990//990
f 953//953 990//990 989//989
f 954//954 955//955 991//991
f 954//954 991//991 990//990
f 955//955 956//956 992//992
f 955//955 992//992 991//991
f 956//956 957//957 993//993
f 956//956 993//993 992//992
f 957//957 958//958 994//994
f 957//957 994//994 993//993
f 958//958 959//959 995//995
f 958//958 995//995 994//994
f 959//959 960//960 996//996
f 959//959 996//996 995//995
f 960//960 961//961 997//997
f 960//960 997//997 996//996
f 961//961 962//962 998//998
f 961//961 998//998 997//997
f 962//962 963//963 999//999
f 962//962 999//999 998//998
f 963//963 964//964 1000//1000
f 963//963 1000//1000 999//999
f 964//964 965//965 1001//1001
f 964//964 1001//1001 1000//1000
f 965//965 966//966 1002//1002
f 965//965 1002//1002 1001//1001
f 966//966 967//967 1003//1003
f 966//966 1003//1003 1002//1002
f 967//967 968//968 1004//1004
f 967//967 1004//1004 1003//1003
f 968//968 969//969 1005//1005
f 968//968 1005//1005 1004//1004
f 969//969 970//970 1006//1006
f 969//969 1006//1006 1005//1005
f 970//970 971//971 1007//1007
f 970//970 1007//1007 1006//1006
f 971//971 972//972 1008//1008
f 971//971 1008//1008 1007//1007
f 972//972 937//937 973//973
f 972//972 973//973 1008//1008
f 973//973 974//974 1010//1010
f 973//973 1010//1010 1009//1009
f 974//974 975//975 1011//1011
f 974//974 1011//1011 1010//1010
f 975//975 976//976 1012//1012
f 975//975 1012//1012 1011//1011
f 976//976 977//977 1013//1013
f 976//976 1013//1013 1012//1012
f 977//977 978//978 1014//1014
f 977//977 1014//1014 1013//1013
f 978//978 979//979 1015//1015
f 978//978 1015//1015 1014//1014
f 979//979 980//980 1016//1016
f 979//979 1016//1016 1015//1015
f 980//980 981//981 1017//1017
f 980//980 1017//1017 1016//1016
f 981//981 982//982 1018//1018
f 981//981 1018//1018 1017//1017
f 982//982 983//983 1019//1019
f 982//982 1019//1019 1018//1018
f 983//983 984//984 1020//1020
f 983//983 1020//1020 1019//1019
f 984//984 985//985 1021//1021
f 984//984 1021//1021 1020//1020
f 985//985 986//986 1022//1022
f 985//985 1022//1022 1021//1021
f 986//986 987//987 1023//1023
f 986//986 1023//1023 1022//1022
f 987//987 988//988 1024//1024
f 987//987 1024//1024 1023//1023
f 988//988 989//989 1025//1025
f 988//988 1025//1025 1024//1024
f 989//989 990//990 1026//1026
f 989//989 1026//1026 1025//1025
f 990//990 991//991 1027//1027
f 990//990 1027//1027 1026//1026
f 991//991 992//992 1028//1028
f 991//991 1028//1028 1027//1027
f 992//992 993//993 1029//1029
f 992//992 1029//1029 1028//1028
f 993//993 994//994 1030//1030
f 993//993 1030//1030 1029//1029
f 994//994 995//995 1031//1031
f 994//994 1031//1031 1030//1030
f 995//995 996//996 1032//1032
f 995//995 1032//1032 1031//1031
f 996//996 997//997 1033//1033
f 996//996 1033//1033 1032//1032
f 997//997 998//998 1034//1034
f 997//997 1034//1034 1033//1033
f 998//998 999//999 1035//1035
f 998//998 1035//1035 1034//1034
f 999//999 1000//1000 1036//1036
f 999//999 1036//1036 1035//1035
f 1000//1000 1001//1001 1037//1037
f 1000//1000 1037//1037 1036//1036
f 1001//1001 1002//1002 1038//1038
f 1001//1001 1038//1038 1037//1037
f 1002//1002 1003//1003 1039//1039
f 1002//1002 1039//1039 1038//1038
f 1003//1003 1004//1004 1040//1040
f 1003//1003 1040//1040 1039//1039
f 1004//1004 1005//1005 1041//1041
f 1004//1004 1041//1041 1040//1040
f 1005//1005 1006//1006 1042//1042
f 1005//1005 1042//1042 1041//1041
f 1006//1006 1007//1007 1043//1043
f 1006//1006 1043//1043 1042//1042
f 1007//1007 1008//1008 1044//1044
f 1007//1007 1044//1044 1043//1043
f 1008//1008 973//973 1009//1009
f 1008//1008 1009//1009 1044//1044
f 1009//1009 1010//1010 1046//1046
f 1009//1009 1046//1046 1045//1045
f 1010//1010 1011//1011 1047//1047
f 1010//1010 1047//1047 1046//1046
f 1011//1011 1012//1012 1048//1048
f 1011//1011 1048//1048 1047//1047
f 1012//1012 1013//1013 1049//1049
f 1012//1012 1049//1049 1048//1048
f 1013//1013 1014//1014 1050//1050
f 1013//1013 1050//1050 1049//1049
f 1014//1014 1015//1015 1051//1051
f 1014//1014 1051//1051 1050//1050
f 1015//1015 1016//1016 1052//1052
f 1015//1015 1052//1052 1051//1051
f 1016//1016 1017//1017 1053//1053
f 1016//1016 1053//1053 1052//1052
f 1017//1017 1018//1018 1054//1054
f 1017//1017 1054//1054 1053//1053
f 1018//1018 1019//1019 1055//1055
f 1018//1018 1055//1055 1054//1054
f 1019//1019 1020//1020 1056//1056
f 1019//1019 1056//1056 1055//1055
f 1020//1020 1021//1021 1057//1057
f 1020//1020 1057//1057 1056//1056
f 1021//1021 1022//1022 1058//1058
f 1021//1021 1058//1058 1057//1057
f 1022//1022 1023//1023 1059//1059
f 1022//1022 1059//1059 1058//1058
f 1023//1023 1024//1024 1060//1060
f 1023//1023 1060//1060 1059//1059
f 1024//1024 1025//1025 1061//1061
f 1024//1024 1061//1061 1060//1060
f 1025//1025 1026//1026 1062//1062
f 1025//1025 1062//1062 1061//1061
f 1026//1026 1027//1027 1063//1063
f 1026//1026 1063//1063 1062//1062
f 1027//1027 1028//1028 1064//1064
f 1027//1027 1064//1064 1063//1063
f 1028//1028 1029//1029 1065//1065
f 1028//1028 1065//1065 1064//1064
f 1029//1029 1030//1030 1066//1066
f 1029//1029 1066//1066 1065//1065
f 1030//1030 1031//1031 1067//1067
f 1030//1030 1067//1067 1066//1066
f 1031//1031 1032//1032 1068//1068
f 1031//1031 1068//1068 1067//1067
f 1032//1032 1033//1033 1069//1069
f 1032//1032 1069//1069 1068//1068
f 1033//1033 1034//1034 1070//1070
f 1033//1033 1070//1070 1069//1069
f 1034//1034 1035//1035 1071//1071
f 1034//1034 1071//1071 1070//1070
f 1035//1035 1036//1036 1072//1072
f 1035//1035 1072//1072 1071//1071
f 1036//1036 1037//1037 1073//1073
f 1036//1036 1073//1073 1072//1072
f 1037//1037 1038//1038 1074//1074
f 1037//1037 1074//1074 1073//1073
f 1038//1038 1039//1039 1075//1075
f 1038//1038 1075//1075 1074//1074
f 1039//1039 1040//1040 1076//1076
f 1039//1039 1076//1076 1075//1075
f 1040//1040 1041//1041 1077//1077
f 1040//1040 1077//1077 1076//1076
f 1041//1041 1042//1042 1078//1078
f 1041//1041 1078//1078 1077//1077
f 1042//1042 1043//1043 1079//1079
f 1042//1042 1079//1079 1078//1078
f 1043//1043 1044//1044 1080//1080
f 1043//1043 1080//1080 1079//1079
f 1044//1044 1009//1009 1045//1045
f 1044//1044 1045//1045 1080//1080
f 1045//1045 1046//1046 1082//1082
f 1045//1045 1082//1082 1081//1081
f 1046//1046 1047//1047 1083//1083
f 1046//1046 1083//1083 1082//1082
f 1047//1047 1048//1048 1084//1084
f 1047//1047 1084//1084 1083//1083
f 1048//1048 1049//1049 1085//1085
f 1048//1048 1085//1085 1084//1084
f 1049//1049 1050//1050 1086//1086
f 1049//1049 1086//1086 1085//1085
f 1050//1050 1051//1051 1087//1087
f 1050//1050 1087//1087 1086//1086
f 1051//1051 1052//1052 1088//1088
f 1051//1051 1088//1088 1087//1087
f 1052//1052 1053//1053 1089//1089
f 1052//1052 1089//1089 1088//1088
f 1053//1053 1054//1054 1090//1090
f 1053//1053 1090//1090 1089//1089
f 1054//1054 1055//1055 1091//1091
f 1054//1054 1091//1091 1090//1090
f 1055//1055 1056//1056 1092//1092
f 1055//1055 1092//1092 1091//1091
f 1056//1056 1057//1057 1093//1093
f 1056//1056 1093//1093 1092//1092
f 1057//1057 1058//1058 1094//1094
f 1057//1057 1094//1094 1093//1093
f 1058//1058 1059//1059 1095//1095
f 1058//1058 1095//1095 1094//1094
f 1059//1059 1060//1060 1096//1096
f 1059//1059 1096//1096 1095//1095
f 1060//1060 1061//1061 1097//1097
f 1060//1060 1097//1097 1096//1096
f 1061//1061 1062//1062 1098//1098
f 1061//1061 1098//1098 1097//1097
f 1062//1062 1063//1063 1099//1099
f 1062//1062 1099//1099 1098//1098
f 1063//1063 1064//1064 1100//1100
f 1063//1063 1100//1100 1099//1099
f 1064//1064 1065//1065 1101//1101
f 1064//1064 1101//1101 1100//1100
f 1065//1065 1066//1066 1102//1102
f 1065//1065 1102//1102 1101//1101
f 1066//1066 1067//1067 1103//1103
f 1066//1066 1103//1103 1102//1102
f 1067//1067 1068//1068 1104//1104
f 1067//1067 1104//1104 1103//1103
f 1068//1068 1069//1069 1105//1105
f 1068//1068 1105//1105 1104//1104
f 1069//1069 1070//1070 1106//1106
f 1069//1069 1106//1106 1105//1105
f 1070//1070 1071//1071 1107//1107
f 1070//1070 1107//1107 1106//1106
f 1071//1071 1072//1072 1108//1108
f 1071//1071 1108//1108 1107//1107
f 1072//1072 1073//1073 1109//1109
f 1072//1072 1109//1109 1108//1108
f 1073//1073 1074//1074 1110//1110
f 1073//1073 1110//1110 1109//1109
f 1074//1074 1075//1075 1111//1111
f 1074//1074 1111//1111 1110//1110
f 1075//1075 1076//1076 1112//1112
f 1075//1075 1112//1112 1111//1111
f 1076//1076 1077//1077 1113//1113
f 1076//1076 1113//1113 1112//1112
f 1077//1077 1078//1078 1114//1114
f 1077//1077 1114//1114 1113//1113
f 1078//1078 1079//1079 1115//1115
f 1078//1078 1115//1115 1114//1114
f 1079//1079 1080//1080 1116//1116
f 1079//1079 1116//1116 1115//1115
f 1080//1080 1045//1045 1081//1081
f 1080//1080 1081//1081 1116//1116
f 1081//1081 1082//1082 1118//1118
f 1081//1081 1118//1118 1117//1117
f 1082//1082 1083//1083 1119//1119
f 1082//1082 1119//1119 1118//1118
f 1083//1083 1084//1084 1120//1120
f 1083//1083 1120//1120 1119//1119
f 1084//1084 1085//1085 1121//1121
f 1084//1084 1121//1121 1120//1120
f 1085//1085 1086//1086 1122//1122
f 1085//1085 1122//1122 1121//1121
f 1086//1086 1087//1087 1123//1123
f 1086//1086 1123//1123 1122//1122
f 1087//1087 1088//1088 1124//1124
f 1087//1087 1124//1124 1123//1123
f 1088//1088 1089//1089 1125//1125
f 1088//1088 1125//1125 1124//1124
f 1089//1089 1090//1090 1126//1126
f 1089//1089 1126//1126 1125//1125
f 1090//1090 1091//1091 1127//1127
f 1090//1090 1127//1127 1126//1126
f 1091//1091 1092//1092 1128//1128
f 1091//1091 1128//1128 1127//1127
f 1092//1092 1093//1093 1129//1129
f 1092//1092 1129//1129 1128//1128
f 1093//1093 1094//1094 1130//1130
f 1093//1093 1130//1130 1129//1129
f 1094//1094 1095//1095 1131//1131
f 1094//1094 1131//1131 1130//1130
f 1095//1095 1096//1096 1132//1132
f 1095//1095 1132//1132 1131//1131
f 1096//1096 1097//1097 1133//1133
f 1096//1096 1133//1133 1132//1132
f 1097//1097 1098//1098 1134//1134
f 1097//1097 1134//1134 1133//1133
f 1098//1098 1099//1099 1135//1135
f 1098//1098 1135//1135 1134//1134
f 1099//1099 1100//1100 1136//1136
f 1099//1099 1136//1136 1135//1135
f 1100//1100 1101//1101 1137//1137
f 1100//1100 1137//1137 1136//1136
f 1101//1101 1102//1102 1138//1138
f 1101//1101 1138//1138 1137//1137
f 1102//1102 1103//1103 1139//1139
f 1102//1102 1139//1139 1138//1138
f 1103//1103 1104//1104 1140//1140
f 1103//1103 1140//1140 1139//1139
f 1104//1104 1105//1105 1141//1141
f 1104//1104 1141//1141 1140//1140
f 1105//1105 1106//1106 1142//1142
f 1105//1105 1142//1142 1141//1141
f 1106//1106 1107//1107 1143//1143
f 1106//1106 1143//1143 1142//1142
f 1107//1107 1108//1108 1144//1144
f 1107//1107 1144//1144 1143//1143
f 1108//1108 1109//1109 1145//1145
f 1108//1108 1145//1145 1144//1144
f 1109//1109 1110//1110 1146//1146
f 1109//1109 1146//1146 1145//1145
f 1110//1110 1111//1111 1147//1147
f 1110//1110 1147//1147 1146//1146
f 1111//1111 1112//1112 1148//1148
f 1111//1111 1148//1148 1147//1147
f 1112//1112 1113//1113 1149//1149
f 1112//1112 1149//1149 1148//1148
f 1113//1113 1114//1114 1150//1150
f 1113//1113 1150//1150 1149//1149
f 1114//1114 1115//1115 1151//1151
f 1114//1114 1151//1151 1150//1150
f 1115//1115 1116//1116 1152//1152
f 1115//1115 1152//1152 1151//1151
f 1116//1116 1081//1081 1117//1117
f 1116//1116 1117//1117 1152//1152
f 1117//1117 1118//1118 1154//1154
f 1117//1117 1154//1154 1153//1153
f 1118//1118 1119//1119 1155//1155
f 1118//1118 1155//1155 1154//1154
f 1119//1119 1120//1120 1156//1156
f 1119//1119 1156//1156 1155//1155
f 1120//1120 1121//1121 1157//1157
f 1120//1120 1157//1157 1156//1156
f 1121//1121 1122//1122 1158//1158
f 1121//1121 1158//1158 1157//1157
f 1122//1122 1123//1123 1159//1159
f 1122//1122 1159//1159 1158//1158
f 1123//1123 1124//1124 1160//1160
f 1123//1123 1160//1160 1159//1159
f 1124//1124 1125//1125 1161//1161
f 1124//1124 1161//1161 1160//1160
f 1125//1125 1126//1126 1162//1162
f 1125//1125 1162//1162 1161//1161
f 1126//1126 1127//1127 1163//1163
f 1126//1126 1163//1163 1162//1162
f 1127//1127 1128//1128 1164//1164
f 1127//1127 1164//1164 1163//1163
f 1128//1128 1129//1129 1165//1165
f 1128//1128 1165//1165 1164//1164
f 1129//1129 1130//1130 1166//1166
f 1129//1129 1166//1166 1165//1165
f 1130//1130 1131//1131 1167//1167
f 1130//1130 1167//1167 1166//1166
f 1131//1131 1132//1132 1168//1168
f 1131//1131 1168//1168 1167//1167
f 1132//1132 1133//1133 1169//1169
f 1132//1132 1169//1169 1168//1168
f 1133//1133 1134//1134 1170//1170
f 1133//1133 1170//1170 1169//1169
f 1134//1134 1135//1135 1171//1171
f 1134//1134 1171//1171 1170//1170
f 1135//1135 1136//1136 1172//1172
f 1135//1135 1172//1172 1171//1171
f 1136//1136 1137//1137 1173//1173
f 1136//1136 1173//1173 1172//1172
f 1137//1137 1138//1138 1174//1174
f 1137//1137 1174//1174 1173//1173
f 1138//1138 1139//1139 1175//1175
f 1138//1138 1175//1175 1174//1174
f 1139//1139 1140//1140 1176//1176
f 1139//1139 1176//1176 1175//1175
f 1140//1140 1141//1141 1177//1177
f 1140//1140 1177//1177 1176//1176
f 1141//1141 1142//1142 1178//1178
f 1141//1141 1178//1178 1177//1177
f 1142//1142 1143//1143 1179//1179
f 1142//1142 1179//1179 1178//1178
f 1143//1143 1144//1144 1180//1180
f 1143//1143 1180//1180 1179//1179
f 1144//1144 1145//1145 1181//1181
f 1144//1144 1181//1181 1180//1180
f 1145//1145 1146//1146 1182//1182
f 1145//1145 1182//1182 1181//1181
f 1146//1146 1147//1147 1183//1183
f 1146//1146 1183//1183 1182//1182
f 1147//1147 1148//1148 1184//1184
f 1147//1147 1184//1184 1183//1183
f 1148//1148 1149//1149 1185//1185
f 1148//1148 1185//1185 1184//1184
f 1149//1149 1150//1150 1186//1186
f 1149//1149 1186//1186 1185//1185
f 1150//1150 1151//1151 1187//1187
f 1150//1150 1187//1187 1186//1186
f 1151//1151 1152//1152 1188//1188
f 1151//1151 1188//1188 1187//1187
f 1152//1152 1117//1117 1153//1153
f 1152//1152 1153//1153 1188//1188
f 1153//1153 1154//1154 1190//1190
f 1153//1153 1190//1190 1189//1189
f 1154//1154 1155//1155 1191//1191
f 1154//1154 1191//1191 1190//1190
f 1155//1155 1156//1156 1192//1192
f 1155//1155 1192//1192 1191//1191
f 1156//1156 1157//1157 1193//1193
f 1156//1156 1193//1193 1192//1192
f 1157//1157 1158//1158 1194//1194
f 1157//1157 1194//1194 1193//1193
f 1158//1158 1159//1159 1195//1195
f 1158//1158 1195//1195 1194//1194
f 1159//1159 1160//1160 1196//1196
f 1159//1159 1196//1196 1195//1195
f 1160//1160 1161//1161 1197//1197
f 1160//1160 1197//1197 1196//1196
f 1161//1161 1162//1162 1198//1198
f 1161//1161 1198//1198 1197//1197
f 1162//1162 1163//1163 1199//1199
f 1162//1162 1199//1199 1198//1198
f 1163//1163 1164//1164 1200//1200
f 1163//1163 1200//1200 1199//1199
f 1164//1164 1165//1165 1201//1201
f 1164//1164 1201//1201 1200//1200
f 1165//1165 1166//1166 1202//1202
f 1165//1165 1202//1202 1201//1201
f 1166//1166 1167//1167 1203//1203
f 1166//1166 1203//1203 1202//1202
f 1167//1167 1168//1168 1204//1204
f 1167//1167 1204//1204 1203//1203
f 1168//1168 1169//1169 1205//1205
f 1168//1168 1205//1205 1204//1204
f 1169//1169 1170//1170 1206//1206
f 1169//1169 1206//1206 1205//1205
f 1170//1170 1171//1171 1207//1207
f 1170//1170 1207//1207 1206//1206
f 1171//1171 1172//1172 1208//1208
f 1171//1171 1208//1208 1207//1207
f 1172//1172 1173//1173 1209//1209
f 1172//1172 1209//1209 1208//1208
f 1173//1173 1174//1174 1210//1210
f 1173//1173 1210//1210 1209//1209
f 1174//1174 1175//1175 1211//1211
f 1174//1174 1211//1211 1210//1210
f 1175//1175 1176//1176 1212//1212
f 1175//1175 1212//1212 1211//1211
f 1176//1176 1177//1177 1213//1213
f 1176//1176 1213//1213 1212//1212
f 1177//1177 1178//1178 1214//1214
f 1177//1177 1214//1214 1213//1213
f 1178//1178 1179//1179 1215//1215
f 1178//1178 1215//1215 1214//1214
f 1179//1179 1180//1180 1216//1216
f 1179//1179 1216//1216 1215//1215
f 1180//1180 1181//1181 1217//1217
f 1180//1180 1217//1217 1216//1216
f 1181//1181 1182//1182 1218//1218
f 1181//1181 1218//1218 1217//1217
f 1182//1182 1183//1183 1219//1219
f 1182//1182 1219//1219 1218//1218
f 1183//1183 1184//1184 1220//1220
f 1183//1183 1220//1220 1219//1219
f 1184//1184 1185//1185 1221//1221
f 1184//1184 1221//1221 1220//1220
f 1185//1185 1186//1186 1222//1222
f 1185//1185 1222//1222 1221//1221
f 1186//1186 1187//1187 1223//1223
f 1186//1186 1223//1223 1222//1222
f 1187//1187 1188//1188 1224//1224
f 1187//1187 1224//1224 1223//1223
f 1188//1188 1153//1153 1189//1189
f 1188//1188 1189//1189 1224//1224
f 1189//1189 1190//1190 1226//1226
f 1189//1189 1226//1226 1225//1225
f 1190//1190 1191//1191 1227//1227
f 1190//1190 1227//1227 1226//1226
f 1191//1191 1192//1192 1228//1228
f 1191//1191 1228//1228 1227//1227
f 1192//1192 1193//1193 1229//1229
f 1192//1192 1229//1229 1228//1228
f 1193//1193 1194//1194 1230//1230
f 1193//1193 1230//1230 1229//1229
f 1194//1194 1195//1195 1231//1231
f 1194//1194 1231//1231 1230//1230
f 1195//1195 1196//1196 1232//1232
f 1195//1195 1232//1232 1231//1231
f 1196//1196 1197//1197 1233//1233
f 1196//1196 1233//1233 1232//1232
f 1197//1197 1198//1198 1234//1234
f 1197//1197 1234//1234 1233//1233
f 1198//1198 1199//1199 1235//1235
f 1198//1198 1235//1235 1234//1234
f 1199//1199 1200//1200 1236//1236
f 1199//1199 1236//1236 1235//1235
f 1200//1200 1201//1201 1237//1237
f 1200//1200 1237//1237 1236//1236
f 1201//1201 1202//1202 1238//1238
f 1201//1201 1238//1238 1237//1237
f 1202//1202 1203//1203 1239//1239
f 1202//1202 1239//1239 1238//1238
f 1203//1203 1204//1204 1240//1240
f 1203//1203 1240//1240 1239//1239
f 1204//1204 1205//1205 1241//1241
f 1204//1204 1241//1241 1240//1240
f 1205//1205 1206//1206 1242//1242
f 1205//1205 1242//1242 1241//1241
f 1206//1206 1207//1207 1243//1243
f 1206//1206 1243//1243 1242//1242
f 1207//1207 1208//1208 1244//1244
f 1207//1207 1244//1244 1243//1243
f 1208//1208 1209//1209 1245//1245
f 1208//1208 1245//1245 1244//1244
f 1209//1209 1210//1210 1246//1246
f 1209//1209 1246//1246 1245//1245
f 1210//1210 1211//1211 1247//1247
f 1210//1210 1247//1247 1246//1246
f 1211//1211 1212//1212 1248//1248
f 1211//1211 1248//1248 1247//1247
f 1212//1212 1213//1213 1249//1249
f 1212//1212 1249//1249 1248//1248
f 1213//1213 1214//1214 1250//1250
f 1213//1213 1250//1250 1249//1249
f 1214//1214 1215//1215 1251//1251
f 1214//1214 1251//1251 1250//1250
f 1215//1215 1216//1216 1252//1252
f 1215//1215 1252//1252 1251//1251
f 1216//1216 1217//1217 1253//1253
f 1216//1216 1253//1253 1252//1252
f 1217//1217 1218//1218 1254//1254
f 1217//1217 1254//1254 1253//1253
f 1218//1218 1219//1219 1255//1255
f 1218//1218 1255//1255 1254//1254
f 1219//1219 1220//1220 1256//1256
f 1219//1219 1256//1256 1255//1255
f 1220//1220 1221//1221 1257//1257
f 1220//1220 1257//1257 1256//1256
f 1221//1221 1222//1222 1258//1258
f 1221//1221 1258//1258 1257//1257
f 1222//1222 1223//1223 1259//1259
f 1222//1222 1259//1259 1258//1258
f 1223//1223 1224//1224 1260//1260
f 1223//1223 1260//1260 1259//1259
f 1224//1224 1189//1189 1225//1225
f 1224//1224 1225//1225 1260//1260
f 1225//1225 1226//1226 1262//1262
f 1225//1225 1262//1262 1261//1261
f 1226//1226 1227//1227 1263//1263
f 1226//1226 1263//1263 1262//1262
f 1227//1227 1228//1228 1264//1264
f 1227//1227 1264//1264 1263//1263
f 1228//1228 1229//1229 1265//1265
f 1228//1228 1265//1265 1264//1264
f 1229//1229 1230//1230 1266//1266
f 1229//1229 1266//1266 1265//1265
f 1230//1230 1231//1231 1267//1267
f 1230//1230 1267//1267 1266//1266
f 1231//1231 1232//1232 1268//1268
f 1231//1231 1268//1268 1267//1267
f 1232//1232 1233//1233 1269//1269
f 1232//1232 1269//1269 1268//1268
f 1233//1233 1234//1234 1270//1270
f 1233//1233 1270//1270 1269//1269
f 1234//1234 1235//1235 1271//1271
f 1234//1234 1271//1271 1270//1270
f 1235//1235 1236//1236 1272//1272
f 1235//1235 1272//1272 1271//1271
f 1236//1236 1237//1237 1273//1273
f 1236//1236 1273//1273 1272//1272
f 1237//1237 1238//1238 1274//1274
f 1237//1237 1274//1274 1273//1273
f 1238//1238 1239//1239 1275//1275
f 1238//1238 1275//1275 1274//1274
f 1239//1239 1240//1240 1276//1276
f 1239//1239 1276//1276 1275//1275
f 1240//1240 1241//1241 1277//1277
f 1240//1240 1277//1277 1276//1276
f 1241//1241 1242//1242 1278//1278
f 1241//1241 1278//1278 1277//1277
f 1242//1242 1243//1243 1279//1279
f 1242//1242 1279//1279 1278//1278
f 1243//1243 1244//1244 1280//1280
f 1243//1243 1280//1280 1279//1279
f 1244//1244 1245//1245 1281//1281
f 1244//1244 1281//1281 1280//1280
f 1245//1245 1246//1246 1282//1282
f 1245//1245 1282//1282 1281//1281
f 1246//1246 1247//1247 1283//1283
f 1246//1246 1283//1283 1282//1282
f 1247//1247 1248//1248 1284//1284
f 1247//1247 1284//1284 1283//1283
f 1248//1248 1249//1249 1285//1285
f 1248//1248 1285//1285 1284//1284
f 1249//1249 1250//1250 1286//1286
f 1249//1249 1286//1286 1285//1285
f 1250//1250 1251//1251 1287//1287
f 1250//1250 1287//1287 1286//1286
f 1251//1251 1252//1252 1288//1288
f 1251//1251 1288//1288 1287//1287
f 1252//1252 1253//1253 1289//1289
f 1252//1252 1289//1289 1288//1288
f 1253//1253 1254//1254 1290//1290
f 1253//1253 1290//1290 1289//1289
f 1254//1254 1255//1255 1291//1291
f 1254//1254 1291//1291 1290//1290
f 1255//1255 1256//1256 1292//1292
f 1255//1255 1292//1292 1291//1291
f 1256//1256 1257//1257 1293//1293
f 1256//1256 1293//1293 1292//1292
f 1257//1257 1258//1258 1294//1294
f 1257//1257 1294//1294 1293//1293
f 1258//1258 1259//1259 1295//1295
f 1258//1258 1295//1295 1294//1294
f 1259//1259 1260//1260 1296//1296
f 1259//1259 1296//1296 1295//1295
f 1260//1260 1225//1225 1261//1261
f 1260//1260 1261//1261 1296//1296
f 1261//1261 1262//1262 1298//1298
f 1261//1261 1298//1298 1297//1297
f 1262//1262 1263//1263 1299//1299
f 1262//1262 1299//1299 1298//1298
f 1263//1263 1264//1264 1300//1300
f 1263//1263 1300//1300 1299//1299
f 1264//1264 1265//1265 1301//1301
f 1264//1264 1301//1301 1300//1300
f 1265//1265 1266//1266 1302//1302
f 1265//1265 1302//1302 1301//1301
f 1266//1266 1267//1267 1303//1303
f 1266//1266 1303//1303 1302//1302
f 1267//1267 1268//1268 1304//1304
f 1267//1267 1304//1304 1303//1303
f 1268//1268 1269//1269 1305//1305
f 1268//1268 1305//1305 1304//1304
f 1269//1269 1270//1270 1306//1306
f 1269//1269 1306//1306 1305//1305
f 1270//1270 1271//1271 1307//1307
f 1270//1270 1307//1307 1306//1306
f 1271//1271 1272//1272 1308//1308
f 1271//1271 1308//1308 1307//1307
f 1272//1272 1273//1273 1309//1309
f 1272//1272 1309//1309 1308//1308
f 1273//1273 1274//1274 1310//1310
f 1273//1273 1310//1310 1309//1309
f 1274//1274 1275//1275 1311//1311
f 1274//1274 1311//1311 1310//1310
f 1275//1275 1276//1276 1312//1312
f 1275//1275 1312//1312 1311//1311
f 1276//1276 1277//1277 1313//1313
f 1276//1276 1313//1313 1312//1312
f 1277//1277 1278//1278 1314//1314
f 1277//1277 1314//1314 1313//1313
f 1278//1278 1279//1279 1315//1315
f 1278//1278 1315//1315 1314//1314
f 1279//1279 1280//1280 1316//1316
f 1279//1279 1316//1316 1315//1315
f 1280//1280 1281//1281 1317//1317
f 1280//1280 1317//1317 1316//1316
f 1281//1281 1282//1282 1318//1318
f 1281//1281 1318//1318 1317//1317
f 1282//1282 1283//1283 1319//1319
f 1282//1282 1319//1319 1318//1318
f 1283//1283 1284//1284 1320//1320
f 1283//1283 1320//1320 1319//1319
f 1284//1284 1285//1285 1321//1321
f 1284//1284 1321//1321 1320//1320
f 1285//1285 1286//1286 1322//1322
f 1285//1285 1322//1322 1321//1321
f 1286//1286 1287//1287 1323//1323
f 1286//1286 1323//1323 1322//1322
f 1287//1287 1288//1288 1324//1324
f 1287//1287 1324//1324 1323//1323
f 1288//1288 1289//1289 1325//1325
f 1288//1288 1325//1325 1324//1324
f 1289//1289 1290//1290 1326//1326
f 1289//1289 1326//1326 1325//1325
f 1290//1290 1291//1291 1327//1327
f 1290//1290 1327//1327 1326//1326
f 1291//1291 1292//1292 1328//1328
f 1291//1291 1328//1328 1327//1327
f 1292//1292 1293//1293 1329//1329
f 1292//1292 1329//1329 1328//1328
f 1293//1293 1294//1294 1330//1330
f 1293//1293 1330//1330 1329//1329
f 1294//1294 1295//1295 1331//1331
f 1294//1294 1331//1331 1330//1330
f 1295//1295 1296//1296 1332//1332
f 1295//1295 1332//1332 1331//1331
f 1296//1296 1261//1261 1297//1297
f 1296//1296 1297//1297 1332//1332
f 1297//1297 1298//1298 1334//1334
f 1297//1297 1334//1334 1333//1333
f 1298//1298 1299//1299 1335//1335
f 1298//1298 1335//1335 1334//1334
f 1299//1299 1300//1300 1336//1336
f 1299//1299 1336//1336 1335//1335
f 1300//1300 1301//1301 1337//1337
f 1300//1300 1337//1337 1336//1336
f 1301//1301 1302//1302 1338//1338
f 1301//1301 1338//1338 1337//1337
f 1302//1302 1303//1303 1339//1339
f 1302//1302 1339//1339 1338//1338
f 1303//1303 1304//1304 1340//1340
f 1303//1303 1340//1340 1339//1339
f 1304//1304 1305//1305 1341//1341
f 1304//1304 1341//1341 1340//1340
f 1305//1305 1306//1306 1342//1342
f 1305//1305 1342//1342 1341//1341
f 1306//1306 1307//1307 1343//1343
f 1306//1306 1343//1343 1342//1342
f 1307//1307 1308//1308 1344//1344
f 1307//1307 1344//1344 1343//1343
f 1308//1308 1309//1309 1345//1345
f 1308//1308 1345//1345 1344//1344
f 1309//1309 1310//1310 1346//1346
f 1309//1309 1346//1346 1345//1345
f 1310//1310 1311//1311 1347//1347
f 1310//1310 1347//1347 1346//1346
f 1311//1311 1312//1312 1348//1348
f 1311//1311 1348//1348 1347//1347
f 1312//1312 1313//1313 1349//1349
f 1312//1312 1349//1349 1348//1348
f 1313//1313 1314//1314 1350//1350
f 1313//1313 1350//1350 1349//1349
f 1314//1314 1315//1315 1351//1351
f 1314//1314 1351//1351 1350//1350
f 1315//1315 1316//1316 1352//1352
f 1315//1315 1352//1352 1351//1351
f 1316//1316 1317//1317 1353//1353
f 1316//1316 1353//1353 1352//1352
f 1317//1317 1318//1318 1354//1354
f 1317//1317 1354//1354 1353//1353
f 1318//1318 1319//1319 1355//1355
f 1318//1318 1355//1355 1354//1354
f 1319//1319 1320//1320 1356//1356
f 1319//1319 1356//1356 1355//1355
f 1320//1320 1321//1321 1357//1357
f 1320//1320 1357//1357 1356//1356
f 1321//1321 1322//1322 1358//1358
f 1321//1321 1358//1358 1357//1357
f 1322//1322 1323//1323 1359//1359
f 1322//1322 1359//1359 1358//1358
f 1323//1323 1324//1324 1360//1360
f 1323//1323 1360//1360 1359//1359
f 1324//1324 1325//1325 1361//1361
f 1324//1324 1361//1361 1360//1360
f 1325//1325 1326//1326 1362//1362
f 1325//1325 1362//1362 1361//1361
f 1326//1326 1327//1327 1363//1363
f 1326//1326 1363//1363 1362//1362
f 1327//1327 1328//1328 1364//1364
f 1327//1327 1364//1364 1363//1363
f 1328//1328 1329//1329 1365//1365
f 1328//1328 1365//1365 1364//1364
f 1329//1329 1330//1330 1366//1366
f 1329//1329 1366//1366 1365//1365
f 1330//1330 1331//1331 1367//1367
f 1330//1330 1367//1367 1366//1366
f 1331//1331 1332//1332 1368//1368
f 1331//1331 1368//1368 1367//1367
f 1332//1332 1297//1297 1333//1333
f 1332//1332 1333//1333 1368//1368
f 1333//1333 1334//1334 1370//1370
f 1333//1333 1370//1370 1369//1369
f 1334//1334 1335//1335 1371//1371
f 1334//1334 1371//1371 1370//1370
f 1335//1335 1336//1336 1372//1372
f 1335//1335 1372//1372 1371//1371
f 1336//1336 1337//1337 1373//1373
f 1336//1336 1373//1373 1372//1372
f 1337//1337 1338//1338 1374//1374
f 1337//1337 1374//1374 1373//1373
f 1338//1338 1339//1339 1375//1375
f 1338//1338 1375//1375 1374//1374
f 1339//1339 1340//1340 1376//1376
f 1339//1339 1376//1376 1375//1375
f 1340//1340 1341//1341 1377//1377
f 1340//1340 1377//1377 1376//1376
f 1341//1341 1342//1342 1378//1378
f 1341//1341 1378//1378 1377//1377
f 1342//1342 1343//1343 1379//1379
f 1342//1342 1379//1379 1378//1378
f 1343//1343 1344//1344 1380//1380
f 1343//1343 1380//1380 1379//1379
f 1344//1344 1345//1345 1381//1381
f 1344//1344 1381//1381 1380//1380
f 1345//1345 1346//1346 1382//1382
f 1345//1345 1382//1382 1381//1381
f 1346//1346 1347//1347 1383//1383
f 1346//1346 1383//1383 1382//1382
f 1347//1347 1348//1348 1384//1384
f 1347//1347 1384//1384 1383//1383
f 1348//1348 1349//1349 1385//1385
f 1348//1348 1385//1385 1384//1384
f 1349//1349 1350//1350 1386//1386
f 1349//1349 1386//1386 1385//1385
f 1350//1350 1351//1351 1387//1387
f 1350//1350 1387//1387 1386//1386
f 1351//1351 1352//1352 1388//1388
f 1351//1351 1388//1388 1387//1387
f 1352//1352 1353//1353 1389//1389
f 1352//1352 1389//1389 1388//1388
f 1353//1353 1354//1354 1390//1390
f 1353//1353 1390//1390 1389//1389
f 1354//1354 1355//1355 1391//1391
f 1354//1354 1391//1391 1390//1390
f 1355//1355 1356//1356 1392//1392
f 1355//1355 1392//1392 1391//1391
f 1356//1356 1357//1357 1393//1393
f 1356//1356 1393//1393 1392//1392
f 1357//1357 1358//1358 1394//1394
f 1357//1357 1394//1394 1393//1393
f 1358//1358 1359//1359 1395//1395
f 1358//1358 1395//1395 1394//1394
f 1359//1359 1360//1360 1396//1396
f 1359//1359 1396//1396 1395//1395
f 1360//1360 1361//1361 1397//1397
f 1360//1360 1397//1397 1396//1396
f 1361//1361 1362//1362 1398//1398
f 1361//1361 1398//1398 1397//1397
f 1362//1362 1363//1363 1399//1399
f 1362//1362 1399//1399 1398//1398
f 1363//1363 1364//1364 1400//1400
f 1363//1363 1400//1400 1399//1399
f 1364//1364 1365//1365 1401//1401
f 1364//1364 1401//1401 1400//1400
f 1365//1365 1366//1366 1402//1402
f 1365//1365 1402//1402 1401//1401
f 1366//1366 1367//1367 1403//1403
f 1366//1366 1403//1403 1402//1402
f 1367//1367 1368//1368 1404//1404
f 1367//1367 1404//1404 1403//1403
f 1368//1368 1333//1333 1369//1369
f 1368//1368 1369//1369 1404//1404
f 1369//1369 1370//1370 1406//1406
f 1369//1369 1406//1406 1405//1405
f 1370//1370 1371//1371 1407//1407
f 1370//1370 1407//1407 1406//1406
f 1371//1371 1372//1372 1408//1408
f 1371//1371 1408//1408 1407//1407
f 1372//1372 1373//1373 1409//1409
f 1372//1372 1409//1409 1408//1408
f 1373//1373 1374//1374 1410//1410
f 1373//1373 1410//1410 1409//1409
f 1374//1374 1375//1375 1411//1411
f 1374//1374 1411//1411 1410//1410
f 1375//1375 1376//1376 1412//1412
f 1375//1375 1412//1412 1411//1411
f 1376//1376 1377//1377 1413//1413
f 1376//1376 1413//1413 1412//1412
f 1377//1377 1378//1378 1414//1414
f 1377//1377 1414//1414 1413//1413
f 1378//1378 1379//1379 1415//1415
f 1378//1378 1415//1415 1414//1414
f 1379//1379 1380//1380 1416//1416
f 1379//1379 1416//1416 1415//1415
f 1380//1380 1381//1381 1417//1417
f 1380//1380 1417//1417 1416//1416
f 1381//1381 1382//1382 1418//1418
f 1381//1381 1418//1418 1417//1417
f 1382//1382 1383//1383 1419//1419
f 1382//1382 1419//1419 1418//1418
f 1383//1383 1384//1384 1420//1420
f 1383//1383 1420//1420 1419//1419
f 1384//1384 1385//1385 1421//1421
f 1384//1384 1421//1421 1420//1420
f 1385//1385 1386//1386 1422//1422
f 1385//1385 1422//1422 1421//1421
f 1386//1386 1387//1387 1423//1423
f 1386//1386 1423//1423 1422//1422
f 1387//1387 1388//1388 1424//1424
f 1387//1387 1424//1424 1423//1423
f 1388//1388 1389//1389 1425//1425
f 1388//1388 1425//1425 1424//1424
f 1389//1389 1390//1390 1426//1426
f 1389//1389 1426//1426 1425//1425
f 1390//1390 1391//1391 1427//1427
f 1390//1390 1427//1427 1426//1426
f 1391//1391 1392//1392 1428//1428
f 1391//1391 1428//1428 1427//1427
f 1392//1392 1393//1393 1429//1429
f 1392//1392 1429//1429 1428//1428
f 1393//1393 1394//1394 1430//1430
f 1393//1393 1430//1430 1429//1429
f 1394//1394 1395//1395 1431//1431
f 1394//1394 1431//1431 1430//1430
f 1395//1395 1396//1396 1432//1432
f 1395//1395 1432//1432 1431//1431
f 1396//1396 1397//1397 1433//1433
f 1396//1396 1433//1433 1432//1432
f 1397//1397 1398//1398 1434//1434
f 1397//1397 1434//1434 1433//1433
f 1398//1398 1399//1399 1435//1435
f 1398//1398 1435//1435 1434//1434
f 1399//1399 1400//1400 1436//1436
f 1399//1399 1436//1436 1435//1435
f 1400//1400 1401//1401 1437//1437
f 1400//1400 1437//1437 1436//1436
f 1401//1401 1402//1402 1438//1438
f 1401//1401 1438//1438 1437//1437
f 1402//1402 1403//1403 1439//1439
f 1402//1402 1439//1439 1438//1438
f 1403//1403 1404//1404 1440//1440
f 1403//1403 1440//1440 1439//1439
f 1404//1404 1369//1369 1405//1405
f 1404//1404 1405//1405 1440//1440
f 1405//1405 1406//1406 1442//1442
f 1405//1405 1442//1442 1441//1441
f 1406//1406 1407//1407 1443//1443
f 1406//1406 1443//1443 1442//1442
f 1407//1407 1408//1408 1444//1444
f 1407//1407 1444//1444 1443//1443
f 1408//1408 1409//1409 1445//1445
f 1408//1408 1445//1445 1444//1444
f 1409//1409 1410//1410 1446//1446
f 1409//1409 1446//1446 1445//1445
f 1410//1410 1411//1411 1447//1447
f 1410//1410 1447//1447 1446//1446
f 1411//1411 1412//1412 1448//1448
f 1411//1411 1448//1448 1447//1447
f 1412//1412 1413//1413 1449//1449
f 1412//1412 1449//1449 1448//1448
f 1413//1413 1414//1414 1450//1450
f 1413//1413 1450//1450 1449//1449
f 1414//1414 1415//1415 1451//1451
f 1414//1414 1451//1451 1450//1450
f 1415//1415 1416//1416 1452//1452
f 1415//1415 1452//1452 1451//1451
f 1416//1416 1417//1417 1453//1453
f 1416//1416 1453//1453 1452//1452
f 1417//1417 1418//1418 1454//1454
f 1417//1417 1454//1454 1453//1453
f 1418//1418 1419//1419 1455//1455
f 1418//1418 1455//1455 1454//1454
f 1419//1419 1420//1420 1456//1456
f 1419//1419 1456//1456 1455//1455
f 1420//1420 1421//1421 1457//1457
f 1420//1420 1457//1457 1456//1456
f 1421//1421 1422//1422 1458//1458
f 1421//1421 1458//1458 1457//1457
f 1422//1422 1423//1423 1459//1459
f 1422//1422 1459//1459 1458//1458
f 1423//1423 1424//1424 1460//1460
f 1423//1423 1460//1460 1459//1459
f 1424//1424 1425//1425 1461//1461
f 1424//1424 1461//1461 1460//1460
f 1425//1425 1426//1426 1462//1462
f 1425//1425 1462//1462 1461//1461
f 1426//1426 1427//1427 1463//1463
f 1426//1426 1463//1463 1462//1462
f 1427//1427 1428//1428 1464//1464
f 1427//1427 1464//1464 1463//1463
f 1428//1428 1429//1429 1465//1465
f 1428//1428 1465//1465 1464//1464
f 1429//1429 1430//1430 1466//1466
f 1429//1429 1466//1466 1465//1465
f 1430//1430 1431//1431 1467//1467
f 1430//1430 1467//1467 1466//1466
f 1431//1431 1432//1432 1468//1468
f 1431//1431 1468//1468 1467//1467
f 1432//1432 1433//1433 1469//1469
f 1432//1432 1469//1469 1468//1468
f 1433//1433 1434//1434 1470//1470
f 1433//1433 1470//1470 1469//1469
f 1434//1434 1435//1435 1471//1471
f 1434//1434 1471//1471 1470//1470
f 1435//1435 1436//1436 1472//1472
f 1435//1435 1472//1472 1471//1471
f 1436//1436 1437//1437 1473//1473
f 1436//1436 1473//1473 1472//1472
f 1437//1437 1438//1438 1474//1474
f 1437//1437 1474//1474 1473//1473
f 1438//1438 1439//1439 1475//1475
f 1438//1438 1475//1475 1474//1474
f 1439//1439 1440//1440 1476//1476
f 1439//1439 1476//1476 1475//1475
f 1440//1440 1405//1405 1441//1441
f 1440//1440 1441//1441 1476//1476
f 1441//1441 1442//1442 1478//1478
f 1441//1441 1478//1478 1477//1477
f 1442//1442 1443//1443 1479//1479
f 1442//1442 1479//1479 1478//1478
f 1443//1443 1444//1444 1480//1480
f 1443//1443 1480//1480 1479//1479
f 1444//1444 1445//1445 1481//1481
f 1444//1444 1481//1481 1480//1480
f 1445//1445 1446//1446 1482//1482
f 1445//1445 1482//1482 1481//1481
f 1446//1446 1447//1447 1483//1483
f 1446//1446 1483//1483 1482//1482
f 1447//1447 1448//1448 1484//1484
f 1447//1447 1484//1484 1483//1483
f 1448//1448 1449//1449 1485//1485
f 1448//1448 1485//1485 1484//1484
f 1449//1449 1450//1450 1486//1486
f 1449//1449 1486//1486 1485//1485
f 1450//1450 1451//1451 1487//1487
f 1450//1450 1487//1487 1486//1486
f 1451//1451 1452//1452 1488//1488
f 1451//1451 1488//1488 1487//1487
f 1452//1452 1453//1453 1489//1489
f 1452//1452 1489//1489 1488//1488
f 1453//1453 1454//1454 1490//1490
f 1453//1453 1490//1490 1489//1489
f 1454//1454 1455//1455 1491//1491
f 1454//1454 1491//1491 1490//1490
f 1455//1455 1456//1456 1492//1492
f 1455//1455 1492//1492 1491//1491
f 1456//1456 1457//1457 1493//1493
f 1456//1456 1493//1493 1492//1492
f 1457//1457 1458//1458 1494//1494
f 1457//1457 1494//1494 1493//1493
f 1458//1458 1459//1459 1495//1495
f 1458//1458 1495//1495 1494//1494
f 1459//1459 1460//1460 1496//1496
f 1459//1459 1496//1496 1495//1495
f 1460//1460 1461//1461 1497//1497
f 1460//1460 1497//1497 1496//1496
f 1461//1461 1462//1462 1498//1498
f 1461//1461 1498//1498 1497//1497
f 1462//1462 1463//1463 1499//1499
f 1462//1462 1499//1499 1498//1498
f 1463//1463 1464//1464 1500//1500
f 1463//1463 1500//1500 1499//1499
f 1464//1464 1465//1465 1501//1501
f 1464//1464 1501//1501 1500//1500
f 1465//1465 1466//1466 1502//1502
f 1465//1465 1502//1502 1501//1501
f 1466//1466 1467//1467 1503//1503
f 1466//1466 1503//1503 1502//1502
f 1467//1467 1468//1468 1504//1504
f 1467//1467 1504//1504 1503//1503
f 1468//1468 1469//1469 1505//1505
f 1468//1468 1505//1505 1504//1504
f 1469//1469 1470//1470 1506//1506
f 1469//1469 1506//1506 1505//1505
f 1470//1470 1471//1471 1507//1507
f 1470//1470 1507//1507 1506//1506
f 1471//1471 1472//1472 1508//1508
f 1471//1471 1508//1508 1507//1507
f 1472//1472 1473//1473 1509//1509
f 1472//1472 1509//1509 1508//1508
f 1473//1473 1474//1474 1510//1510
f 1473//1473 1510//1510 1509//1509
f 1474//1474 1475//1475 1511//1511
f 1474//1474 1511//1511 1510//1510
f 1475//1475 1476//1476 1512//1512
f 1475//1475 1512//1512 1511//1511
f 1476//1476 1441//1441 1477//1477
f 1476//1476 1477//1477 1512//1512
f 1477//1477 1478//1478 1514//1514
f 1477//1477 1514//1514 1513//1513
f 1478//1478 1479//1479 1515//1515
f 1478//1478 1515//1515 1514//1514
f 1479//1479 1480//1480 1516//1516
f 1479//1479 1516//1516 1515//1515
f 1480//1480 1481//1481 1517//1517
f 1480//1480 1517//1517 1516//1516
f 1481//1481 1482//1482 1518//1518
f 1481//1481 1518//1518 1517//1517
f 1482//1482 1483//1483 1519//1519
f 1482//1482 1519//1519 1518//1518
f 1483//1483 1484//1484 1520//1520
f 1483//1483 1520//1520 1519//1519
f 1484//1484 1485//1485 1521//1521
f 1484//1484 1521//1521 1520//1520
f 1485//1485 1486//1486 1522//1522
f 1485//1485 1522//1522 1521//1521
f 1486//1486 1487//1487 1523//1523
f 1486//1486 1523//1523 1522//1522
f 1487//1487 1488//1488 1524//1524
f 1487//1487 1524//1524 1523//1523
f 1488//1488 1489//1489 1525//1525
f 1488//1488 1525//1525 1524//1524
f 1489//1489 1490//1490 1526//1526
f 1489//1489 1526//1526 1525//1525
f 1490//1490 1491//1491 1527//1527
f 1490//1490 1527//1527 1526//1526
f 1491//1491 1492//1492 1528//1528
f 1491//1491 1528//1528 1527//1527
f 1492//1492 1493//1493 1529//1529
f 1492//1492 1529//1529 1528//1528
f 1493//1493 1494//1494 1530//1530
f 1493//1493 1530//1530 1529//1529
f 1494//1494 1495//1495 1531//1531
f 1494//1494 1531//1531 1530//1530
f 1495//1495 1496//1496 1532//1532
f 1495//1495 1532//1532 1531//1531
f 1496//1496 1497//1497 1533//1533
f 1496//1496 1533//1533 1532//1532
f 1497//1497 1498//1498 1534//1534
f 1497//1497 1534//1534 1533//1533
f 1498//1498 1499//1499 1535//1535
f 1498//1498 1535//1535 1534//1534
f 1499//1499 1500//1500 1536//1536
f 1499//1499 1536//1536 1535//1535
f 1500//1500 1501//1501 1537//1537
f 1500//1500 1537//1537 1536//1536
f 1501//1501 1502//1502 1538//1538
f 1501//1501 1538//1538 1537//1537
f 1502//1502 1503//1503 1539//1539
f 1502//1502 1539//1539 1538//1538
f 1503//1503 1504//1504 1540//1540
f 1503//1503 1540//1540 1539//1539
f 1504//1504 1505//1505 1541//1541
f 1504//1504 1541//1541 1540//1540
f 1505//1505 1506//1506 1542//1542
f 1505//1505 1542//1542 1541//1541
f 1506//1506 1507//1507 1543//1543
f 1506//1506 1543//1543 1542//1542
f 1507//1507 1508//1508 1544//1544
f 1507//1507 1544//1544 1543//1543
f 1508//1508 1509//1509 1545//1545
f 1508//1508 1545//1545 1544//1544
f 1509//1509 1510//1510 1546//1546
f 1509//1509 1546//1546 1545//1545
f 1510//1510 1511//1511 1547//1547
f 1510//1510 1547//1547 1546//1546
f 1511//1511 1512//1512 1548//1548
f 1511//1511 1548//1548 1547//1547
f 1512//1512 1477//1477 1513//1513
f 1512//1512 1513//1513 1548//1548
f 1513//1513 1514//1514 1550//1550
f 1513//1513 1550//1550 1549//1549
f 1514//1514 1515//1515 1551//1551
f 1514//1514 1551//1551 1550//1550
f 1515//1515 1516//1516 1552//1552
f 1515//1515 1552//1552 1551//1551
f 1516//1516 1517//1517 1553//1553
f 1516//1516 1553//1553 1552//1552
f 1517//1517 1518//1518 1554//1554
f 1517//1517 1554//1554 1553//1553
f 1518//1518 1519//1519 1555//1555
f 1518//1518 1555//1555 1554//1554
f 1519//1519 1520//1520 1556//1556
f 1519//1519 1556//1556 1555//1555
f 1520//1520 1521//1521 1557//1557
f 1520//1520 1557//1557 1556//1556
f 1521//1521 1522//1522 1558//1558
f 1521//1521 1558//1558 1557//1557
f 1522//1522 1523//1523 1559//1559
f 1522//1522 1559//1559 1558//1558
f 1523//1523 1524//1524 1560//1560
f 1523//1523 1560//1560 1559//1559
f 1524//1524 1525//1525 1561//1561
f 1524//1524 1561//1561 1560//1560
f 1525//1525 1526//1526 1562//1562
f 1525//1525 1562//1562 1561//1561
f 1526//1526 1527//1527 1563//1563
f 1526//1526 1563//1563 1562//1562
f 1527//1527 1528//1528 1564//1564
f 1527//1527 1564//1564 1563//1563
f 1528//1528 1529//1529 1565//1565
f 1528//1528 1565//1565 1564//1564
f 1529//1529 1530//1530 1566//1566
f 1529//1529 1566//1566 1565//1565
f 1530//1530 1531//1531 1567//1567
f 1530//1530 1567//1567 1566//1566
f 1531//1531 1532//1532 1568//1568
f 1531//1531 1568//1568 1567//1567
f 1532//1532 1533//1533 1569//1569
f 1532//1532 1569//1569 1568//1568
f 1533//1533 1534//1534 1570//1570
f 1533//1533 1570//1570 1569//1569
f 1534//1534 1535//1535 1571//1571
f 1534//1534 1571//1571 1570//1570
f 1535//1535 1536//1536 1572//1572
f 1535//1535 1572//1572 1571//1571
f 1536//1536 1537//1537 1573//1573
f 1536//1536 1573//1573 1572//1572
f 1537//1537 1538//1538 1574//1574
f 1537//1537 1574//1574 1573//1573
f 1538//1538 1539//1539 1575//1575
f 1538//1538 1575//1575 1574//1574
f 1539//1539 1540//1540 1576//1576
f 1539//1539 1576//1576 1575//1575
f 1540//1540 1541//1541 1577//1577
f 1540//1540 1577//1577 1576//1576
f 1541//1541 1542//1542 1578//1578
f 1541//1541 1578//1578 1577//1577
f 1542//1542 1543//1543 1579//1579
f 1542//1542 1579//1579 1578//1578
f 1543//1543 1544//1544 1580//1580
f 1543//1543 1580//1580 1579//1579
f 1544//1544 1545//1545 1581//1581
f 1544//1544 1581//1581 1580//1580
f 1545//1545 1546//1546 1582//1582
f 1545//1545 1582//1582 1581//1581
f 1546//1546 1547//1547 1583//1583
f 1546//1546 1583//1583 1582//1582
f 1547//1547 1548//1548 1584//1584
f 1547//1547 1584//1584 1583//1583
f 1548//1548 1513//1513 1549//1549
f 1548//1548 1549//1549 1584//1584
f 1549//1549 1550//1550 1586//1586
f 1549//1549 1586//1586 1585//1585
f 1550//1550 1551//1551 1587//1587
f 1550//1550 1587//1587 1586//1586
f 1551//1551 1552//1552 1588//1588
f 1551//1551 1588//1588 1587//1587
f 1552//1552 1553//1553 1589//1589
f 1552//1552 1589//1589 1588//1588
f 1553//1553 1554//1554 1590//1590
f 1553//1553 1590//1590 1589//1589
f 1554//1554 1555//1555 1591//1591
f 1554//1554 1591//1591 1590//1590
f 1555//1555 1556//1556 1592//1592
f 1555//1555 1592//1592 1591//1591
f 1556//1556 1557//1557 1593//1593
f 1556//1556 1593//1593 1592//1592
f 1557//1557 1558//1558 1594//1594
f 1557//1557 1594//1594 1593//1593
f 1558//1558 1559//1559 1595//1595
f 1558//1558 1595//1595 1594//1594
f 1559//1559 1560//1560 1596//1596
f 1559//1559 1596//1596 1595//1595
f 1560//1560 1561//1561 1597//1597
f 1560//1560 1597//1597 1596//1596
f 1561//1561 1562//1562 1598//1598
f 1561//1561 1598//1598 1597//1597
f 1562//1562 1563//1563 1599//1599
f 1562//1562 1599//1599 1598//1598
f 1563//1563 1564//1564 1600//1600
f 1563//1563 1600//1600 1599//1599
f 1564//1564 1565//1565 1601//1601
f 1564//1564 1601//1601 1600//1600
f 1565//1565 1566//1566 1602//1602
f 1565//1565 1602//1602 1601//1601
f 1566//1566 1567//1567 1603//1603
f 1566//1566 1603//1603 1602//1602
f 1567//1567 1568//1568 1604//1604
f 1567//1567 1604//1604 1603//1603
f 1568//1568 1569//1569 1605//1605
f 1568//1568 1605//1605 1604//1604
f 1569//1569 1570//1570 1606//1606
f 1569//1569 1606//1606 1605//1605
f 1570//1570 1571//1571 1607//1607
f 1570//1570 1607//1607 1606//1606
f 1571//1571 1572//1572 1608//1608
f 1571//1571 1608//1608 1607//1607
f 1572//1572 1573//1573 1609//1609
f 1572//1572 1609//1609 1608//1608
f 1573//1573 1574//1574 1610//1610
f 1573//1573 1610//1610 1609//1609
f 1574//1574 1575//1575 1611//1611
f 1574//1574 1611//1611 1610//1610
f 1575//1575 1576//1576 1612//1612
f 1575//1575 1612//1612 1611//1611
f 1576//1576 1577//1577 1613//1613
f 1576//1576 1613//1613 1612//1612
f 1577//1577 1578//1578 1614//1614
f 1577//1577 1614//1614 1613//1613
f 1578//1578 1579//1579 1615//1615
f 1578//1578 1615//1615 1614//1614
f 1579//1579 1580//1580 1616//1616
f 1579//1579 1616//1616 1615//1615
f 1580//1580 1581//1581 1617//1617
f 1580//1580 1617//1617 1616//1616
f 1581//1581 1582//1582 1618//1618
f 1581//1581 1618//1618 1617//1617
f 1582//1582 1583//1583 1619//1619
f 1582//1582 1619//1619 1618//1618
f 1583//1583 1584//1584 1620//1620
f 1583//1583 1620//1620 1619//1619
f 1584//1584 1549//1549 1585//1585
f 1584//1584 1585//1585 1620//1620
f 1585//1585 1586//1586 1622//1622
f 1585//1585 1622//1622 1621//1621
f 1586//1586 1587//1587 1623//1623
f 1586//1586 1623//1623 1622//1622
f 1587//1587 1588//1588 1624//1624
f 1587//1587 1624//1624 1623//1623
f 1588//1588 1589//1589 1625//1625
f 1588//1588 1625//1625 1624//1624
f 1589//1589 1590//1590 1626//1626
f 1589//1589 1626//1626 1625//1625
f 1590//1590 1591//1591 1627//1627
f 1590//1590 1627//1627 1626//1626
f 1591//1591 1592//1592 1628//1628
f 1591//1591 1628//1628 1627//1627
f 1592//1592 1593//1593 1629//1629
f 1592//1592 1629//1629 1628//1628
f 1593//1593 1594//1594 1630//1630
f 1593//1593 1630//1630 1629//1629
f 1594//1594 1595//1595 1631//1631
f 1594//1594 1631//1631 1630//1630
f 1595//1595 1596//1596 1632//1632
f 1595//1595 1632//1632 1631//1631
f 1596//1596 1597//1597 1633//1633
f 1596//1596 1633//1633 1632//1632
f 1597//1597 1598//1598 1634//1634
f 1597//1597 1634//1634 1633//1633
f 1598//1598 1599//1599 1635//1635
f 1598//1598 1635//1635 1634//1634
f 1599//1599 1600//1600 1636//1636
f 1599//1599 1636//1636 1635//1635
f 1600//1600 1601//1601 1637//1637
f 1600//1600 1637//1637 1636//1636
f 1601//1601 1602//1602 1638//1638
f 1601//1601 1638//1638 1637//1637
f 1602//1602 1603//1603 1639//1639
f 1602//1602 1639//1639 1638//1638
f 1603//1603 1604//1604 1640//1640
f 1603//1603 1640//1640 1639//1639
f 1604//1604 1605//1605 1641//1641
f 1604//1604 1641//1641 1640//1640
f 1605//1605 1606//1606 1642//1642
f 1605//1605 1642//1642 1641//1641
f 1606//1606 1607//1607 1643//1643
f 1606//1606 1643//1643 1642//1642
f 1607//1607 1608//1608 1644//1644
f 1607//1607 1644//1644 1643//1643
f 1608//1608 1609//1609 1645//1645
f 1608//1608 1645//1645 1644//1644
f 1609//1609 1610//1610 1646//1646
f 1609//1609 1646//1646 1645//1645
f 1610//1610 1611//1611 1647//1647
f 1610//1610 1647//1647 1646//1646
f 1611//1611 1612//1612 1648//1648
f 1611//1611 1648//1648 1647//1647
f 1612//1612 1613//1613 1649//1649
f 1612//1612 1649//1649 1648//1648
f 1613//1613 1614//1614 1650//1650
f 1613//1613 1650//1650 1649//1649
f 1614//1614 1615//1615 1651//1651
f 1614//1614 1651//1651 1650//1650
f 1615//1615 1616//1616 1652//1652
f 1615//1615 1652//1652 1651//1651
f 1616//1616 1617//1617 1653//1653
f 1616//1616 1653//1653 1652//1652
f 1617//1617 1618//1618 1654//1654
f 1617//1617 1654//1654 1653//1653
f 1618//1618 1619//1619 1655//1655
f 1618//1618 1655//1655 1654//1654
f 1619//1619 1620//1620 1656//1656
f 1619//1619 1656//1656 1655//1655
f 1620//1620 1585//1585 1621//1621
f 1620//1620 1621//1621 1656//1656
f 1621//1621 1622//1622 1658//1658
f 1621//1621 1658//1658 1657//1657
f 1622//1622 1623//1623 1659//1659
f 1622//1622 1659//1659 1658//1658
f 1623//1623 1624//1624 1660//1660
f 1623//1623 1660//1660 1659//1659
f 1624//1624 1625//1625 1661//1661
f 1624//1624 1661//1661 1660//1660
f 1625//1625 1626//1626 1662//1662
f 1625//1625 1662//1662 1661//1661
f 1626//1626 1627//1627 1663//1663
f 1626//1626 1663//1663 1662//1662
f 1627//1627 1628//1628 1664//1664
f 1627//1627 1664//1664 1663//1663
f 1628//1628 1629//1629 1665//1665
f 1628//1628 1665//1665 1664//1664
f 1629//1629 1630//1630 1666//1666
f 1629//1629 1666//1666 1665//1665
f 1630//1630 1631//1631 1667//1667
f 1630//1630 1667//1667 1666//1666
f 1631//1631 1632//1632 1668//1668
f 1631//1631 1668//1668 1667//1667
f 1632//1632 1633//1633 1669//1669
f 1632//1632 1669//1669 1668//1668
f 1633//1633 1634//1634 1670//1670
f 1633//1633 1670//1670 1669//1669
f 1634//1634 1635//1635 1671//1671
f 1634//1634 1671//1671 1670//1670
f 1635//1635 1636//1636 1672//1672
f 1635//1635 1672//1672 1671//1671
f 1636//1636 1637//1637 1673//1673
f 1636//1636 1673//1673 1672//1672
f 1637//1637 1638//1638 1674//1674
f 1637//1637 1674//1674 1673//1673
f 1638//1638 1639//1639 1675//1675
f 1638//1638 1675//1675 1674//1674
f 1639//1639 1640//1640 1676//1676
f 1639//1639 1676//1676 1675//1675
f 1640//1640 1641//1641 1677//1677
f 1640//1640 1677//1677 1676//1676
f 1641//1641 1642//1642 1678//1678
f 1641//1641 1678//1678 1677//1677
f 1642//1642 1643//1643 1679//1679
f 1642//1642 1679//1679 1678//1678
f 1643//1643 1644//1644 1680//1680
f 1643//1643 1680//1680 1679//1679
f 1644//1644 1645//1645 1681//1681
f 1644//1644 1681//1681 1680//1680
f 1645//1645 1646//1646 1682//1682
f 1645//1645 1682//1682 1681//1681
f 1646//1646 1647//1647 1683//1683
f 1646//1646 1683//1683 1682//1682
f 1647//1647 1648//1648 1684//1684
f 1647//1647 1684//1684 1683//1683
f 1648//1648 1649//1649 1685//1685
f 1648//1648 1685//1685 1684//1684
f 1649//1649 1650//1650 1686//1686
f 1649//1649 1686//1686 1685//1685
f 1650//1650 1651//1651 1687//1687
f 1650//1650 1687//1687 1686//1686
f 1651//1651 1652//1652 1688//1688
f 1651//1651 1688//1688 1687//1687
f 1652//1652 1653//1653 1689//1689
f 1652//1652 1689//1689 1688//1688
f 1653//1653 1654//1654 1690//1690
f 1653//1653 1690//1690 1689//1689
f 1654//1654 1655//1655 1691//1691
f 1654//1654 1691//1691 1690//1690
f 1655//1655 1656//1656 1692//1692
f 1655//1655 1692//1692 1691//1691
f 1656//1656 1621//1621 1657//1657
f 1656//1656 1657//1657 1692//1692
f 1657//1657 1658//1658 1694//1694
f 1657//1657 1694//1694 1693//1693
f 1658//1658 1659//1659 1695//1695
f 1658//1658 1695//1695 1694//1694
f 1659//1659 1660//1660 1696//1696
f 1659//1659 1696//1696 1695//1695
f 1660//1660 1661//1661 1697//1697
f 1660//1660 1697//1697 1696//1696
f 1661//1661 1662//1662 1698//1698
f 1661//1661 1698//1698 1697//1697
f 1662//1662 1663//1663 1699//1699
f 1662//1662 1699//1699 1698//1698
f 1663//1663 1664//1664 1700//1700
f 1663//1663 1700//1700 1699//1699
f 1664//1664 1665//1665 1701//1701
f 1664//1664 1701//1701 1700//1700
f 1665//1665 1666//1666 1702//1702
f 1665//1665 1702//1702 1701//1701
f 1666//1666 1667//1667 1703//1703
f 1666//1666 1703//1703 1702//1702
f 1667//1667 1668//1668 1704//1704
f 1667//1667 1704//1704 1703//1703
f 1668//1668 1669//1669 1705//1705
f 1668//1668 1705//1705 1704//1704
f 1669//1669 1670//1670 1706//1706
f 1669//1669 1706//1706 1705//1705
f 1670//1670 1671//1671 1707//1707
f 1670//1670 1707//1707 1706//1706
f 1671//1671 1672//1672 1708//1708
f 1671//1671 1708//1708 1707//1707
f 1672//1672 1673//1673 1709//1709
f 1672//1672 1709//1709 1708//1708
f 1673//1673 1674//1674 1710//1710
f 1673//1673 1710//1710 1709//1709
f 1674//1674 1675//1675 1711//1711
f 1674//1674 1711//1711 1710//1710
f 1675//1675 1676//1676 1712//1712
f 1675//1675 1712//1712 1711//1711
f 1676//1676 1677//1677 1713//1713
f 1676//1676 1713//1713 1712//1712
f 1677//1677 1678//1678 1714//1714
f 1677//1677 1714//1714 1713//1713
f 1678//1678 1679//1679 1715//1715
f 1678//1678 1715//1715 1714//1714
f 1679//1679 1680//1680 1716//1716
f 1679//1679 1716//1716 1715//1715
f 1680//1680 1681//1681 1717//1717
f 1680//1680 1717//1717 1716//1716
f 1681//1681 1682//1682 1718//1718
f 1681//1681 1718//1718 1717//1717
f 1682//1682 1683//1683 1719//1719
f 1682//1682 1719//1719 1718//1718
f 1683//1683 1684//1684 1720//1720
f 1683//1683 1720//1720 1719//1719
f 1684//1684 1685//1685 1721//1721
f 1684//1684 1721//1721 1720//1720
f 1685//1685 1686//1686 1722//1722
f 1685//1685 1722//1722 1721//1721
f 1686//1686 1687//1687 1723//1723
f 1686//1686 1723//1723 1722//1722
f 1687//1687 1688//1688 1724//1724
f 1687//1687 1724//1724 1723//1723
f 1688//1688 1689//1689 1725//1725
f 1688//1688 1725//1725 1724//1724
f 1689//1689 1690//1690 1726//1726
f 1689//1689 1726//1726 1725//1725
f 1690//1690 1691//1691 1727//1727
f 1690//1690 1727//1727 1726//1726
f 1691//1691 1692//1692 1728//1728
f 1691//1691 1728//1728 1727//1727
f 1692//1692 1657//1657 1693//1693
f 1692//1692 1693//1693 1728//1728
f 1693//1693 1694//1694 1730//1730
f 1693//1693 1730//1730 1729//1729
f 1694//1694 1695//1695 1731//1731
f 1694//1694 1731//1731 1730//1730
f 1695//1695 1696//1696 1732//1732
f 1695//1695 1732//1732 1731//1731
f 1696//1696 1697//1697 1733//1733
f 1696//1696 1733//1733 1732//1732
f 1697//1697 1698//1698 1734//1734
f 1697//1697 1734//1734 1733//1733
f 1698//1698 1699//1699 1735//1735
f 1698//1698 1735//1735 1734//1734
f 1699//1699 1700//1700 1736//1736
f 1699//1699 1736//1736 1735//1735
f 1700//1700 1701//1701 1737//1737
f 1700//1700 1737//1737 1736//1736
f 1701//1701 1702//1702 1738//1738
f 1701//1701 1738//1738 1737//1737
f 1702//1702 1703//1703 1739//1739
f 1702//1702 1739//1739 1738//1738
f 1703//1703 1704//1704 1740//1740
f 1703//1703 1740//1740 1739//1739
f 1704//1704 1705//1705 1741//1741
f 1704//1704 1741//1741 1740//1740
f 1705//1705 1706//1706 1742//1742
f 1705//1705 1742//1742 1741//1741
f 1706//1706 1707//1707 1743//1743
f 1706//1706 1743//1743 1742//1742
f 1707//1707 1708//1708 1744//1744
f 1707//1707 1744//1744 1743//1743
f 1708//1708 1709//1709 1745//1745
f 1708//1708 1745//1745 1744//1744
f 1709//1709 1710//1710 1746//1746
f 1709//1709 1746//1746 1745//1745
f 1710//1710 1711//1711 1747//1747
f 1710//1710 1747//1747 1746//1746
f 1711//1711 1712//1712 1748//1748
f 1711//1711 1748//1748 1747//1747
f 1712//1712 1713//1713 1749//1749
f 1712//1712 1749//1749 1748//1748
f 1713//1713 1714//1714 1750//1750
f 1713//1713 1750//1750 1749//1749
f 1714//1714 1715//1715 1751//1751
f 1714//1714 1751//1751 1750//1750
f 1715//1715 1716//1716 1752//1752
f 1715//1715 1752//1752 1751//1751
f 1716//1716 1717//1717 1753//1753
f 1716//1716 1753//1753 1752//1752
f 1717//1717 1718//1718 1754//1754
f 1717//1717 1754//1754 1753//1753
f 1718//1718 1719//1719 1755//1755
f 1718//1718 1755//1755 1754//1754
f 1719//1719 1720//1720 1756//1756
f 1719//1719 1756//1756 1755//1755
f 1720//1720 1721//1721 1757//1757
f 1720//1720 1757//1757 1756//1756
f 1721//1721 1722//1722 1758//1758
f 1721//1721 1758//1758 1757//1757
f 1722//1722 1723//1723 1759//1759
f 1722//1722 1759//1759 1758//1758
f 1723//1723 1724//1724 1760//1760
f 1723//1723 1760//1760 1759//1759
f 1724//1724 1725//1725 1761//1761
f 1724//1724 1761//1761 1760//1760
f 1725//1725 1726//1726 1762//1762
f 1725//1725 1762//1762 1761//1761
f 1726//1726 1727//1727 1763//1763
f 1726//1726 1763//1763 1762//1762
f 1727//1727 1728//1728 1764//1764
f 1727//1727 1764//1764 1763//1763
f 1728//1728 1693//1693 1729//1729
f 1728//1728 1729//1729 1764//1764
f 1729//1729 1730//1730 1766//1766
f 1729//1729 1766//1766 1765//1765
f 1730//1730 1731//1731 1767//1767
f 1730//1730 1767//1767 1766//1766
f 1731//1731 1732//1732 1768//1768
f 1731//1731 1768//1768 1767//1767
f 1732//1732 1733//1733 1769//1769
f 1732//1732 1769//1769 1768//1768
f 1733//1733 1734//1734 1770//1770
f 1733//1733 1770//1770 1769//1769
f 1734//1734 1735//1735 1771//1771
f 1734//1734 1771//1771 1770//1770
f 1735//1735 1736//1736 1772//1772
f 1735//1735 1772//1772 1771//1771
f 1736//1736 1737//1737 1773//1773
f 1736//1736 1773//1773 1772//1772
f 1737//1737 1738//1738 1774//1774
f 1737//1737 1774//1774 1773//1773
f 1738//1738 1739//1739 1775//1775
f 1738//1738 1775//1775 1774//1774
f 1739//1739 1740//1740 1776//1776
f 1739//1739 1776//1776 1775//1775
f 1740//1740 1741//1741 1777//1777
f 1740//1740 1777//1777 1776//1776
f 1741//1741 1742//1742 1778//1778
f 1741//1741 1778//1778 1777//1777
f 1742//1742 1743//1743 1779//1779
f 1742//1742 1779//1779 1778//1778
f 1743//1743 1744//1744 1780//1780
f 1743//1743 1780//1780 1779//1779
f 1744//1744 1745//1745 1781//1781
f 1744//1744 1781//1781 1780//1780
f 1745//1745 1746//1746 1782//1782
f 1745//1745 1782//1782 1781//1781
f 1746//1746 1747//1747 1783//1783
f 1746//1746 1783//1783 1782//1782
f 1747//1747 1748//1748 1784//1784
f 1747//1747 1784//1784 1783//1783
f 1748//1748 1749//1749 1785//1785
f 1748//1748 1785//1785 1784//1784
f 1749//1749 1750//1750 1786//1786
f 1749//1749 1786//1786 1785//1785
f 1750//1750 1751//1751 1787//1787
f 1750//1750 1787//1787 1786//1786
f 1751//1751 1752//1752 1788//1788
f 1751//1751 1788//1788 1787//1787
f 1752//1752 1753//1753 1789//1789
f 1752//1752 1789//1789 1788//1788
f 1753//1753 1754//1754 1790//1790
f 1753//1753 1790//1790 1789//1789
f 1754//1754 1755//1755 1791//1791
f 1754//1754 1791//1791 1790//1790
f 1755//1755 1756//1756 1792//1792
f 1755//1755 1792//1792 1791//1791
f 1756//1756 1757//1757 1793//1793
f 1756//1756 1793//1793 1792//1792
f 1757//1757 1758//1758 1794//1794
f 1757//1757 1794//1794 1793//1793
f 1758//1758 1759//1759 1795//1795
f 1758//1758 1795//1795 1794//1794
f 1759//1759 1760//1760 1796//1796
f 1759//1759 1796//1796 1795//1795
f 1760//1760 1761//1761 1797//1797
f 1760//1760 1797//1797 1796//1796
f 1761//1761 1762//1762 1798//1798
f 1761//1761 1798//1798 1797//1797
f 1762//1762 1763//1763 1799//1799
f 1762//1762 1799//1799 1798//1798
f 1763//1763 1764//1764 1800//1800
f 1763//1763 1800//1800 1799//1799
f 1764//1764 1729//1729 1765//1765
f 1764//1764 1765//1765 1800//1800
f 1765//1765 1766//1766 1802//1802
f 1765//1765 1802//1802 1801//1801
f 1766//1766 1767//1767 1803//1803
f 1766//1766 1803//1803 1802//1802
f 1767//1767 1768//1768 1804//1804
f 1767//1767 1804//1804 1803//1803
f 1768//1768 1769//1769 1805//1805
f 1768//1768 1805//1805 1804//1804
f 1769//1769 1770//1770 1806//1806
f 1769//1769 1806//1806 1805//1805
f 1770//1770 1771//1771 1807//1807
f 1770//1770 1807//1807 1806//1806
f 1771//1771 1772//1772 1808//1808
f 1771//1771 1808//1808 1807//1807
f 1772//1772 1773//1773 1809//1809
f 1772//1772 1809//1809 1808//1808
f 1773//1773 1774//1774 1810//1810
f 1773//1773 1810//1810 1809//1809
f 1774//1774 1775//1775 1811//1811
f 1774//1774 1811//1811 1810//1810
f 1775//1775 1776//1776 1812//1812
f 1775//1775 1812//1812 1811//1811
f 1776//1776 1777//1777 1813//1813
f 1776//1776 1813//1813 1812//1812
f 1777//1777 1778//1778 1814//1814
f 1777//1777 1814//1814 1813//1813
f 1778//1778 1779//1779 1815//1815
f 1778//1778 1815//1815 1814//1814
f 1779//1779 1780//1780 1816//1816
f 1779//1779 1816//1816 1815//1815
f 1780//1780 1781//1781 1817//1817
f 1780//1780 1817//1817 1816//1816
f 1781//1781 1782//1782 1818//1818
f 1781//1781 1818//1818 1817//1817
f 1782//1782 1783//1783 1819//1819
f 1782//1782 1819//1819 1818//1818
f 1783//1783 1784//1784 1820//1820
f 1783//1783 1820//1820 1819//1819
f 1784//1784 1785//1785 1821//1821
f 1784//1784 1821//1821 1820//1820
f 1785//1785 1786//1786 1822//1822
f 1785//1785 1822//1822 1821//1821
f 1786//1786 1787//1787 1823//1823
f 1786//1786 1823//1823 1822//1822
f 1787//1787 1788//1788 1824//1824
f 1787//1787 1824//1824 1823//1823
f 1788//1788 1789//1789 1825//1825
f 1788//1788 1825//1825 1824//1824
f 1789//1789 1790//1790 1826//1826
f 1789//1789 1826//1826 1825//1825
f 1790//1790 1791//1791 1827//1827
f 1790//1790 1827//1827 1826//1826
f 1791//1791 1792//1792 1828//1828
f 1791//1791 1828//1828 1827//1827
f 1792//1792 1793//1793 1829//1829
f 1792//1792 1829//1829 1828//1828
f 1793//1793 1794//1794 1830//1830
f 1793//1793 1830//1830 1829//1829
f 1794//1794 1795//1795 1831//1831
f 1794//1794 1831//1831 1830//1830
f 1795//1795 1796//1796 1832//1832
f 1795//1795 1832//1832 1831//1831
f 1796//1796 1797//1797 1833//1833
f 1796//1796 1833//1833 1832//1832
f 1797//1797 1798//1798 1834//1834
f 1797//1797 1834//1834 1833//1833
f 1798//1798 1799//1799 1835//1835
f 1798//1798 1835//1835 1834//1834
f 1799//1799 1800//1800 1836//1836
f 1799//1799 1836//1836 1835//1835
f 1800//1800 1765//1765 1801//1801
f 1800//1800 1801//1801 1836//1836
f 1801//1801 1802//1802 1838//1838
f 1801//1801 1838//1838 1837//1837
f 1802//1802 1803//1803 1839//1839
f 1802//1802 1839//1839 1838//1838
f 1803//1803 1804//1804 1840//1840
f 1803//1803 1840//1840 1839//1839
f 1804//1804 1805//1805 1841//1841
f 1804//1804 1841//1841 1840//1840
f 1805//1805 1806//1806 1842//1842
f 1805//1805 1842//1842 1841//1841
f 1806//1806 1807//1807 1843//1843
f 1806//1806 1843//1843 1842//1842
f 1807//1807 1808//1808 1844//1844
f 1807//1807 1844//1844 1843//1843
f 1808//1808 1809//1809 1845//1845
f 1808//1808 1845//1845 1844//1844
f 1809//1809 1810//1810 1846//1846
f 1809//1809 1846//1846 1845//1845
f 1810//1810 1811//1811 1847//1847
f 1810//1810 1847//1847 1846//1846
f 1811//1811 1812//1812 1848//1848
f 1811//1811 1848//1848 1847//1847
f 1812//1812 1813//1813 1849//1849
f 1812//1812 1849//1849 1848//1848
f 1813//1813 1814//1814 1850//1850
f 1813//1813 1850//1850 1849//1849
f 1814//1814 1815//1815 1851//1851
f 1814//1814 1851//1851 1850//1850
f 1815//1815 1816//1816 1852//1852
f 1815//1815 1852//1852 1851//1851
f 1816//1816 1817//1817 1853//1853
f 1816//1816 1853//1853 1852//1852
f 1817//1817 1818//1818 1854//1854
f 1817//1817 1854//1854 1853//1853
f 1818//1818 1819//1819 1855//1855
f 1818//1818 1855//1855 1854//1854
f 1819//1819 1820//1820 1856//1856
f 1819//1819 1856//1856 1855//1855
f 1820//1820 1821//1821 1857//1857
f 1820//1820 1857//1857 1856//1856
f 1821//1821 1822//1822 1858//1858
f 1821//1821 1858//1858 1857//1857
f 1822//1822 1823//1823 1859//1859
f 1822//1822 1859//1859 1858//1858
f 1823//1823 1824//1824 1860//1860
f 1823//1823 1860//1860 1859//1859
f 1824//1824 1825//1825 1861//1861
f 1824//1824 1861//1861 1860//1860
f 1825//1825 1826//1826 1862//1862
f 1825//1825 1862//1862 1861//1861
f 1826//1826 1827//1827 1863//1863
f 1826//1826 1863//1863 1862//1862
f 1827//1827 1828//1828 1864//1864
f 1827//1827 1864//1864 1863//1863
f 1828//1828 1829//1829 1865//1865
f 1828//1828 1865//1865 1864//1864
f 1829//1829 1830//1830 1866//1866
f 1829//1829 1866//1866 1865//1865
f 1830//1830 1831//1831 1867//1867
f 1830//1830 1867//1867 1866//1866
f 1831//1831 1832//1832 1868//1868
f 1831//1831 1868//1868 1867//1867
f 1832//1832 1833//1833 1869//1869
f 1832//1832 1869//1869 1868//1868
f 1833//1833 1834//1834 1870//1870
f 1833//1833 1870//1870 1869//1869
f 1834//1834 1835//1835 1871//1871
f 1834//1834 1871//1871 1870//1870
f 1835//1835 1836//1836 1872//1872
f 1835//1835 1872//1872 1871//1871
f 1836//1836 1801//1801 1837//1837
f 1836//1836 1837//1837 1872//1872
f 1837//1837 1838//1838 1874//1874
f 1837//1837 1874//1874 1873//1873
f 1838//1838 1839//1839 1875//1875
f 1838//1838 1875//1875 1874//1874
f 1839//1839 1840//1840 1876//1876
f 1839//1839 1876//1876 1875//1875
f 1840//1840 1841//1841 1877//1877
f 1840//1840 1877//1877 1876//1876
f 1841//1841 1842//1842 1878//1878
f 1841//1841 1878//1878 1877//1877
f 1842//1842 1843//1843 1879//1879
f 1842//1842 1879//1879 1878//1878
f 1843//1843 1844//1844 1880//1880
f 1843//1843 1880//1880 1879//1879
f 1844//1844 1845//1845 1881//1881
f 1844//1844 1881//1881 1880//1880
f 1845//1845 1846//1846 1882//1882
f 1845//1845 1882//1882 1881//1881
f 1846//1846 1847//1847 1883//1883
f 1846//1846 1883//1883 1882//1882
f 1847//1847 1848//1848 1884//1884
f 1847//1847 1884//1884 1883//1883
f 1848//1848 1849//1849 1885//1885
f 1848//1848 1885//1885 1884//1884
f 1849//1849 1850//1850 1886//1886
f 1849//1849 1886//1886 1885//1885
f 1850//1850 1851//1851 1887//1887
f 1850//1850 1887//1887 1886//1886
f 1851//1851 1852//1852 1888//1888
f 1851//1851 1888//1888 1887//1887
f 1852//1852 1853//1853 1889//1889
f 1852//1852 1889//1889 1888//1888
f 1853//1853 1854//1854 1890//1890
f 1853//1853 1890//1890 1889//1889
f 1854//1854 1855//1855 1891//1891
f 1854//1854 1891//1891 1890//1890
f 1855//1855 1856//1856 1892//1892
f 1855//1855 1892//1892 1891//1891
f 1856//1856 1857//1857 1893//1893
f 1856//1856 1893//1893 1892//1892
f 1857//1857 1858//1858 1894//1894
f 1857//1857 1894//1894 1893//1893
f 1858//1858 1859//1859 1895//1895
f 1858//1858 1895//1895 1894//1894
f 1859//1859 1860//1860 1896//1896
f 1859//1859 1896//1896 1895//1895
f 1860//1860 1861//1861 1897//1897
f 1860//1860 1897//1897 1896//1896
f 1861//1861 1862//1862 1898//1898
f 1861//1861 1898//1898 1897//1897
f 1862//1862 1863//1863 1899//1899
f 1862//1862 1899//1899 1898//1898
f 1863//1863 1864//1864 1900//1900
f 1863//1863 1900//1900 1899//1899
f 1864//1864 1865//1865 1901//1901
f 1864//1864 1901//1901 1900//1900
f 1865//1865 1866//1866 1902//1902
f 1865//1865 1902//1902 1901//1901
f 1866//1866 1867//1867 1903//1903
f 1866//1866 1903//1903 1902//1902
f 1867//1867 1868//1868 1904//1904
f 1867//1867 1904//1904 1903//1903
f 1868//1868 1869//1869 1905//1905
f 1868//1868 1905//1905 1904//1904
f 1869//1869 1870//1870 1906//1906
f 1869//1869 1906//1906 1905//1905
f 1870//1870 1871//1871 1907//1907
f 1870//1870 1907//1907 1906//1906
f 1871//1871 1872//1872 1908//1908
f 1871//1871 1908//1908 1907//1907
f 1872//1872 1837//1837 1873//1873
f 1872//1872 1873//1873 1908//1908
f 1873//1873 1874//1874 1910//1910
f 1873//1873 1910//1910 1909//1909
f 1874//1874 1875//1875 1911//1911
f 1874//1874 1911//1911 1910//1910
f 1875//1875 1876//1876 1912//1912
f 1875//1875 1912//1912 1911//1911
f 1876//1876 1877//1877 1913//1913
f 1876//1876 1913//1913 1912//1912
f 1877//1877 1878//1878 1914//1914
f 1877//1877 1914//1914 1913//1913
f 1878//1878 1879//1879 1915//1915
f 1878//1878 1915//1915 1914//1914
f 1879//1879 1880//1880 1916//1916
f 1879//1879 1916//1916 1915//1915
f 1880//1880 1881//1881 1917//1917
f 1880//1880 1917//1917 1916//1916
f 1881//1881 1882//1882 1918//1918
f 1881//1881 1918//1918 1917//1917
f 1882//1882 1883//1883 1919//1919
f 1882//1882 1919//1919 1918//1918
f 1883//1883 1884//1884 1920//1920
f 1883//1883 1920//1920 1919//1919
f 1884//1884 1885//1885 1921//1921
f 1884//1884 1921//1921 1920//1920
f 1885//1885 1886//1886 1922//1922
f 1885//1885 1922//1922 1921//1921
f 1886//1886 1887//1887 1923//1923
f 1886//1886 1923//1923 1922//1922
f 1887//1887 1888//1888 1924//1924
f 1887//1887 1924//1924 1923//1923
f 1888//1888 1889//1889 1925//1925
f 1888//1888 1925//1925 1924//1924
f 1889//1889 1890//1890 1926//1926
f 1889//1889 1926//1926 1925//1925
f 1890//1890 1891//1891 1927//1927
f 1890//1890 1927//1927 1926//1926
f 1891//1891 1892//1892 1928//1928
f 1891//1891 1928//1928 1927//1927
f 1892//1892 1893//1893 1929//1929
f 1892//1892 1929//1929 1928//1928
f 1893//1893 1894//1894 1930//1930
f 1893//1893 1930//1930 1929//1929
f 1894//1894 1895//1895 1931//1931
f 1894//1894 1931//1931 1930//1930
f 1895//1895 1896//1896 1932//1932
f 1895//1895 1932//1932 1931//1931
f 1896//1896 1897//1897 1933//1933
f 1896//1896 1933//1933 1932//1932
f 1897//1897 1898//1898 1934//1934
f 1897//1897 1934//1934 1933//1933
f 1898//1898 1899//1899 1935//1935
f 1898//1898 1935//1935 1934//1934
f 1899//1899 1900//1900 1936//1936
f 1899//1899 1936//1936 1935//1935
f 1900//1900 1901//1901 1937//1937
f 1900//1900 1937//1937 1936//1936
f 1901//1901 1902//1902 1938//1938
f 1901//1901 1938//1938 1937//1937
f 1902//1902 1903//1903 1939//1939
f 1902//1902 1939//1939 1938//1938
f 1903//1903 1904//1904 1940//1940
f 1903//1903 1940//1940 1939//1939
f 1904//1904 1905//1905 1941//1941
f 1904//1904 1941//1941 1940//1940
f 1905//1905 1906//1906 1942//1942
f 1905//1905 1942//1942 1941//1941
f 1906//1906 1907//1907 1943//1943
f 1906//1906 1943//1943 1942//1942
f 1907//1907 1908//1908 1944//1944
f 1907//1907 1944//1944 1943//1943
f 1908//1908 1873//1873 1909//1909
f 1908//1908 1909//1909 1944//1944
f 1909//1909 1910//1910 1946//1946
f 1909//1909 1946//1946 1945//1945
f 1910//1910 1911//1911 1947//1947
f 1910//1910 1947//1947 1946//1946
f 1911//1911 1912//1912 1948//1948
f 1911//1911 1948//1948 1947//1947
f 1912//1912 1913//1913 1949//1949
f 1912//1912 1949//1949 1948//1948
f 1913//1913 1914//1914 1950//1950
f 1913//1913 1950//1950 1949//1949
f 1914//1914 1915//1915 1951//1951
f 1914//1914 1951//1951 1950//1950
f 1915//1915 1916//1916 1952//1952
f 1915//1915 1952//1952 1951//1951
f 1916//1916 1917//1917 1953//1953
f 1916//1916 1953//1953 1952//1952
f 1917//1917 1918//1918 1954//1954
f 1917//1917 1954//1954 1953//1953
f 1918//1918 1919//1919 1955//1955
f 1918//1918 1955//1955 1954//1954
f 1919//1919 1920//1920 1956//1956
f 1919//1919 1956//1956 1955//1955
f 1920//1920 1921//1921 1957//1957
f 1920//1920 1957//1957 1956//1956
f 1921//1921 1922//1922 1958//1958
f 1921//1921 1958//1958 1957//1957
f 1922//1922 1923//1923 1959//1959
f 1922//1922 1959//1959 1958//1958
f 1923//1923 1924//1924 1960//1960
f 1923//1923 1960//1960 1959//1959
f 1924//1924 1925//1925 1961//1961
f 1924//1924 1961//1961 1960//1960
f 1925//1925 1926//1926 1962//1962
f 1925//1925 1962//1962 1961//1961
f 1926//1926 1927//1927 1963//1963
f 1926//1926 1963//1963 1962//1962
f 1927//1927 1928//1928 1964//1964
f 1927//1927 1964//1964 1963//1963
f 1928//1928 1929//1929 1965//1965
f 1928//1928 1965//1965 1964//1964
f 1929//1929 1930//1930 1966//1966
f 1929//1929 1966//1966 1965//1965
f 1930//1930 1931//1931 1967//1967
f 1930//1930 1967//1967 1966//1966
f 1931//1931 1932//1932 1968//1968
f 1931//1931 1968//1968 1967//1967
f 1932//1932 1933//1933 1969//1969
f 1932//1932 1969//1969 1968//1968
f 1933//1933 1934//1934 1970//1970
f 1933//1933 1970//1970 1969//1969
f 1934//1934 1935//1935 1971//1971
f 1934//1934 1971//1971 1970//1970
f 1935//1935 1936//1936 1972//1972
f 1935//1935 1972//1972 1971//1971
f 1936//1936 1937//1937 1973//1973
f 1936//1936 1973//1973 1972//1972
f 1937//1937 1938//1938 1974//1974
f 1937//1937 1974//1974 1973//1973
f 1938//1938 1939//1939 1975//1975
f 1938//1938 1975//1975 1974//1974
f 1939//1939 1940//1940 1976//1976
f 1939//1939 1976//1976 1975//1975
f 1940//1940 1941//1941 1977//1977
f 1940//1940 1977//1977 1976//1976
f 1941//1941 1942//1942 1978//1978
f 1941//1941 1978//1978 1977//1977
f 1942//1942 1943//1943 1979//1979
f 1942//1942 1979//1979 1978//1978
f 1943//1943 1944//1944 1980//1980
f 1943//1943 1980//1980 1979//1979
f 1944//1944 1909//1909 1945//1945
f 1944//1944 1945//1945 1980//1980
f 1945//1945 1946//1946 1982//1982
f 1945//1945 1982//1982 1981//1981
f 1946//1946 1947//1947 1983//1983
f 1946//1946 1983//1983 1982//1982
f 1947//1947 1948//1948 1984//1984
f 1947//1947 1984//1984 1983//1983
f 1948//1948 1949//1949 1985//1985
f 1948//1948 1985//1985 1984//1984
f 1949//1949 1950//1950 1986//1986
f 1949//1949 1986//1986 1985//1985
f 1950//1950 1951//1951 1987//1987
f 1950//1950 1987//1987 1986//1986
f 1951//1951 1952//1952 1988//1988
f 1951//1951 1988//1988 1987//1987
f 1952//1952 1953//1953 1989//1989
f 1952//1952 1989//1989 1988//1988
f 1953//1953 1954//1954 1990//1990
f 1953//1953 1990//1990 1989//1989
f 1954//1954 1955//1955 1991//1991
f 1954//1954 1991//1991 1990//1990
f 1955//1955 1956//1956 1992//1992
f 1955//1955 1992//1992 1991//1991
f 1956//1956 1957//1957 1993//1993
f 1956//1956 1993//1993 1992//1992
f 1957//1957 1958//1958 1994//1994
f 1957//1957 1994//1994 1993//1993
f 1958//1958 1959//1959 1995//1995
f 1958//1958 1995//1995 1994//1994
f 1959//1959 1960//1960 1996//1996
f 1959//1959 1996//1996 1995//1995
f 1960//1960 1961//1961 1997//1997
f 1960//1960 1997//1997 1996//1996
f 1961//1961 1962//1962 1998//1998
f 1961//1961 1998//1998 1997//1997
f 1962//1962 1963//1963 1999//1999
f 1962//1962 1999//1999 1998//1998
f 1963//1963 1964//1964 2000//2000
f 1963//1963 2000//2000 1999//1999
f 1964//1964 1965//1965 2001//2001
f 1964//1964 2001//2001 2000//2000
f 1965//1965 1966//1966 2002//2002
f 1965//1965 2002//2002 2001//2001
f 1966//1966 1967//1967 2003//2003
f 1966//1966 2003//2003 2002//2002
f 1967//1967 1968//1968 2004//2004
f 1967//1967 2004//2004 2003//2003
f 1968//1968 1969//1969 2005//2005
f 1968//1968 2005//2005 2004//2004
f 1969//1969 1970//1970 2006//2006
f 1969//1969 2006//2006 2005//2005
f 1970//1970 1971//1971 2007//2007
f 1970//1970 2007//2007 2006//2006
f 1971//1971 1972//1972 2008//2008
f 1971//1971 2008//2008 2007//2007
f 1972//1972 1973//1973 2009//2009
f 1972//1972 2009//2009 2008//2008
f 1973//1973 1974//1974 2010//2010
f 1973//1973 2010//2010 2009//2009
f 1974//1974 1975//1975 2011//2011
f 1974//1974 2011//2011 2010//2010
f 1975//1975 1976//1976 2012//2012
f 1975//1975 2012//2012 2011//2011
f 1976//1976 1977//1977 2013//2013
f 1976//1976 2013//2013 2012//2012
f 1977//1977 1978//1978 2014//2014
f 1977//1977 2014//2014 2013//2013
f 1978//1978 1979//1979 2015//2015
f 1978//1978 2015//2015 2014//2014
f 1979//1979 1980//1980 2016//2016
f 1979//1979 2016//2016 2015//2015
f 1980//1980 1945//1945 1981//1981
f 1980//1980 1981//1981 2016//2016
f 1981//1981 1982//1982 2018//2018
f 1981//1981 2018//2018 2017//2017
f 1982//1982 1983//1983 2019//2019
f 1982//1982 2019//2019 2018//2018
f 1983//1983 1984//1984 2020//2020
f 1983//1983 2020//2020 2019//2019
f 1984//1984 1985//1985 2021//2021
f 1984//1984 2021//2021 2020//2020
f 1985//1985 1986//1986 2022//2022
f 1985//1985 2022//2022 2021//2021
f 1986//1986 1987//1987 2023//2023
f 1986//1986 2023//2023 2022//2022
f 1987//1987 1988//1988 2024//2024
f 1987//1987 2024//2024 2023//2023
f 1988//1988 1989//1989 2025//2025
f 1988//1988 2025//2025 2024//2024
f 1989//1989 1990//1990 2026//2026
f 1989//1989 2026//2026 2025//2025
f 1990//1990 1991//1991 2027//2027
f 1990//1990 2027//2027 2026//2026
f 1991//1991 1992//1992 2028//2028
f 1991//1991 2028//2028 2027//2027
f 1992//1992 1993//1993 2029//2029
f 1992//1992 2029//2029 2028//2028
f 1993//1993 1994//1994 2030//2030
f 1993//1993 2030//2030 2029//2029
f 1994//1994 1995//1995 2031//2031
f 1994//1994 2031//2031 2030//2030
f 1995//1995 1996//1996 2032//2032
f 1995//1995 2032//2032 2031//2031
f 1996//1996 1997//1997 2033//2033
f 1996//1996 2033//2033 2032//2032
f 1997//1997 1998//1998 2034//2034
f 1997//1997 2034//2034 2033//2033
f 1998//1998 1999//1999 2035//2035
f 1998//1998 2035//2035 2034//2034
f 1999//1999 2000//2000 2036//2036
f 1999//1999 2036//2036 2035//2035
f 2000//2000 2001//2001 2037//2037
f 2000//2000 2037//2037 2036//2036
f 2001//2001 2002//2002 2038//2038
f 2001//2001 2038//2038 2037//2037
f 2002//2002 2003//2003 2039//2039
f 2002//2002 2039//2039 2038//2038
f 2003//2003 2004//2004 2040//2040
f 2003//2003 2040//2040 2039//2039
f 2004//2004 2005//2005 2041//2041
f 2004//2004 2041//2041 2040//2040
f 2005//2005 2006//2006 2042//2042
f 2005//2005 2042//2042 2041//2041
f 2006//2006 2007//2007 2043//2043
f 2006//2006 2043//2043 2042//2042
f 2007//2007 2008//2008 2044//2044
f 2007//2007 2044//2044 2043//2043
f 2008//2008 2009//2009 2045//2045
f 2008//2008 2045//2045 2044//2044
f 2009//2009 2010//2010 2046//2046
f 2009//2009 2046//2046 2045//2045
f 2010//2010 2011//2011 2047//2047
f 2010//2010 2047//2047 2046//2046
f 2011//2011 2012//2012 2048//2048
f 2011//2011 2048//2048 2047//2047
f 2012//2012 2013//2013 2049//2049
f 2012//2012 2049//2049 2048//2048
f 2013//2013 2014//2014 2050//2050
f 2013//2013 2050//2050 2049//2049
f 2014//2014 2015//2015 2051//2051
f 2014//2014 2051//2051 2050//2050
f 2015//2015 2016//2016 2052//2052
f 2015//2015 2052//2052 2051//2051
f 2016//2016 1981//1981 2017//2017
f 2016//2016 2017//2017 2052//2052
f 1//1 36//36 35//35
f 35//35 34//34 33//33
f 33//33 32//32 31//31
f 31//31 30//30 29//29
f 29//29 28//28 27//27
f 27//27 26//26 25//25
f 25//25 24//24 23//23
f 23//23 22//22 21//21
f 21//21 20//20 19//19
f 19//19 18//18 17//17
f 17//17 16//16 15//15
f 15//15 14//14 13//13
f 13//13 12//12 11//11
f 11//11 10//10 9//9
f 9//9 8//8 7//7
f 7//7 6//6 5//5
f 5//5 4//4 3//3
f 3//3 2//2 1//1
f 1//1 35//35 33//33
f 33//33 31//31 29//29
f 29//29 27//27 25//25
f 25//25 23//23 21//21
f 21//21 19//19 17//17
f 17//17 15//15 13//13
f 13//13 11//11 9//9
f 9//9 7//7 5//5
f 5//5 3//3 1//1
f 1//1 33//33 29//29
f 29//29 25//25 21//21
f 21//21 17//17 13//13
f 13//13 9//9 5//5
f 5//5 1//1 29//29
f 29//29 21//21 13//13
f 29//29 13//13 5//5
f 2052//2052 2017//2017 2018//2018
f 2018//2018 2019//2019 2020//2020
f 2020//2020 2021//2021 2022//2022
f 2022//2022 2023//2023 2024//2024
f 2024//2024 2025//2025 2026//2026
f 2026//2026 2027//2027 2028//2028
f 2028//2028 2029//2029 2030//2030
f 2030//2030 2031//2031 2032//2032
f 2032//2032 2033//2033 2034//2034
f 2034//2034 2035//2035 2036//2036
f 2036//2036 2037//2037 2038//2038
f 2038//2038 2039//2039 2040//2040
f 2040//2040 2041//2041 2042//2042
f 2042//2042 2043//2043 2044//2044
f 2044//2044 2045//2045 2046//2046
f 2046//2046 2047//2047 2048//2048
f 2048//2048 2049//2049 2050//2050
f 2050//2050 2051//2051 2052//2052
f 2052//2052 2018//2018 2020//2020
f 2020//2020 2022//2022 2024//2024
f 2024//2024 2026//2026 2028//2028
f 2028//2028 2030//2030 2032//2032
f 2032//2032 2034//2034 2036//2036
f 2036//2036 2038//2038 2040//2040
f 2040//2040 2042//2042 2044//2044
f 2044//2044 2046//2046 2048//2048
f 2048//2048 2050//2050 2052//2052
f 2052//2052 2020//2020 2024//2024
f 2024//2024 2028//2028 2032//2032
f 2032//2032 2036//2036 2040//2040
f 2040//2040 2044//2044 2048//2048
f 2048//2048 2052//2052 2024//2024
f 2024//2024 2032//2032 2040//2040
f 2024//2024 2040//2040 2048//2048
