mtllib hub.mtl
o hub
v 1.00000 0.00000 2.60000
v 1.00000 0.33937 2.57775
v 1.00000 0.67293 2.51140
v 1.00000 1.58278 2.06272
v 1.00000 2.06272 1.58278
v 1.00000 2.40209 0.99497
v 1.00000 2.51141 0.67293
v 1.00000 2.57776 0.33936
v 1.00000 2.57776 -0.33937
v 1.00000 2.51141 -0.67293
v 1.00000 2.25167 -1.30000
v 1.00000 1.83848 -1.83848
v 1.00000 1.58278 -2.06272
v 1.00000 1.30000 -2.25167
v 1.00000 0.33937 -2.57776
v 1.00000 0.00000 -2.60000
v 1.06133 0.33646 2.57775
v 1.12162 0.66717 2.51140
v 1.17982 0.98646 2.40208
v 1.23495 1.28888 2.25166
v 1.28605 1.56924 2.06272
v 1.33227 1.82275 1.83847
v 1.37279 2.04507 1.58278
v 1.40694 2.23240 1.30000
v 1.43413 2.38154 0.99497
v 1.45388 2.48992 0.67293
v 1.46587 2.55570 0.33936
v 1.46989 2.57776 -0.00000
v 1.46587 2.55570 -0.33937
v 1.45388 2.48992 -0.67293
v 1.43413 2.38154 -0.99498
v 1.40694 2.23240 -1.30000
v 1.37279 2.04507 -1.58278
v 1.33227 1.82275 -1.83848
v 1.28605 1.56924 -2.06272
v 1.23495 1.28888 -2.25167
v 1.17982 0.98646 -2.40209
v 1.12162 0.66717 -2.51141
v 1.06133 0.33646 -2.57776
v 1.12162 0.32780 2.57775
v 1.24115 0.65000 2.51140
v 1.35656 0.96107 2.40208
v 1.46587 1.25570 2.25166
v 1.56721 1.52885 2.06272
v 1.65885 1.77583 1.83847
v 1.73921 1.99243 1.58278
v 1.80692 2.17494 1.30000
v 1.86082 2.32024 0.99497
v 1.90000 2.42583 0.67293
v 1.92378 2.48992 0.33936
v 1.93175 2.51141 -0.00000
v 1.92378 2.48992 -0.33937
v 1.90000 2.42583 -0.67293
v 1.86082 2.32024 -0.99498
v 1.80692 2.17494 -1.30000
v 1.73921 1.99243 -1.58278
v 1.65885 1.77583 -1.83848
v 1.56721 1.52885 -2.06272
v 1.46587 1.25570 -2.25167
v 1.35656 0.96107 -2.40209
v 1.24115 0.65000 -2.51141
v 1.12162 0.32780 -2.57776
v 1.17982 0.31354 2.57775
v 1.35656 0.62171 2.51140
v 1.52721 0.91924 2.40208
v 1.68883 1.20104 2.25166
v 1.83867 1.46230 2.06272
v 1.97415 1.69853 1.83847
v 2.09297 1.90570 1.58278
v 2.19309 2.08027 1.30000
v 2.27279 2.21924 0.99497
v 2.33072 2.32024 0.67293
v 2.36587 2.38154 0.33936
v 2.37766 2.40209 -0.00000
v 2.36587 2.38154 -0.33937
v 2.33072 2.32024 -0.67293
v 2.27279 2.21924 -0.99498
v 2.19309 2.08027 -1.30000
v 2.09297 1.90570 -1.58278
v 1.97415 1.69853 -1.83848
v 1.83867 1.46230 -2.06272
v 1.68883 1.20104 -2.25167
v 1.52721 0.91924 -2.40209
v 1.35656 0.62171 -2.51141
v 1.17982 0.31354 -2.57776
v 1.23495 0.29390 2.57775
v 1.46587 0.58277 2.51140
v 1.68883 0.86168 2.40208
v 1.90000 1.12583 2.25166
v 2.09577 1.37073 2.06272
v 2.27279 1.59217 1.83847
v 2.42804 1.78637 1.58278
v 2.55885 1.95000 1.30000
v 2.66298 2.08027 0.99497
v 2.73867 2.17494 0.67293
v 2.78460 2.23240 0.33936
v 2.80000 2.25167 -0.00000
v 2.78460 2.23240 -0.33937
v 2.73867 2.17494 -0.67293
v 2.66298 2.08027 -0.99498
v 2.55885 1.95000 -1.30000
v 2.42804 1.78637 -1.58278
v 2.27279 1.59217 -1.83848
v 2.09577 1.37073 -2.06272
v 1.90000 1.12583 -2.25167
v 1.68883 0.86168 -2.40209
v 1.46587 0.58277 -2.51141
v 1.23495 0.29390 -2.57776
v 1.28605 0.26924 2.57775
v 1.56721 0.53387 2.51140
v 1.83867 0.78937 2.40208
v 2.09577 1.03136 2.25166
v 2.33413 1.25570 2.06272
v 2.54965 1.45856 1.83847
v 2.73867 1.63646 1.58278
v 2.89793 1.78637 1.30000
v 3.02472 1.90570 0.99497
v 3.11687 1.99243 0.67293
v 3.17279 2.04507 0.33936
v 3.19154 2.06272 -0.00000
v 3.17279 2.04507 -0.33937
v 3.11687 1.99243 -0.67293
v 3.02472 1.90570 -0.99498
v 2.89793 1.78637 -1.30000
v 2.73867 1.63646 -1.58278
v 2.54965 1.45856 -1.83848
v 2.33413 1.25570 -2.06272
v 2.09577 1.03136 -2.25167
v 1.83867 0.78937 -2.40209
v 1.56721 0.53387 -2.51141
v 1.28605 0.26924 -2.57776
v 1.33227 0.23997 2.57775
v 1.65885 0.47583 2.51140
v 1.97415 0.70355 2.40208
v 2.27279 0.91924 2.25166
v 2.54965 1.11919 2.06272
v 2.80000 1.30000 1.83847
v 3.01955 1.45856 1.58278
v 3.20454 1.59217 1.30000
v 3.35181 1.69853 0.99497
v 3.45885 1.77583 0.67293
v 3.52381 1.82275 0.33936
v 3.54558 1.83848 -0.00000
v 3.52381 1.82275 -0.33937
v 3.45885 1.77583 -0.67293
v 3.35181 1.69853 -0.99498
v 3.20454 1.59217 -1.30000
v 3.01955 1.45856 -1.58278
v 2.80000 1.30000 -1.83848
v 2.54965 1.11919 -2.06272
v 2.27279 0.91924 -2.25167
v 1.97415 0.70355 -2.40209
v 1.65885 0.47583 -2.51141
v 1.33227 0.23997 -2.57776
v 1.37279 0.20659 2.57775
v 1.73921 0.40965 2.51140
v 2.09297 0.60570 2.40208
v 2.42804 0.79139 2.25166
v 2.73867 0.96354 2.06272
v 3.01955 1.11919 1.83847
v 3.26587 1.25570 1.58278
v 3.47343 1.37073 1.30000
v 3.63867 1.46230 0.99497
v 3.75875 1.52885 0.67293
v 3.83164 1.56924 0.33936
v 3.85607 1.58278 -0.00000
v 3.83164 1.56924 -0.33937
v 3.75875 1.52885 -0.67293
v 3.63867 1.46230 -0.99498
v 3.47343 1.37073 -1.30000
v 3.26587 1.25570 -1.58278
v 3.01955 1.11919 -1.83848
v 2.73867 0.96354 -2.06272
v 2.42804 0.79139 -2.25167
v 2.09297 0.60570 -2.40209
v 1.73921 0.40965 -2.51141
v 1.37279 0.20659 -2.57776
v 1.40694 0.16968 2.57775
v 1.80692 0.33646 2.51140
v 2.19309 0.49749 2.40208
v 2.55885 0.65000 2.25166
v 2.89793 0.79139 2.06272
v 3.20454 0.91924 1.83847
v 3.47343 1.03136 1.58278
v 3.70000 1.12583 1.30000
v 3.88037 1.20104 0.99497
v 4.01146 1.25570 0.67293
v 4.09102 1.28888 0.33936
v 4.11769 1.30000 -0.00000
v 4.09102 1.28888 -0.33937
v 4.01146 1.25570 -0.67293
v 3.88037 1.20104 -0.99498
v 3.70000 1.12583 -1.30000
v 3.47343 1.03136 -1.58278
v 3.20454 0.91924 -1.83848
v 2.89793 0.79139 -2.06272
v 2.55885 0.65000 -2.25167
v 2.19309 0.49749 -2.40209
v 1.80692 0.33646 -2.51141
v 1.40694 0.16968 -2.57776
v 1.43413 0.12987 2.57775
v 1.86082 0.25752 2.51140
v 2.27279 0.38076 2.40208
v 2.66298 0.49749 2.25166
v 3.02472 0.60570 2.06272
v 3.35181 0.70356 1.83847
v 3.63867 0.78937 1.58278
v 3.88037 0.86168 1.30000
v 4.07279 0.91924 0.99497
v 4.21264 0.96107 0.67293
v 4.29751 0.98646 0.33936
v 4.32597 0.99498 -0.00000
v 4.29751 0.98646 -0.33937
v 4.21264 0.96107 -0.67293
v 4.07279 0.91924 -0.99498
v 3.88037 0.86168 -1.30000
v 3.63867 0.78937 -1.58278
v 3.35181 0.70356 -1.83848
v 3.02472 0.60570 -2.06272
v 2.66298 0.49749 -2.25167
v 2.27279 0.38076 -2.40209
v 1.86082 0.25752 -2.51141
v 1.43413 0.12987 -2.57776
v 1.45388 0.08783 2.57775
v 1.90000 0.17417 2.51140
v 2.33072 0.25752 2.40208
v 2.73867 0.33646 2.25166
v 3.11687 0.40965 2.06272
v 3.45885 0.47583 1.83847
v 3.75875 0.53387 1.58278
v 4.01146 0.58277 1.30000
v 4.21264 0.62171 0.99497
v 4.35885 0.65000 0.67293
v 4.44758 0.66717 0.33936
v 4.47733 0.67293 -0.00000
v 4.44758 0.66717 -0.33937
v 4.35885 0.65000 -0.67293
v 4.21264 0.62171 -0.99498
v 4.01146 0.58277 -1.30000
v 3.75875 0.53387 -1.58278
v 3.45885 0.47583 -1.83848
v 3.11687 0.40965 -2.06272
v 2.73867 0.33646 -2.25167
v 2.33072 0.25752 -2.40209
v 1.90000 0.17417 -2.51141
v 1.45388 0.08783 -2.57776
v 1.46587 0.04430 2.57775
v 1.92378 0.08783 2.51140
v 2.36587 0.12987 2.40208
v 2.78460 0.16968 2.25166
v 3.17279 0.20659 2.06272
v 3.52381 0.23997 1.83847
v 3.83164 0.26924 1.58278
v 4.09102 0.29390 1.30000
v 4.29751 0.31354 0.99497
v 4.44759 0.32780 0.67293
v 4.53867 0.33646 0.33936
v 4.56920 0.33937 -0.00000
v 4.53867 0.33646 -0.33937
v 4.44759 0.32780 -0.67293
v 4.29751 0.31354 -0.99498
v 4.09102 0.29390 -1.30000
v 3.83164 0.26924 -1.58278
v 3.52381 0.23997 -1.83848
v 3.17279 0.20659 -2.06272
v 2.78460 0.16968 -2.25167
v 2.36587 0.12987 -2.40209
v 1.92378 0.08783 -2.51141
v 1.46587 0.04430 -2.57776
v 1.46989 -0.00000 2.57775
v 1.93175 -0.00000 2.51140
v 2.37766 0.00000 2.40208
v 2.80000 -0.00000 2.25166
v 3.19154 -0.00000 2.06272
v 3.54559 -0.00000 1.83847
v 3.85607 -0.00000 1.58278
v 4.11769 0.00000 1.30000
v 4.32597 -0.00000 0.99497
v 4.47733 -0.00000 0.67293
v 4.56920 0.00000 0.33936
v 4.60000 -0.00000 -0.00000
v 4.56920 0.00000 -0.33937
v 4.47733 -0.00000 -0.67293
v 4.32597 -0.00000 -0.99498
v 4.11769 0.00000 -1.30000
v 3.85607 -0.00000 -1.58278
v 3.54559 -0.00000 -1.83848
v 3.19154 -0.00000 -2.06272
v 2.80000 -0.00000 -2.25167
v 2.37766 0.00000 -2.40209
v 1.93175 -0.00000 -2.51141
v 1.46989 -0.00000 -2.57776
v 1.46587 -0.04430 2.57775
v 1.92378 -0.08784 2.51140
v 2.36587 -0.12987 2.40208
v 2.78460 -0.16968 2.25166
v 3.17279 -0.20659 2.06272
v 3.52381 -0.23997 1.83847
v 3.83164 -0.26924 1.58278
v 4.09102 -0.29390 1.30000
v 4.29751 -0.31354 0.99497
v 4.44759 -0.32780 0.67293
v 4.53867 -0.33646 0.33936
v 4.56920 -0.33937 -0.00000
v 4.53867 -0.33646 -0.33937
v 4.44759 -0.32780 -0.67293
v 4.29751 -0.31354 -0.99498
v 4.09102 -0.29390 -1.30000
v 3.83164 -0.26924 -1.58278
v 3.52381 -0.23997 -1.83848
v 3.17279 -0.20659 -2.06272
v 2.78460 -0.16968 -2.25167
v 2.36587 -0.12987 -2.40209
v 1.92378 -0.08784 -2.51141
v 1.46587 -0.04430 -2.57776
v 1.45388 -0.08783 2.57775
v 1.90000 -0.17417 2.51140
v 2.33072 -0.25752 2.40208
v 2.73867 -0.33646 2.25166
v 3.11687 -0.40965 2.06272
v 3.45885 -0.47583 1.83847
v 3.75875 -0.53387 1.58278
v 4.01146 -0.58277 1.30000
v 4.21264 -0.62171 0.99497
v 4.35885 -0.65000 0.67293
v 4.44759 -0.66717 0.33936
v 4.47733 -0.67293 -0.00000
v 4.44759 -0.66717 -0.33937
v 4.35885 -0.65000 -0.67293
v 4.21264 -0.62171 -0.99498
v 4.01146 -0.58277 -1.30000
v 3.75875 -0.53387 -1.58278
v 3.45885 -0.47583 -1.83848
v 3.11687 -0.40965 -2.06272
v 2.73867 -0.33646 -2.25167
v 2.33072 -0.25752 -2.40209
v 1.90000 -0.17417 -2.51141
v 1.45388 -0.08783 -2.57776
v 1.43413 -0.12987 2.57775
v 1.86082 -0.25752 2.51140
v 2.27279 -0.38076 2.40208
v 2.66298 -0.49749 2.25166
v 3.02472 -0.60570 2.06272
v 3.35181 -0.70356 1.83847
v 3.63867 -0.78937 1.58278
v 3.88037 -0.86168 1.30000
v 4.07279 -0.91924 0.99497
v 4.21264 -0.96107 0.67293
v 4.29751 -0.98647 0.33936
v 4.32597 -0.99498 -0.00000
v 4.29751 -0.98647 -0.33937
v 4.21264 -0.96107 -0.67293
v 4.07279 -0.91924 -0.99498
v 3.88037 -0.86168 -1.30000
v 3.63867 -0.78937 -1.58278
v 3.35181 -0.70356 -1.83848
v 3.02472 -0.60570 -2.06272
v 2.66298 -0.49749 -2.25167
v 2.27279 -0.38076 -2.40209
v 1.86082 -0.25752 -2.51141
v 1.43413 -0.12987 -2.57776
v 1.40694 -0.16968 2.57775
v 1.80692 -0.33647 2.51140
v 2.19309 -0.49749 2.40208
v 2.55885 -0.65000 2.25166
v 2.89793 -0.79139 2.06272
v 3.20454 -0.91924 1.83847
v 3.47343 -1.03136 1.58278
v 3.70000 -1.12583 1.30000
v 3.88037 -1.20104 0.99497
v 4.01146 -1.25570 0.67293
v 4.09102 -1.28888 0.33936
v 4.11769 -1.30000 -0.00000
v 4.09102 -1.28888 -0.33937
v 4.01146 -1.25570 -0.67293
v 3.88037 -1.20104 -0.99498
v 3.70000 -1.12583 -1.30000
v 3.47343 -1.03136 -1.58278
v 3.20454 -0.91924 -1.83848
v 2.89793 -0.79139 -2.06272
v 2.55885 -0.65000 -2.25167
v 2.19309 -0.49749 -2.40209
v 1.80692 -0.33647 -2.51141
v 1.40694 -0.16968 -2.57776
v 1.37279 -0.20659 2.57775
v 1.73921 -0.40965 2.51140
v 2.09297 -0.60570 2.40208
v 2.42804 -0.79139 2.25166
v 2.73867 -0.96354 2.06272
v 3.01955 -1.11919 1.83847
v 3.26587 -1.25570 1.58278
v 3.47343 -1.37073 1.30000
v 3.63867 -1.46230 0.99497
v 3.75875 -1.52885 0.67293
v 3.83164 -1.56924 0.33936
v 3.85607 -1.58278 -0.00000
v 3.83164 -1.56924 -0.33937
v 3.75875 -1.52885 -0.67293
v 3.63867 -1.46230 -0.99498
v 3.47343 -1.37073 -1.30000
v 3.26587 -1.25570 -1.58278
v 3.01955 -1.11919 -1.83848
v 2.73867 -0.96354 -2.06272
v 2.42804 -0.79139 -2.25167
v 2.09297 -0.60570 -2.40209
v 1.73921 -0.40965 -2.51141
v 1.37279 -0.20659 -2.57776
v 1.33227 -0.23997 2.57775
v 1.65885 -0.47583 2.51140
v 1.97415 -0.70356 2.40208
v 2.27279 -0.91924 2.25166
v 2.54965 -1.11919 2.06272
v 2.80000 -1.30000 1.83847
v 3.01955 -1.45856 1.58278
v 3.20454 -1.59217 1.30000
v 3.35181 -1.69853 0.99497
v 3.45885 -1.77583 0.67293
v 3.52381 -1.82275 0.33936
v 3.54559 -1.83848 -0.00000
v 3.52381 -1.82275 -0.33937
v 3.45885 -1.77583 -0.67293
v 3.35181 -1.69853 -0.99498
v 3.20454 -1.59217 -1.30000
v 3.01955 -1.45856 -1.58278
v 2.80000 -1.30000 -1.83848
v 2.54965 -1.11919 -2.06272
v 2.27279 -0.91924 -2.25167
v 1.97415 -0.70356 -2.40209
v 1.65885 -0.47583 -2.51141
v 1.33227 -0.23997 -2.57776
v 1.28605 -0.26924 2.57775
v 1.56721 -0.53387 2.51140
v 1.83867 -0.78937 2.40208
v 2.09577 -1.03136 2.25166
v 2.33413 -1.25570 2.06272
v 2.54965 -1.45856 1.83847
v 2.73867 -1.63647 1.58278
v 2.89793 -1.78637 1.30000
v 3.02472 -1.90570 0.99497
v 3.11687 -1.99243 0.67293
v 3.17279 -2.04507 0.33936
v 3.19154 -2.06272 -0.00000
v 3.17279 -2.04507 -0.33937
v 3.11687 -1.99243 -0.67293
v 3.02472 -1.90570 -0.99498
v 2.89793 -1.78637 -1.30000
v 2.73867 -1.63647 -1.58278
v 2.54965 -1.45856 -1.83848
v 2.33413 -1.25570 -2.06272
v 2.09577 -1.03136 -2.25167
v 1.83867 -0.78937 -2.40209
v 1.56721 -0.53387 -2.51141
v 1.28605 -0.26924 -2.57776
v 1.23495 -0.29390 2.57775
v 1.46587 -0.58277 2.51140
v 1.68883 -0.86168 2.40208
v 1.90000 -1.12583 2.25166
v 2.09577 -1.37073 2.06272
v 2.27279 -1.59217 1.83847
v 2.42804 -1.78637 1.58278
v 2.55885 -1.95000 1.30000
v 2.66298 -2.08027 0.99497
v 2.73867 -2.17494 0.67293
v 2.78460 -2.23240 0.33936
v 2.80000 -2.25167 -0.00000
v 2.78460 -2.23240 -0.33937
v 2.73867 -2.17494 -0.67293
v 2.66298 -2.08027 -0.99498
v 2.55885 -1.95000 -1.30000
v 2.42804 -1.78637 -1.58278
v 2.27279 -1.59217 -1.83848
v 2.09577 -1.37073 -2.06272
v 1.90000 -1.12583 -2.25167
v 1.68883 -0.86168 -2.40209
v 1.46587 -0.58277 -2.51141
v 1.23495 -0.29390 -2.57776
v 1.17982 -0.31354 2.57775
v 1.35656 -0.62171 2.51140
v 1.52721 -0.91924 2.40208
v 1.68883 -1.20104 2.25166
v 1.83867 -1.46230 2.06272
v 1.97415 -1.69853 1.83847
v 2.09297 -1.90570 1.58278
v 2.19309 -2.08027 1.30000
v 2.27279 -2.21924 0.99497
v 2.33072 -2.32024 0.67293
v 2.36587 -2.38154 0.33936
v 2.37766 -2.40209 -0.00000
v 2.36587 -2.38154 -0.33937
v 2.33072 -2.32024 -0.67293
v 2.27279 -2.21924 -0.99498
v 2.19309 -2.08027 -1.30000
v 2.09297 -1.90570 -1.58278
v 1.97415 -1.69853 -1.83848
v 1.83867 -1.46230 -2.06272
v 1.68883 -1.20104 -2.25167
v 1.52721 -0.91924 -2.40209
v 1.35656 -0.62171 -2.51141
v 1.17982 -0.31354 -2.57776
v 1.12162 -0.32780 2.57775
v 1.24115 -0.65000 2.51140
v 1.35656 -0.96107 2.40208
v 1.46587 -1.25570 2.25166
v 1.56721 -1.52885 2.06272
v 1.65885 -1.77583 1.83847
v 1.73921 -1.99243 1.58278
v 1.80692 -2.17494 1.30000
v 1.86082 -2.32024 0.99497
v 1.90000 -2.42583 0.67293
v 1.92378 -2.48992 0.33936
v 1.93175 -2.51141 -0.00000
v 1.92378 -2.48992 -0.33937
v 1.90000 -2.42583 -0.67293
v 1.86082 -2.32024 -0.99498
v 1.80692 -2.17494 -1.30000
v 1.73921 -1.99243 -1.58278
v 1.65885 -1.77583 -1.83848
v 1.56721 -1.52885 -2.06272
v 1.46587 -1.25570 -2.25167
v 1.35656 -0.96107 -2.40209
v 1.24115 -0.65000 -2.51141
v 1.12162 -0.32780 -2.57776
v 1.06133 -0.33646 2.57775
v 1.12162 -0.66717 2.51140
v 1.17982 -0.98647 2.40208
v 1.23495 -1.28888 2.25166
v 1.28605 -1.56924 2.06272
v 1.33227 -1.82275 1.83847
v 1.37279 -2.04507 1.58278
v 1.40694 -2.23240 1.30000
v 1.43413 -2.38154 0.99497
v 1.45388 -2.48992 0.67293
v 1.46587 -2.55570 0.33936
v 1.46989 -2.57776 -0.00000
v 1.46587 -2.55570 -0.33937
v 1.45388 -2.48992 -0.67293
v 1.43413 -2.38154 -0.99498
v 1.40694 -2.23240 -1.30000
v 1.37279 -2.04507 -1.58278
v 1.33227 -1.82275 -1.83848
v 1.28605 -1.56924 -2.06272
v 1.23495 -1.28888 -2.25167
v 1.17982 -0.98647 -2.40209
v 1.12162 -0.66717 -2.51141
v 1.06133 -0.33646 -2.57776
v 1.00000 -0.33937 2.57775
v 1.00000 -0.67293 2.51140
v 1.00000 -0.99498 2.40208
v 1.00000 -1.30000 2.25166
v 1.00000 -1.58278 2.06272
v 1.00000 -1.83848 1.83847
v 1.00000 -2.06272 1.58278
v 1.00000 -2.25167 1.30000
v 1.00000 -2.40209 0.99497
v 1.00000 -2.51141 0.67293
v 1.00000 -2.57776 0.33936
v 1.00000 -2.60000 -0.00000
v 1.00000 -2.57776 -0.33937
v 1.00000 -2.51141 -0.67293
v 1.00000 -2.40209 -0.99498
v 1.00000 -2.25167 -1.30000
v 1.00000 -2.06272 -1.58278
v 1.00000 -1.83848 -1.83848
v 1.00000 -1.58278 -2.06272
v 1.00000 -1.30000 -2.25167
v 1.00000 -0.99498 -2.40209
v 1.00000 -0.67293 -2.51141
v 1.00000 -0.33937 -2.57776
v 0.93867 -0.33646 2.57775
v 0.87838 -0.66717 2.51140
v 0.82018 -0.98647 2.40208
v 0.76505 -1.28888 2.25166
v 0.71395 -1.56924 2.06272
v 0.66773 -1.82275 1.83847
v 0.62721 -2.04507 1.58278
v 0.59306 -2.23240 1.30000
v 0.56587 -2.38154 0.99497
v 0.54612 -2.48992 0.67293
v 0.53413 -2.55570 0.33936
v 0.53010 -2.57776 -0.00000
v 0.53413 -2.55570 -0.33937
v 0.54612 -2.48992 -0.67293
v 0.56587 -2.38154 -0.99498
v 0.59306 -2.23240 -1.30000
v 0.62721 -2.04507 -1.58278
v 0.66773 -1.82275 -1.83848
v 0.71395 -1.56924 -2.06272
v 0.76505 -1.28888 -2.25167
v 0.82018 -0.98647 -2.40209
v 0.87838 -0.66717 -2.51141
v 0.93867 -0.33646 -2.57776
v 0.87838 -0.32780 2.57775
v 0.75885 -0.65000 2.51140
v 0.64344 -0.96107 2.40208
v 0.53413 -1.25570 2.25166
v 0.43279 -1.52885 2.06272
v 0.34115 -1.77583 1.83847
v 0.26079 -1.99243 1.58278
v 0.19308 -2.17494 1.30000
v 0.13918 -2.32024 0.99497
v 0.10000 -2.42583 0.67293
v 0.07622 -2.48992 0.33936
v 0.06825 -2.51141 -0.00000
v 0.07622 -2.48992 -0.33937
v 0.10000 -2.42583 -0.67293
v 0.13918 -2.32024 -0.99498
v 0.19308 -2.17494 -1.30000
v 0.26079 -1.99243 -1.58278
v 0.34115 -1.77583 -1.83848
v 0.43279 -1.52885 -2.06272
v 0.53413 -1.25570 -2.25167
v 0.64344 -0.96107 -2.40209
v 0.75885 -0.65000 -2.51141
v 0.87838 -0.32780 -2.57776
v 0.82018 -0.31354 2.57775
v 0.64343 -0.62171 2.51140
v 0.47279 -0.91924 2.40208
v 0.31117 -1.20104 2.25166
v 0.16133 -1.46230 2.06272
v 0.02585 -1.69853 1.83847
v -0.09297 -1.90570 1.58278
v -0.19309 -2.08027 1.30000
v -0.27279 -2.21924 0.99497
v -0.33072 -2.32024 0.67293
v -0.36587 -2.38154 0.33936
v -0.37766 -2.40209 -0.00000
v -0.36587 -2.38154 -0.33937
v -0.33072 -2.32024 -0.67293
v -0.27279 -2.21924 -0.99498
v -0.19309 -2.08027 -1.30000
v -0.09297 -1.90570 -1.58278
v 0.02585 -1.69853 -1.83848
v 0.16133 -1.46230 -2.06272
v 0.31117 -1.20104 -2.25167
v 0.47279 -0.91924 -2.40209
v 0.64343 -0.62171 -2.51141
v 0.82018 -0.31354 -2.57776
v 0.76505 -0.29390 2.57775
v 0.53413 -0.58277 2.51140
v 0.31117 -0.86168 2.40208
v 0.10000 -1.12583 2.25166
v -0.09577 -1.37073 2.06272
v -0.27279 -1.59217 1.83847
v -0.42804 -1.78637 1.58278
v -0.55885 -1.95000 1.30000
v -0.66299 -2.08027 0.99497
v -0.73867 -2.17494 0.67293
v -0.78460 -2.23240 0.33936
v -0.80000 -2.25167 -0.00000
v -0.78460 -2.23240 -0.33937
v -0.73867 -2.17494 -0.67293
v -0.66299 -2.08027 -0.99498
v -0.55885 -1.95000 -1.30000
v -0.42804 -1.78637 -1.58278
v -0.27279 -1.59217 -1.83848
v -0.09577 -1.37073 -2.06272
v 0.10000 -1.12583 -2.25167
v 0.31117 -0.86168 -2.40209
v 0.53413 -0.58277 -2.51141
v 0.76505 -0.29390 -2.57776
v 0.71395 -0.26924 2.57775
v 0.43279 -0.53387 2.51140
v 0.16133 -0.78937 2.40208
v -0.09577 -1.03136 2.25166
v -0.33413 -1.25570 2.06272
v -0.54965 -1.45856 1.83847
v -0.73867 -1.63647 1.58278
v -0.89793 -1.78637 1.30000
v -1.02472 -1.90571 0.99497
v -1.11687 -1.99243 0.67293
v -1.17279 -2.04507 0.33936
v -1.19154 -2.06272 -0.00000
v -1.17279 -2.04507 -0.33937
v -1.11687 -1.99243 -0.67293
v -1.02472 -1.90571 -0.99498
v -0.89793 -1.78637 -1.30000
v -0.73867 -1.63647 -1.58278
v -0.54965 -1.45856 -1.83848
v -0.33413 -1.25570 -2.06272
v -0.09577 -1.03136 -2.25167
v 0.16133 -0.78937 -2.40209
v 0.43279 -0.53387 -2.51141
v 0.71395 -0.26924 -2.57776
v 0.66773 -0.23997 2.57775
v 0.34115 -0.47583 2.51140
v 0.02585 -0.70356 2.40208
v -0.27279 -0.91924 2.25166
v -0.54965 -1.11919 2.06272
v -0.80000 -1.30000 1.83847
v -1.01955 -1.45856 1.58278
v -1.20454 -1.59217 1.30000
v -1.35182 -1.69853 0.99497
v -1.45885 -1.77583 0.67293
v -1.52381 -1.82275 0.33936
v -1.54559 -1.83848 -0.00000
v -1.52381 -1.82275 -0.33937
v -1.45885 -1.77583 -0.67293
v -1.35182 -1.69853 -0.99498
v -1.20454 -1.59217 -1.30000
v -1.01955 -1.45856 -1.58278
v -0.80000 -1.30000 -1.83848
v -0.54965 -1.11919 -2.06272
v -0.27279 -0.91924 -2.25167
v 0.02585 -0.70356 -2.40209
v 0.34115 -0.47583 -2.51141
v 0.66773 -0.23997 -2.57776
v 0.62721 -0.20659 2.57775
v 0.26079 -0.40965 2.51140
v -0.09297 -0.60570 2.40208
v -0.42804 -0.79139 2.25166
v -0.73867 -0.96354 2.06272
v -1.01955 -1.11919 1.83847
v -1.26588 -1.25570 1.58278
v -1.47343 -1.37073 1.30000
v -1.63867 -1.46230 0.99497
v -1.75876 -1.52885 0.67293
v -1.83164 -1.56924 0.33936
v -1.85608 -1.58278 -0.00000
v -1.83164 -1.56924 -0.33937
v -1.75876 -1.52885 -0.67293
v -1.63867 -1.46230 -0.99498
v -1.47343 -1.37073 -1.30000
v -1.26588 -1.25570 -1.58278
v -1.01955 -1.11919 -1.83848
v -0.73867 -0.96354 -2.06272
v -0.42804 -0.79139 -2.25167
v -0.09297 -0.60570 -2.40209
v 0.26079 -0.40965 -2.51141
v 0.62721 -0.20659 -2.57776
v 0.59306 -0.16968 2.57775
v 0.19308 -0.33646 2.51140
v -0.19309 -0.49749 2.40208
v -0.55885 -0.65000 2.25166
v -0.89793 -0.79139 2.06272
v -1.20454 -0.91924 1.83847
v -1.47343 -1.03136 1.58278
v -1.70000 -1.12583 1.30000
v -1.88037 -1.20104 0.99497
v -2.01146 -1.25570 0.67293
v -2.09102 -1.28888 0.33936
v -2.11769 -1.30000 -0.00000
v -2.09102 -1.28888 -0.33937
v -2.01146 -1.25570 -0.67293
v -1.88037 -1.20104 -0.99498
v -1.70000 -1.12583 -1.30000
v -1.47343 -1.03136 -1.58278
v -1.20454 -0.91924 -1.83848
v -0.89793 -0.79139 -2.06272
v -0.55885 -0.65000 -2.25167
v -0.19309 -0.49749 -2.40209
v 0.19308 -0.33646 -2.51141
v 0.59306 -0.16968 -2.57776
v 0.56587 -0.12987 2.57775
v 0.13918 -0.25752 2.51140
v -0.27279 -0.38076 2.40208
v -0.66298 -0.49749 2.25166
v -1.02472 -0.60570 2.06272
v -1.35182 -0.70356 1.83847
v -1.63867 -0.78937 1.58278
v -1.88037 -0.86168 1.30000
v -2.07280 -0.91924 0.99497
v -2.21264 -0.96107 0.67293
v -2.29751 -0.98647 0.33936
v -2.32597 -0.99498 -0.00000
v -2.29751 -0.98647 -0.33937
v -2.21264 -0.96107 -0.67293
v -2.07280 -0.91924 -0.99498
v -1.88037 -0.86168 -1.30000
v -1.63867 -0.78937 -1.58278
v -1.35182 -0.70356 -1.83848
v -1.02472 -0.60570 -2.06272
v -0.66298 -0.49749 -2.25167
v -0.27279 -0.38076 -2.40209
v 0.13918 -0.25752 -2.51141
v 0.56587 -0.12987 -2.57776
v 0.54612 -0.08783 2.57775
v 0.10000 -0.17417 2.51140
v -0.33072 -0.25752 2.40208
v -0.73867 -0.33646 2.25166
v -1.11687 -0.40965 2.06272
v -1.45885 -0.47583 1.83847
v -1.75876 -0.53387 1.58278
v -2.01146 -0.58277 1.30000
v -2.21264 -0.62171 0.99497
v -2.35885 -0.65000 0.67293
v -2.44759 -0.66717 0.33936
v -2.47734 -0.67293 -0.00000
v -2.44759 -0.66717 -0.33937
v -2.35885 -0.65000 -0.67293
v -2.21264 -0.62171 -0.99498
v -2.01146 -0.58277 -1.30000
v -1.75876 -0.53387 -1.58278
v -1.45885 -0.47583 -1.83848
v -1.11687 -0.40965 -2.06272
v -0.73867 -0.33646 -2.25167
v -0.33072 -0.25752 -2.40209
v 0.10000 -0.17417 -2.51141
v 0.54612 -0.08783 -2.57776
v 0.53413 -0.04430 2.57775
v 0.07622 -0.08783 2.51140
v -0.36588 -0.12987 2.40208
v -0.78460 -0.16968 2.25166
v -1.17279 -0.20659 2.06272
v -1.52381 -0.23997 1.83847
v -1.83164 -0.26924 1.58278
v -2.09102 -0.29390 1.30000
v -2.29752 -0.31354 0.99497
v -2.44759 -0.32780 0.67293
v -2.53867 -0.33646 0.33936
v -2.56921 -0.33937 -0.00000
v -2.53867 -0.33646 -0.33937
v -2.44759 -0.32780 -0.67293
v -2.29752 -0.31354 -0.99498
v -2.09102 -0.29390 -1.30000
v -1.83164 -0.26924 -1.58278
v -1.52381 -0.23997 -1.83848
v -1.17279 -0.20659 -2.06272
v -0.78460 -0.16968 -2.25167
v -0.36588 -0.12987 -2.40209
v 0.07622 -0.08783 -2.51141
v 0.53413 -0.04430 -2.57776
v 0.53011 0.00000 2.57775
v 0.06825 0.00000 2.51140
v -0.37766 0.00000 2.40208
v -0.80000 0.00000 2.25166
v -1.19154 0.00000 2.06272
v -1.54559 0.00000 1.83847
v -1.85607 0.00000 1.58278
v -2.11769 0.00000 1.30000
v -2.32597 0.00000 0.99497
v -2.47734 0.00000 0.67293
v -2.56920 0.00000 0.33936
v -2.60000 0.00000 -0.00000
v -2.56920 0.00000 -0.33937
v -2.47734 0.00000 -0.67293
v -2.32597 0.00000 -0.99498
v -2.11769 0.00000 -1.30000
v -1.85607 0.00000 -1.58278
v -1.54559 0.00000 -1.83848
v -1.19154 0.00000 -2.06272
v -0.80000 0.00000 -2.25167
v -0.37766 0.00000 -2.40209
v 0.06825 0.00000 -2.51141
v 0.53011 0.00000 -2.57776
v 0.53413 0.04430 2.57775
v 0.07622 0.08784 2.51140
v -0.36588 0.12987 2.40208
v -0.78460 0.16968 2.25166
v -1.17279 0.20659 2.06272
v -1.52381 0.23997 1.83847
v -1.83164 0.26924 1.58278
v -2.09102 0.29390 1.30000
v -2.29752 0.31354 0.99497
v -2.44759 0.32781 0.67293
v -2.53867 0.33647 0.33936
v -2.56921 0.33937 -0.00000
v -2.53867 0.33647 -0.33937
v -2.44759 0.32781 -0.67293
v -2.29752 0.31354 -0.99498
v -2.09102 0.29390 -1.30000
v -1.83164 0.26924 -1.58278
v -1.52381 0.23997 -1.83848
v -1.17279 0.20659 -2.06272
v -0.78460 0.16968 -2.25167
v -0.36588 0.12987 -2.40209
v 0.07622 0.08784 -2.51141
v 0.53413 0.04430 -2.57776
v 0.54612 0.08784 2.57775
v 0.10000 0.17417 2.51140
v -0.33072 0.25752 2.40208
v -0.73867 0.33647 2.25166
v -1.11687 0.40965 2.06272
v -1.45885 0.47583 1.83847
v -1.75875 0.53387 1.58278
v -2.01146 0.58277 1.30000
v -2.21264 0.62171 0.99497
v -2.35885 0.65000 0.67293
v -2.44759 0.66717 0.33936
v -2.47734 0.67293 -0.00000
v -2.44759 0.66717 -0.33937
v -2.35885 0.65000 -0.67293
v -2.21264 0.62171 -0.99498
v -2.01146 0.58277 -1.30000
v -1.75875 0.53387 -1.58278
v -1.45885 0.47583 -1.83848
v -1.11687 0.40965 -2.06272
v -0.73867 0.33647 -2.25167
v -0.33072 0.25752 -2.40209
v 0.10000 0.17417 -2.51141
v 0.54612 0.08784 -2.57776
v 0.56587 0.12987 2.57775
v 0.13918 0.25752 2.51140
v -0.27279 0.38076 2.40208
v -0.66298 0.49749 2.25166
v -1.02472 0.60570 2.06272
v -1.35182 0.70356 1.83847
v -1.63867 0.78937 1.58278
v -1.88037 0.86168 1.30000
v -2.07280 0.91924 0.99497
v -2.21264 0.96108 0.67293
v -2.29751 0.98647 0.33936
v -2.32597 0.99498 -0.00000
v -2.29751 0.98647 -0.33937
v -2.21264 0.96108 -0.67293
v -2.07280 0.91924 -0.99498
v -1.88037 0.86168 -1.30000
v -1.63867 0.78937 -1.58278
v -1.35182 0.70356 -1.83848
v -1.02472 0.60570 -2.06272
v -0.66298 0.49749 -2.25167
v -0.27279 0.38076 -2.40209
v 0.13918 0.25752 -2.51141
v 0.56587 0.12987 -2.57776
v 0.59306 0.16968 2.57775
v 0.19308 0.33647 2.51140
v -0.19309 0.49749 2.40208
v -0.55885 0.65000 2.25166
v -0.89793 0.79139 2.06272
v -1.20454 0.91924 1.83847
v -1.47343 1.03136 1.58278
v -1.70000 1.12583 1.30000
v -1.88037 1.20105 0.99497
v -2.01146 1.25571 0.67293
v -2.09102 1.28888 0.33936
v -2.11769 1.30000 -0.00000
v -2.09102 1.28888 -0.33937
v -2.01146 1.25571 -0.67293
v -1.88037 1.20105 -0.99498
v -1.70000 1.12583 -1.30000
v -1.47343 1.03136 -1.58278
v -1.20454 0.91924 -1.83848
v -0.89793 0.79139 -2.06272
v -0.55885 0.65000 -2.25167
v -0.19309 0.49749 -2.40209
v 0.19308 0.33647 -2.51141
v 0.59306 0.16968 -2.57776
v 0.62721 0.20659 2.57775
v 0.26079 0.40965 2.51140
v -0.09297 0.60570 2.40208
v -0.42804 0.79139 2.25166
v -0.73867 0.96354 2.06272
v -1.01955 1.11920 1.83847
v -1.26587 1.25570 1.58278
v -1.47343 1.37073 1.30000
v -1.63867 1.46230 0.99497
v -1.75876 1.52885 0.67293
v -1.83164 1.56924 0.33936
v -1.85607 1.58278 -0.00000
v -1.83164 1.56924 -0.33937
v -1.75876 1.52885 -0.67293
v -1.63867 1.46230 -0.99498
v -1.47343 1.37073 -1.30000
v -1.26587 1.25570 -1.58278
v -1.01955 1.11920 -1.83848
v -0.73867 0.96354 -2.06272
v -0.42804 0.79139 -2.25167
v -0.09297 0.60570 -2.40209
v 0.26079 0.40965 -2.51141
v 0.62721 0.20659 -2.57776
v 0.66773 0.23997 2.57775
v 0.34115 0.47583 2.51140
v 0.02585 0.70356 2.40208
v -0.27279 0.91924 2.25166
v -0.54965 1.11920 2.06272
v -0.80000 1.30000 1.83847
v -1.01955 1.45856 1.58278
v -1.20454 1.59217 1.30000
v -1.35182 1.69853 0.99497
v -1.45885 1.77584 0.67293
v -1.52381 1.82275 0.33936
v -1.54559 1.83848 -0.00000
v -1.52381 1.82275 -0.33937
v -1.45885 1.77584 -0.67293
v -1.35182 1.69853 -0.99498
v -1.20454 1.59217 -1.30000
v -1.01955 1.45856 -1.58278
v -0.80000 1.30000 -1.83848
v -0.54965 1.11920 -2.06272
v -0.27279 0.91924 -2.25167
v 0.02585 0.70356 -2.40209
v 0.34115 0.47583 -2.51141
v 0.66773 0.23997 -2.57776
v 0.71395 0.26924 2.57775
v 0.43279 0.53387 2.51140
v 0.16133 0.78937 2.40208
v -0.09577 1.03136 2.25166
v -0.33413 1.25570 2.06272
v -0.54965 1.45856 1.83847
v -0.73867 1.63647 1.58278
v -0.89793 1.78637 1.30000
v -1.02472 1.90571 0.99497
v -1.11687 1.99244 0.67293
v -1.17279 2.04507 0.33936
v -1.19154 2.06272 -0.00000
v -1.17279 2.04507 -0.33937
v -1.11687 1.99244 -0.67293
v -1.02472 1.90571 -0.99498
v -0.89793 1.78637 -1.30000
v -0.73867 1.63647 -1.58278
v -0.54965 1.45856 -1.83848
v -0.33413 1.25570 -2.06272
v -0.09577 1.03136 -2.25167
v 0.16133 0.78937 -2.40209
v 0.43279 0.53387 -2.51141
v 0.71395 0.26924 -2.57776
v 0.76505 0.29390 2.57775
v 0.53413 0.58277 2.51140
v 0.31117 0.86168 2.40208
v 0.10000 1.12583 2.25166
v -0.09577 1.37073 2.06272
v -0.27279 1.59217 1.83847
v -0.42804 1.78637 1.58278
v -0.55885 1.95000 1.30000
v -0.66298 2.08027 0.99497
v -0.73867 2.17495 0.67293
v -0.78460 2.23240 0.33936
v -0.80000 2.25167 -0.00000
v -0.78460 2.23240 -0.33937
v -0.73867 2.17495 -0.67293
v -0.66298 2.08027 -0.99498
v -0.55885 1.95000 -1.30000
v -0.42804 1.78637 -1.58278
v -0.27279 1.59217 -1.83848
v -0.09577 1.37073 -2.06272
v 0.10000 1.12583 -2.25167
v 0.31117 0.86168 -2.40209
v 0.53413 0.58277 -2.51141
v 0.76505 0.29390 -2.57776
v 0.82018 0.31354 2.57775
v 0.64344 0.62171 2.51140
v 0.47279 0.91924 2.40208
v 0.31117 1.20104 2.25166
v 0.16133 1.46230 2.06272
v 0.02585 1.69853 1.83847
v -0.09297 1.90571 1.58278
v -0.19309 2.08027 1.30000
v -0.27279 2.21924 0.99497
v -0.33072 2.32024 0.67293
v -0.36587 2.38154 0.33936
v -0.37766 2.40209 -0.00000
v -0.36587 2.38154 -0.33937
v -0.33072 2.32024 -0.67293
v -0.27279 2.21924 -0.99498
v -0.19309 2.08027 -1.30000
v -0.09297 1.90571 -1.58278
v 0.02585 1.69853 -1.83848
v 0.16133 1.46230 -2.06272
v 0.31117 1.20104 -2.25167
v 0.47279 0.91924 -2.40209
v 0.64344 0.62171 -2.51141
v 0.82018 0.31354 -2.57776
v 0.87838 0.32780 2.57775
v 0.75885 0.65000 2.51140
v 0.64343 0.96107 2.40208
v 0.53413 1.25571 2.25166
v 0.43279 1.52885 2.06272
v 0.34115 1.77583 1.83847
v 0.26079 1.99243 1.58278
v 0.19308 2.17495 1.30000
v 0.13918 2.32024 0.99497
v 0.10000 2.42584 0.67293
v 0.07622 2.48992 0.33936
v 0.06825 2.51141 -0.00000
v 0.07622 2.48992 -0.33937
v 0.10000 2.42584 -0.67293
v 0.13918 2.32024 -0.99498
v 0.19308 2.17495 -1.30000
v 0.26079 1.99243 -1.58278
v 0.34115 1.77583 -1.83848
v 0.43279 1.52885 -2.06272
v 0.53413 1.25571 -2.25167
v 0.64343 0.96107 -2.40209
v 0.75885 0.65000 -2.51141
v 0.87838 0.32780 -2.57776
v 0.93867 0.33647 2.57775
v 0.87838 0.66717 2.51140
v 0.82018 0.98647 2.40208
v 0.76505 1.28888 2.25166
v 0.71395 1.56924 2.06272
v 0.66773 1.82275 1.83847
v 0.62721 2.04507 1.58278
v 0.59306 2.23241 1.30000
v 0.56587 2.38154 0.99497
v 0.54612 2.48993 0.67293
v 0.53413 2.55571 0.33936
v 0.53011 2.57776 -0.00000
v 0.53413 2.55571 -0.33937
v 0.54612 2.48993 -0.67293
v 0.56587 2.38154 -0.99498
v 0.59306 2.23241 -1.30000
v 0.62721 2.04507 -1.58278
v 0.66773 1.82275 -1.83848
v 0.71395 1.56924 -2.06272
v 0.76505 1.28888 -2.25167
v 0.82018 0.98647 -2.40209
v 0.87838 0.66717 -2.51141
v 0.93867 0.33647 -2.57776
v 1.00000 0.99498 2.40208
v 1.00000 1.30000 2.25166
v 1.00000 1.83848 1.83847
v 1.00000 2.25167 1.30000
v 1.00000 2.60000 -0.00000
v 1.00000 2.40209 -0.99498
v 1.00000 2.06272 -1.58278
v 1.00000 0.99498 -2.40209
v 1.00000 0.67293 -2.51141
vn 0.00000 0.00000 1.00000
vn 0.00000 0.13250 0.99118
vn 0.00000 0.26070 0.96542
vn 0.00000 0.61000 0.79240
vn 0.00000 0.79409 0.60780
vn 0.00000 0.92417 0.38199
vn 0.00000 0.96607 0.25829
vn 0.00000 0.99148 0.13030
vn -0.00000 0.99148 -0.13030
vn -0.00000 0.96607 -0.25829
vn -0.00000 0.86649 -0.49919
vn -0.00000 0.70811 -0.70611
vn -0.00000 0.61000 -0.79240
vn -0.00000 0.50148 -0.86517
vn -0.00000 0.13250 -0.99118
vn -0.00000 0.00000 -1.00000
vn 0.01230 0.13139 0.99125
vn 0.02440 0.25850 0.96570
vn 0.03620 0.38131 0.92374
vn 0.04730 0.49773 0.86604
vn 0.05760 0.60570 0.79360
vn 0.06700 0.70347 0.70756
vn 0.07520 0.78929 0.60939
vn 0.08210 0.86171 0.50071
vn 0.08770 0.91944 0.38332
vn 0.09170 0.96143 0.25931
vn 0.09420 0.98692 0.13080
vn 0.09500 0.99548 -0.00000
vn 0.09420 0.98692 -0.13080
vn 0.09170 0.96143 -0.25931
vn 0.08770 0.91944 -0.38332
vn 0.08210 0.86171 -0.50071
vn 0.07520 0.78929 -0.60939
vn 0.06700 0.70347 -0.70756
vn 0.05760 0.60570 -0.79360
vn 0.04730 0.49773 -0.86604
vn 0.03620 0.38131 -0.92374
vn 0.02440 0.25850 -0.96570
vn 0.01230 0.13139 -0.99125
vn 0.02450 0.12821 0.99144
vn 0.04850 0.25221 0.96646
vn 0.07180 0.37231 0.92533
vn 0.09400 0.48650 0.86861
vn 0.11470 0.59282 0.79713
vn 0.13360 0.68958 0.71178
vn 0.15020 0.77489 0.61399
vn 0.16440 0.84720 0.50520
vn 0.17569 0.90506 0.38728
vn 0.18400 0.94728 0.26230
vn 0.18900 0.97301 0.13240
vn 0.19071 0.98165 -0.00000
vn 0.18900 0.97301 -0.13240
vn 0.18400 0.94728 -0.26230
vn 0.17569 0.90506 -0.38728
vn 0.16440 0.84720 -0.50520
vn 0.15020 0.77489 -0.61399
vn 0.13360 0.68958 -0.71178
vn 0.11470 0.59282 -0.79713
vn 0.09400 0.48650 -0.86861
vn 0.07180 0.37231 -0.92533
vn 0.04850 0.25221 -0.96646
vn 0.02450 0.12821 -0.99144
vn 0.03630 0.12289 0.99176
vn 0.07190 0.24179 0.96766
vn 0.10660 0.35730 0.92789
vn 0.13970 0.46769 0.87278
vn 0.17089 0.57128 0.80277
vn 0.19950 0.66609 0.71869
vn 0.22489 0.75037 0.62158
vn 0.24669 0.82237 0.51268
vn 0.26419 0.88037 0.39389
vn 0.27711 0.92293 0.26721
vn 0.28499 0.94898 0.13500
vn 0.28771 0.95772 -0.00000
vn 0.28499 0.94898 -0.13500
vn 0.27711 0.92293 -0.26721
vn 0.26419 0.88037 -0.39389
vn 0.24669 0.82237 -0.51268
vn 0.22489 0.75037 -0.62158
vn 0.19950 0.66609 -0.71869
vn 0.17089 0.57128 -0.80277
vn 0.13970 0.46769 -0.87278
vn 0.10660 0.35730 -0.92789
vn 0.07190 0.24179 -0.96766
vn 0.03630 0.12289 -0.99176
vn 0.04750 0.11550 0.99217
vn 0.09420 0.22729 0.96926
vn 0.13990 0.33639 0.93127
vn 0.18381 0.44151 0.87823
vn 0.22549 0.54078 0.81037
vn 0.26400 0.63270 0.72800
vn 0.29879 0.71517 0.63187
vn 0.32879 0.78638 0.52298
vn 0.35320 0.84430 0.40300
vn 0.37129 0.88717 0.27399
vn 0.38250 0.91350 0.13860
vn 0.38621 0.92241 -0.00000
vn 0.38250 0.91350 -0.13860
vn 0.37129 0.88717 -0.27399
vn 0.35320 0.84430 -0.40300
vn 0.32879 0.78638 -0.52298
vn 0.29879 0.71517 -0.63187
vn 0.26400 0.63270 -0.72800
vn 0.22549 0.54078 -0.81037
vn 0.18381 0.44151 -0.87823
vn 0.13990 0.33639 -0.93127
vn 0.09420 0.22729 -0.96926
vn 0.04750 0.11550 -0.99217
vn 0.05810 0.10619 0.99265
vn 0.11510 0.20900 0.97112
vn 0.17120 0.30991 0.93523
vn 0.22559 0.40779 0.88477
vn 0.27770 0.50130 0.81950
vn 0.32661 0.58882 0.73933
vn 0.37110 0.66850 0.64450
vn 0.41011 0.73812 0.53571
vn 0.44230 0.79539 0.41440
vn 0.46641 0.83821 0.28260
vn 0.48128 0.86477 0.14330
vn 0.48642 0.87373 -0.00000
vn 0.48128 0.86477 -0.14330
vn 0.46641 0.83821 -0.28260
vn 0.44230 0.79539 -0.41440
vn 0.41011 0.73812 -0.53571
vn 0.37110 0.66850 -0.64450
vn 0.32661 0.58882 -0.73933
vn 0.27770 0.50130 -0.81950
vn 0.22559 0.40779 -0.88477
vn 0.17120 0.30991 -0.93523
vn 0.11510 0.20900 -0.97112
vn 0.05810 0.10619 -0.99265
vn 0.06770 0.09500 0.99317
vn 0.13419 0.18699 0.97315
vn 0.20000 0.27780 0.93959
vn 0.26439 0.36669 0.89198
vn 0.32680 0.45271 0.82961
vn 0.38608 0.53417 0.75206
vn 0.44092 0.60943 0.65893
vn 0.48967 0.67617 0.55047
vn 0.53049 0.73189 0.42769
vn 0.56138 0.77407 0.29269
vn 0.58070 0.80040 0.14880
vn 0.58729 0.80938 -0.00000
vn 0.58070 0.80040 -0.14880
vn 0.56138 0.77407 -0.29269
vn 0.53049 0.73189 -0.42769
vn 0.48967 0.67617 -0.55047
vn 0.44092 0.60943 -0.65893
vn 0.38608 0.53417 -0.75206
vn 0.32680 0.45271 -0.82961
vn 0.26439 0.36669 -0.89198
vn 0.20000 0.27780 -0.93959
vn 0.13419 0.18699 -0.97315
vn 0.06770 0.09500 -0.99317
vn 0.07630 0.08210 0.99370
vn 0.15120 0.16160 0.97520
vn 0.22570 0.24060 0.94402
vn 0.29941 0.31871 0.89932
vn 0.37159 0.39499 0.84018
vn 0.44119 0.46839 0.76548
vn 0.50659 0.53719 0.67439
vn 0.56560 0.59930 0.56650
vn 0.61589 0.65189 0.44239
vn 0.65446 0.69226 0.30408
vn 0.67890 0.71770 0.15490
vn 0.68718 0.72648 -0.00000
vn 0.67890 0.71770 -0.15490
vn 0.65446 0.69226 -0.30408
vn 0.61589 0.65189 -0.44239
vn 0.56560 0.59930 -0.56650
vn 0.50659 0.53719 -0.67439
vn 0.44119 0.46839 -0.76548
vn 0.37159 0.39499 -0.84018
vn 0.29941 0.31871 -0.89932
vn 0.22570 0.24060 -0.94402
vn 0.15120 0.16160 -0.97520
vn 0.07630 0.08210 -0.99370
vn 0.08370 0.06770 0.99419
vn 0.16570 0.13330 0.97712
vn 0.24780 0.19880 0.94820
vn 0.32979 0.26409 0.90636
vn 0.41092 0.32872 0.85035
vn 0.49029 0.39169 0.77858
vn 0.56600 0.45160 0.68971
vn 0.63549 0.50659 0.58269
vn 0.69561 0.55391 0.45751
vn 0.74247 0.59078 0.31579
vn 0.77239 0.61430 0.16140
vn 0.78275 0.62234 -0.00000
vn 0.77239 0.61430 -0.16140
vn 0.74247 0.59078 -0.31579
vn 0.69561 0.55391 -0.45751
vn 0.63549 0.50659 -0.58269
vn 0.56600 0.45160 -0.68971
vn 0.49029 0.39169 -0.77858
vn 0.41092 0.32872 -0.85035
vn 0.32979 0.26409 -0.90636
vn 0.24780 0.19880 -0.94820
vn 0.16570 0.13330 -0.97712
vn 0.08370 0.06770 -0.99419
vn 0.08960 0.05200 0.99462
vn 0.17740 0.10240 0.97880
vn 0.26580 0.15300 0.95181
vn 0.35459 0.20369 0.91257
vn 0.44349 0.25450 0.85939
vn 0.53138 0.30459 0.79048
vn 0.61650 0.35300 0.70379
vn 0.69593 0.39801 0.59772
vn 0.76561 0.43741 0.47171
vn 0.82072 0.46841 0.32711
vn 0.85638 0.48839 0.16760
vn 0.86867 0.49538 -0.00000
vn 0.85638 0.48839 -0.16760
vn 0.82072 0.46841 -0.32711
vn 0.76561 0.43741 -0.47171
vn 0.69593 0.39801 -0.59772
vn 0.61650 0.35300 -0.70379
vn 0.53138 0.30459 -0.79048
vn 0.44349 0.25450 -0.85939
vn 0.35459 0.20369 -0.91257
vn 0.26580 0.15300 -0.95181
vn 0.17740 0.10240 -0.97880
vn 0.08960 0.05200 -0.99462
vn 0.09400 0.03530 0.99495
vn 0.18600 0.06940 0.98010
vn 0.27899 0.10390 0.95466
vn 0.37300 0.13870 0.91740
vn 0.46788 0.17369 0.86656
vn 0.56259 0.20860 0.79999
vn 0.65541 0.24270 0.71521
vn 0.74310 0.27490 0.61010
vn 0.82105 0.30338 0.48357
vn 0.88341 0.32611 0.33651
vn 0.92410 0.34080 0.17290
vn 0.93823 0.34601 -0.00000
vn 0.92410 0.34080 -0.17290
vn 0.88341 0.32611 -0.33651
vn 0.82105 0.30338 -0.48357
vn 0.74310 0.27490 -0.61010
vn 0.65541 0.24270 -0.71521
vn 0.56259 0.20860 -0.79999
vn 0.46788 0.17369 -0.86656
vn 0.37300 0.13870 -0.91740
vn 0.27899 0.10390 -0.95466
vn 0.18600 0.06940 -0.98010
vn 0.09400 0.03530 -0.99495
vn 0.09670 0.01790 0.99515
vn 0.19130 0.03510 0.98090
vn 0.28709 0.05250 0.95646
vn 0.38440 0.07020 0.92049
vn 0.48299 0.08810 0.87118
vn 0.58220 0.10610 0.80610
vn 0.68000 0.12370 0.72270
vn 0.77329 0.14050 0.61829
vn 0.85689 0.15550 0.49149
vn 0.92430 0.16760 0.34290
vn 0.96853 0.17550 0.17650
vn 0.98399 0.17820 -0.00000
vn 0.96853 0.17550 -0.17650
vn 0.92430 0.16760 -0.34290
vn 0.85689 0.15550 -0.49149
vn 0.77329 0.14050 -0.61829
vn 0.68000 0.12370 -0.72270
vn 0.58220 0.10610 -0.80610
vn 0.48299 0.08810 -0.87118
vn 0.38440 0.07020 -0.92049
vn 0.28709 0.05250 -0.95646
vn 0.19130 0.03510 -0.98090
vn 0.09670 0.01790 -0.99515
vn 0.09760 0.00000 0.99523
vn 0.19310 0.00000 0.98118
vn 0.28989 0.00000 0.95706
vn 0.38819 0.00000 0.92158
vn 0.48817 0.00000 0.87275
vn 0.58890 0.00000 0.80820
vn 0.68852 0.00000 0.72522
vn 0.78372 0.00000 0.62112
vn 0.86929 0.00000 0.49430
vn 0.93857 0.00000 0.34509
vn 0.98407 0.00000 0.17779
vn 1.00000 0.00000 -0.00000
vn 0.98407 0.00000 -0.17779
vn 0.93857 0.00000 -0.34509
vn 0.86929 0.00000 -0.49430
vn 0.78372 0.00000 -0.62112
vn 0.68852 0.00000 -0.72522
vn 0.58890 0.00000 -0.80820
vn 0.48817 0.00000 -0.87275
vn 0.38819 0.00000 -0.92158
vn 0.28989 0.00000 -0.95706
vn 0.19310 0.00000 -0.98118
vn 0.09760 0.00000 -0.99523
vn 0.09670 -0.01790 0.99515
vn 0.19130 -0.03510 0.98090
vn 0.28709 -0.05250 0.95646
vn 0.38440 -0.07020 0.92049
vn 0.48299 -0.08810 0.87118
vn 0.58220 -0.10610 0.80610
vn 0.68000 -0.12370 0.72270
vn 0.77329 -0.14050 0.61829
vn 0.85689 -0.15550 0.49149
vn 0.92430 -0.16760 0.34290
vn 0.96853 -0.17550 0.17650
vn 0.98399 -0.17820 -0.00000
vn 0.96853 -0.17550 -0.17650
vn 0.92430 -0.16760 -0.34290
vn 0.85689 -0.15550 -0.49149
vn 0.77329 -0.14050 -0.61829
vn 0.68000 -0.12370 -0.72270
vn 0.58220 -0.10610 -0.80610
vn 0.48299 -0.08810 -0.87118
vn 0.38440 -0.07020 -0.92049
vn 0.28709 -0.05250 -0.95646
vn 0.19130 -0.03510 -0.98090
vn 0.09670 -0.01790 -0.99515
vn 0.09400 -0.03530 0.99495
vn 0.18600 -0.06940 0.98010
vn 0.27899 -0.10390 0.95466
vn 0.37300 -0.13870 0.91740
vn 0.46788 -0.17369 0.86656
vn 0.56259 -0.20860 0.79999
vn 0.65541 -0.24270 0.71521
vn 0.74310 -0.27490 0.61010
vn 0.82105 -0.30338 0.48357
vn 0.88341 -0.32611 0.33651
vn 0.92410 -0.34080 0.17290
vn 0.93823 -0.34601 -0.00000
vn 0.92410 -0.34080 -0.17290
vn 0.88341 -0.32611 -0.33651
vn 0.82105 -0.30338 -0.48357
vn 0.74310 -0.27490 -0.61010
vn 0.65541 -0.24270 -0.71521
vn 0.56259 -0.20860 -0.79999
vn 0.46788 -0.17369 -0.86656
vn 0.37300 -0.13870 -0.91740
vn 0.27899 -0.10390 -0.95466
vn 0.18600 -0.06940 -0.98010
vn 0.09400 -0.03530 -0.99495
vn 0.08960 -0.05200 0.99462
vn 0.17740 -0.10240 0.97880
vn 0.26580 -0.15300 0.95181
vn 0.35459 -0.20369 0.91257
vn 0.44349 -0.25450 0.85939
vn 0.53138 -0.30459 0.79048
vn 0.61650 -0.35300 0.70379
vn 0.69593 -0.39801 0.59772
vn 0.76561 -0.43741 0.47171
vn 0.82072 -0.46841 0.32711
vn 0.85638 -0.48839 0.16760
vn 0.86867 -0.49538 -0.00000
vn 0.85638 -0.48839 -0.16760
vn 0.82072 -0.46841 -0.32711
vn 0.76561 -0.43741 -0.47171
vn 0.69593 -0.39801 -0.59772
vn 0.61650 -0.35300 -0.70379
vn 0.53138 -0.30459 -0.79048
vn 0.44349 -0.25450 -0.85939
vn 0.35459 -0.20369 -0.91257
vn 0.26580 -0.15300 -0.95181
vn 0.17740 -0.10240 -0.97880
vn 0.08960 -0.05200 -0.99462
vn 0.08370 -0.06770 0.99419
vn 0.16570 -0.13330 0.97712
vn 0.24780 -0.19880 0.94820
vn 0.32979 -0.26409 0.90636
vn 0.41092 -0.32872 0.85035
vn 0.49029 -0.39169 0.77858
vn 0.56600 -0.45160 0.68971
vn 0.63549 -0.50659 0.58269
vn 0.69561 -0.55391 0.45751
vn 0.74247 -0.59078 0.31579
vn 0.77239 -0.61430 0.16140
vn 0.78275 -0.62234 -0.00000
vn 0.77239 -0.61430 -0.16140
vn 0.74247 -0.59078 -0.31579
vn 0.69561 -0.55391 -0.45751
vn 0.63549 -0.50659 -0.58269
vn 0.56600 -0.45160 -0.68971
vn 0.49029 -0.39169 -0.77858
vn 0.41092 -0.32872 -0.85035
vn 0.32979 -0.26409 -0.90636
vn 0.24780 -0.19880 -0.94820
vn 0.16570 -0.13330 -0.97712
vn 0.08370 -0.06770 -0.99419
vn 0.07630 -0.08210 0.99370
vn 0.15120 -0.16160 0.97520
vn 0.22570 -0.24060 0.94402
vn 0.29941 -0.31871 0.89932
vn 0.37159 -0.39499 0.84018
vn 0.44119 -0.46839 0.76548
vn 0.50659 -0.53719 0.67439
vn 0.56560 -0.59930 0.56650
vn 0.61589 -0.65189 0.44239
vn 0.65446 -0.69226 0.30408
vn 0.67890 -0.71770 0.15490
vn 0.68718 -0.72648 -0.00000
vn 0.67890 -0.71770 -0.15490
vn 0.65446 -0.69226 -0.30408
vn 0.61589 -0.65189 -0.44239
vn 0.56560 -0.59930 -0.56650
vn 0.50659 -0.53719 -0.67439
vn 0.44119 -0.46839 -0.76548
vn 0.37159 -0.39499 -0.84018
vn 0.29941 -0.31871 -0.89932
vn 0.22570 -0.24060 -0.94402
vn 0.15120 -0.16160 -0.97520
vn 0.07630 -0.08210 -0.99370
vn 0.06770 -0.09500 0.99317
vn 0.13419 -0.18699 0.97315
vn 0.20000 -0.27780 0.93959
vn 0.26439 -0.36669 0.89198
vn 0.32680 -0.45271 0.82961
vn 0.38608 -0.53417 0.75206
vn 0.44092 -0.60943 0.65893
vn 0.48967 -0.67617 0.55047
vn 0.53049 -0.73189 0.42769
vn 0.56138 -0.77407 0.29269
vn 0.58070 -0.80040 0.14880
vn 0.58729 -0.80938 -0.00000
vn 0.58070 -0.80040 -0.14880
vn 0.56138 -0.77407 -0.29269
vn 0.53049 -0.73189 -0.42769
vn 0.48967 -0.67617 -0.55047
vn 0.44092 -0.60943 -0.65893
vn 0.38608 -0.53417 -0.75206
vn 0.32680 -0.45271 -0.82961
vn 0.26439 -0.36669 -0.89198
vn 0.20000 -0.27780 -0.93959
vn 0.13419 -0.18699 -0.97315
vn 0.06770 -0.09500 -0.99317
vn 0.05810 -0.10619 0.99265
vn 0.11510 -0.20900 0.97112
vn 0.17120 -0.30991 0.93523
vn 0.22559 -0.40779 0.88477
vn 0.27770 -0.50130 0.81950
vn 0.32661 -0.58882 0.73933
vn 0.37110 -0.66850 0.64450
vn 0.41011 -0.73812 0.53571
vn 0.44230 -0.79539 0.41440
vn 0.46641 -0.83821 0.28260
vn 0.48128 -0.86477 0.14330
vn 0.48642 -0.87373 -0.00000
vn 0.48128 -0.86477 -0.14330
vn 0.46641 -0.83821 -0.28260
vn 0.44230 -0.79539 -0.41440
vn 0.41011 -0.73812 -0.53571
vn 0.37110 -0.66850 -0.64450
vn 0.32661 -0.58882 -0.73933
vn 0.27770 -0.50130 -0.81950
vn 0.22559 -0.40779 -0.88477
vn 0.17120 -0.30991 -0.93523
vn 0.11510 -0.20900 -0.97112
vn 0.05810 -0.10619 -0.99265
vn 0.04750 -0.11550 0.99217
vn 0.09420 -0.22729 0.96926
vn 0.13990 -0.33639 0.93127
vn 0.18381 -0.44151 0.87823
vn 0.22549 -0.54078 0.81037
vn 0.26400 -0.63270 0.72800
vn 0.29879 -0.71517 0.63187
vn 0.32879 -0.78638 0.52298
vn 0.35320 -0.84430 0.40300
vn 0.37129 -0.88717 0.27399
vn 0.38250 -0.91350 0.13860
vn 0.38621 -0.92241 -0.00000
vn 0.38250 -0.91350 -0.13860
vn 0.37129 -0.88717 -0.27399
vn 0.35320 -0.84430 -0.40300
vn 0.32879 -0.78638 -0.52298
vn 0.29879 -0.71517 -0.63187
vn 0.26400 -0.63270 -0.72800
vn 0.22549 -0.54078 -0.81037
vn 0.18381 -0.44151 -0.87823
vn 0.13990 -0.33639 -0.93127
vn 0.09420 -0.22729 -0.96926
vn 0.04750 -0.11550 -0.99217
vn 0.03630 -0.12289 0.99176
vn 0.07190 -0.24179 0.96766
vn 0.10660 -0.35730 0.92789
vn 0.13970 -0.46769 0.87278
vn 0.17089 -0.57128 0.80277
vn 0.19950 -0.66609 0.71869
vn 0.22489 -0.75037 0.62158
vn 0.24669 -0.82237 0.51268
vn 0.26419 -0.88037 0.39389
vn 0.27711 -0.92293 0.26721
vn 0.28499 -0.94898 0.13500
vn 0.28771 -0.95772 -0.00000
vn 0.28499 -0.94898 -0.13500
vn 0.27711 -0.92293 -0.26721
vn 0.26419 -0.88037 -0.39389
vn 0.24669 -0.82237 -0.51268
vn 0.22489 -0.75037 -0.62158
vn 0.19950 -0.66609 -0.71869
vn 0.17089 -0.57128 -0.80277
vn 0.13970 -0.46769 -0.87278
vn 0.10660 -0.35730 -0.92789
vn 0.07190 -0.24179 -0.96766
vn 0.03630 -0.12289 -0.99176
vn 0.02450 -0.12821 0.99144
vn 0.04850 -0.25221 0.96646
vn 0.07180 -0.37231 0.92533
vn 0.09400 -0.48650 0.86861
vn 0.11470 -0.59282 0.79713
vn 0.13360 -0.68958 0.71178
vn 0.15020 -0.77489 0.61399
vn 0.16440 -0.84720 0.50520
vn 0.17569 -0.90506 0.38728
vn 0.18400 -0.94728 0.26230
vn 0.18900 -0.97301 0.13240
vn 0.19071 -0.98165 -0.00000
vn 0.18900 -0.97301 -0.13240
vn 0.18400 -0.94728 -0.26230
vn 0.17569 -0.90506 -0.38728
vn 0.16440 -0.84720 -0.50520
vn 0.15020 -0.77489 -0.61399
vn 0.13360 -0.68958 -0.71178
vn 0.11470 -0.59282 -0.79713
vn 0.09400 -0.48650 -0.86861
vn 0.07180 -0.37231 -0.92533
vn 0.04850 -0.25221 -0.96646
vn 0.02450 -0.12821 -0.99144
vn 0.01230 -0.13139 0.99125
vn 0.02440 -0.25850 0.96570
vn 0.03620 -0.38131 0.92374
vn 0.04730 -0.49773 0.86604
vn 0.05760 -0.60570 0.79360
vn 0.06700 -0.70347 0.70756
vn 0.07520 -0.78929 0.60939
vn 0.08210 -0.86171 0.50071
vn 0.08770 -0.91944 0.38332
vn 0.09170 -0.96143 0.25931
vn 0.09420 -0.98692 0.13080
vn 0.09500 -0.99548 -0.00000
vn 0.09420 -0.98692 -0.13080
vn 0.09170 -0.96143 -0.25931
vn 0.08770 -0.91944 -0.38332
vn 0.08210 -0.86171 -0.50071
vn 0.07520 -0.78929 -0.60939
vn 0.06700 -0.70347 -0.70756
vn 0.05760 -0.60570 -0.79360
vn 0.04730 -0.49773 -0.86604
vn 0.03620 -0.38131 -0.92374
vn 0.02440 -0.25850 -0.96570
vn 0.01230 -0.13139 -0.99125
vn 0.00000 -0.13250 0.99118
vn 0.00000 -0.26070 0.96542
vn 0.00000 -0.38439 0.92317
vn 0.00000 -0.50148 0.86517
vn 0.00000 -0.61000 0.79240
vn 0.00000 -0.70811 0.70611
vn 0.00000 -0.79409 0.60780
vn 0.00000 -0.86649 0.49919
vn 0.00000 -0.92417 0.38199
vn 0.00000 -0.96607 0.25829
vn 0.00000 -0.99148 0.13030
vn 0.00000 -1.00000 0.00000
vn -0.00000 -0.99148 -0.13030
vn -0.00000 -0.96607 -0.25829
vn -0.00000 -0.92417 -0.38199
vn -0.00000 -0.86649 -0.49919
vn -0.00000 -0.79409 -0.60780
vn -0.00000 -0.70811 -0.70611
vn -0.00000 -0.61000 -0.79240
vn -0.00000 -0.50148 -0.86517
vn -0.00000 -0.38439 -0.92317
vn -0.00000 -0.26070 -0.96542
vn -0.00000 -0.13250 -0.99118
vn -0.01230 -0.13139 0.99125
vn -0.02440 -0.25850 0.96570
vn -0.03620 -0.38131 0.92374
vn -0.04730 -0.49773 0.86604
vn -0.05760 -0.60570 0.79360
vn -0.06700 -0.70347 0.70756
vn -0.07520 -0.78929 0.60939
vn -0.08210 -0.86171 0.50071
vn -0.08770 -0.91944 0.38332
vn -0.09170 -0.96143 0.25931
vn -0.09420 -0.98692 0.13080
vn -0.09500 -0.99548 0.00000
vn -0.09420 -0.98692 -0.13080
vn -0.09170 -0.96143 -0.25931
vn -0.08770 -0.91944 -0.38332
vn -0.08210 -0.86171 -0.50071
vn -0.07520 -0.78929 -0.60939
vn -0.06700 -0.70347 -0.70756
vn -0.05760 -0.60570 -0.79360
vn -0.04730 -0.49773 -0.86604
vn -0.03620 -0.38131 -0.92374
vn -0.02440 -0.25850 -0.96570
vn -0.01230 -0.13139 -0.99125
vn -0.02450 -0.12821 0.99144
vn -0.04850 -0.25221 0.96646
vn -0.07180 -0.37231 0.92533
vn -0.09400 -0.48650 0.86861
vn -0.11470 -0.59282 0.79713
vn -0.13360 -0.68958 0.71178
vn -0.15020 -0.77489 0.61399
vn -0.16440 -0.84720 0.50520
vn -0.17569 -0.90506 0.38728
vn -0.18400 -0.94728 0.26230
vn -0.18900 -0.97301 0.13240
vn -0.19071 -0.98165 0.00000
vn -0.18900 -0.97301 -0.13240
vn -0.18400 -0.94728 -0.26230
vn -0.17569 -0.90506 -0.38728
vn -0.16440 -0.84720 -0.50520
vn -0.15020 -0.77489 -0.61399
vn -0.13360 -0.68958 -0.71178
vn -0.11470 -0.59282 -0.79713
vn -0.09400 -0.48650 -0.86861
vn -0.07180 -0.37231 -0.92533
vn -0.04850 -0.25221 -0.96646
vn -0.02450 -0.12821 -0.99144
vn -0.03630 -0.12289 0.99176
vn -0.07190 -0.24179 0.96766
vn -0.10660 -0.35730 0.92789
vn -0.13970 -0.46769 0.87278
vn -0.17089 -0.57128 0.80277
vn -0.19950 -0.66609 0.71869
vn -0.22489 -0.75037 0.62158
vn -0.24669 -0.82237 0.51268
vn -0.26419 -0.88037 0.39389
vn -0.27711 -0.92293 0.26721
vn -0.28499 -0.94898 0.13500
vn -0.28771 -0.95772 0.00000
vn -0.28499 -0.94898 -0.13500
vn -0.27711 -0.92293 -0.26721
vn -0.26419 -0.88037 -0.39389
vn -0.24669 -0.82237 -0.51268
vn -0.22489 -0.75037 -0.62158
vn -0.19950 -0.66609 -0.71869
vn -0.17089 -0.57128 -0.80277
vn -0.13970 -0.46769 -0.87278
vn -0.10660 -0.35730 -0.92789
vn -0.07190 -0.24179 -0.96766
vn -0.03630 -0.12289 -0.99176
vn -0.04750 -0.11550 0.99217
vn -0.09420 -0.22729 0.96926
vn -0.13990 -0.33639 0.93127
vn -0.18381 -0.44151 0.87823
vn -0.22549 -0.54078 0.81037
vn -0.26400 -0.63270 0.72800
vn -0.29879 -0.71517 0.63187
vn -0.32879 -0.78638 0.52298
vn -0.35320 -0.84430 0.40300
vn -0.37129 -0.88717 0.27399
vn -0.38250 -0.91350 0.13860
vn -0.38621 -0.92241 0.00000
vn -0.38250 -0.91350 -0.13860
vn -0.37129 -0.88717 -0.27399
vn -0.35320 -0.84430 -0.40300
vn -0.32879 -0.78638 -0.52298
vn -0.29879 -0.71517 -0.63187
vn -0.26400 -0.63270 -0.72800
vn -0.22549 -0.54078 -0.81037
vn -0.18381 -0.44151 -0.87823
vn -0.13990 -0.33639 -0.93127
vn -0.09420 -0.22729 -0.96926
vn -0.04750 -0.11550 -0.99217
vn -0.05810 -0.10619 0.99265
vn -0.11510 -0.20900 0.97112
vn -0.17120 -0.30991 0.93523
vn -0.22559 -0.40779 0.88477
vn -0.27770 -0.50130 0.81950
vn -0.32661 -0.58882 0.73933
vn -0.37110 -0.66850 0.64450
vn -0.41011 -0.73812 0.53571
vn -0.44230 -0.79539 0.41440
vn -0.46641 -0.83821 0.28260
vn -0.48128 -0.86477 0.14330
vn -0.48642 -0.87373 0.00000
vn -0.48128 -0.86477 -0.14330
vn -0.46641 -0.83821 -0.28260
vn -0.44230 -0.79539 -0.41440
vn -0.41011 -0.73812 -0.53571
vn -0.37110 -0.66850 -0.64450
vn -0.32661 -0.58882 -0.73933
vn -0.27770 -0.50130 -0.81950
vn -0.22559 -0.40779 -0.88477
vn -0.17120 -0.30991 -0.93523
vn -0.11510 -0.20900 -0.97112
vn -0.05810 -0.10619 -0.99265
vn -0.06770 -0.09500 0.99317
vn -0.13419 -0.18699 0.97315
vn -0.20000 -0.27780 0.93959
vn -0.26439 -0.36669 0.89198
vn -0.32680 -0.45271 0.82961
vn -0.38608 -0.53417 0.75206
vn -0.44092 -0.60943 0.65893
vn -0.48967 -0.67617 0.55047
vn -0.53049 -0.73189 0.42769
vn -0.56138 -0.77407 0.29269
vn -0.58070 -0.80040 0.14880
vn -0.58729 -0.80938 0.00000
vn -0.58070 -0.80040 -0.14880
vn -0.56138 -0.77407 -0.29269
vn -0.53049 -0.73189 -0.42769
vn -0.48967 -0.67617 -0.55047
vn -0.44092 -0.60943 -0.65893
vn -0.38608 -0.53417 -0.75206
vn -0.32680 -0.45271 -0.82961
vn -0.26439 -0.36669 -0.89198
vn -0.20000 -0.27780 -0.93959
vn -0.13419 -0.18699 -0.97315
vn -0.06770 -0.09500 -0.99317
vn -0.07630 -0.08210 0.99370
vn -0.15120 -0.16160 0.97520
vn -0.22570 -0.24060 0.94402
vn -0.29941 -0.31871 0.89932
vn -0.37159 -0.39499 0.84018
vn -0.44119 -0.46839 0.76548
vn -0.50659 -0.53719 0.67439
vn -0.56560 -0.59930 0.56650
vn -0.61589 -0.65189 0.44239
vn -0.65446 -0.69226 0.30408
vn -0.67890 -0.71770 0.15490
vn -0.68718 -0.72648 0.00000
vn -0.67890 -0.71770 -0.15490
vn -0.65446 -0.69226 -0.30408
vn -0.61589 -0.65189 -0.44239
vn -0.56560 -0.59930 -0.56650
vn -0.50659 -0.53719 -0.67439
vn -0.44119 -0.46839 -0.76548
vn -0.37159 -0.39499 -0.84018
vn -0.29941 -0.31871 -0.89932
vn -0.22570 -0.24060 -0.94402
vn -0.15120 -0.16160 -0.97520
vn -0.07630 -0.08210 -0.99370
vn -0.08370 -0.06770 0.99419
vn -0.16570 -0.13330 0.97712
vn -0.24780 -0.19880 0.94820
vn -0.32979 -0.26409 0.90636
vn -0.41092 -0.32872 0.85035
vn -0.49029 -0.39169 0.77858
vn -0.56600 -0.45160 0.68971
vn -0.63549 -0.50659 0.58269
vn -0.69561 -0.55391 0.45751
vn -0.74247 -0.59078 0.31579
vn -0.77239 -0.61430 0.16140
vn -0.78275 -0.62234 0.00000
vn -0.77239 -0.61430 -0.16140
vn -0.74247 -0.59078 -0.31579
vn -0.69561 -0.55391 -0.45751
vn -0.63549 -0.50659 -0.58269
vn -0.56600 -0.45160 -0.68971
vn -0.49029 -0.39169 -0.77858
vn -0.41092 -0.32872 -0.85035
vn -0.32979 -0.26409 -0.90636
vn -0.24780 -0.19880 -0.94820
vn -0.16570 -0.13330 -0.97712
vn -0.08370 -0.06770 -0.99419
vn -0.08960 -0.05200 0.99462
vn -0.17740 -0.10240 0.97880
vn -0.26580 -0.15300 0.95181
vn -0.35459 -0.20369 0.91257
vn -0.44349 -0.25450 0.85939
vn -0.53138 -0.30459 0.79048
vn -0.61650 -0.35300 0.70379
vn -0.69593 -0.39801 0.59772
vn -0.76561 -0.43741 0.47171
vn -0.82072 -0.46841 0.32711
vn -0.85638 -0.48839 0.16760
vn -0.86867 -0.49538 0.00000
vn -0.85638 -0.48839 -0.16760
vn -0.82072 -0.46841 -0.32711
vn -0.76561 -0.43741 -0.47171
vn -0.69593 -0.39801 -0.59772
vn -0.61650 -0.35300 -0.70379
vn -0.53138 -0.30459 -0.79048
vn -0.44349 -0.25450 -0.85939
vn -0.35459 -0.20369 -0.91257
vn -0.26580 -0.15300 -0.95181
vn -0.17740 -0.10240 -0.97880
vn -0.08960 -0.05200 -0.99462
vn -0.09400 -0.03530 0.99495
vn -0.18600 -0.06940 0.98010
vn -0.27899 -0.10390 0.95466
vn -0.37300 -0.13870 0.91740
vn -0.46788 -0.17369 0.86656
vn -0.56259 -0.20860 0.79999
vn -0.65541 -0.24270 0.71521
vn -0.74310 -0.27490 0.61010
vn -0.82105 -0.30338 0.48357
vn -0.88341 -0.32611 0.33651
vn -0.92410 -0.34080 0.17290
vn -0.93823 -0.34601 0.00000
vn -0.92410 -0.34080 -0.17290
vn -0.88341 -0.32611 -0.33651
vn -0.82105 -0.30338 -0.48357
vn -0.74310 -0.27490 -0.61010
vn -0.65541 -0.24270 -0.71521
vn -0.56259 -0.20860 -0.79999
vn -0.46788 -0.17369 -0.86656
vn -0.37300 -0.13870 -0.91740
vn -0.27899 -0.10390 -0.95466
vn -0.18600 -0.06940 -0.98010
vn -0.09400 -0.03530 -0.99495
vn -0.09670 -0.01790 0.99515
vn -0.19130 -0.03510 0.98090
vn -0.28709 -0.05250 0.95646
vn -0.38440 -0.07020 0.92049
vn -0.48299 -0.08810 0.87118
vn -0.58220 -0.10610 0.80610
vn -0.68000 -0.12370 0.72270
vn -0.77329 -0.14050 0.61829
vn -0.85689 -0.15550 0.49149
vn -0.92430 -0.16760 0.34290
vn -0.96853 -0.17550 0.17650
vn -0.98399 -0.17820 0.00000
vn -0.96853 -0.17550 -0.17650
vn -0.92430 -0.16760 -0.34290
vn -0.85689 -0.15550 -0.49149
vn -0.77329 -0.14050 -0.61829
vn -0.68000 -0.12370 -0.72270
vn -0.58220 -0.10610 -0.80610
vn -0.48299 -0.08810 -0.87118
vn -0.38440 -0.07020 -0.92049
vn -0.28709 -0.05250 -0.95646
vn -0.19130 -0.03510 -0.98090
vn -0.09670 -0.01790 -0.99515
vn -0.09760 0.00000 0.99523
vn -0.19310 0.00000 0.98118
vn -0.28989 0.00000 0.95706
vn -0.38819 0.00000 0.92158
vn -0.48817 0.00000 0.87275
vn -0.58890 0.00000 0.80820
vn -0.68852 0.00000 0.72522
vn -0.78372 0.00000 0.62112
vn -0.86929 0.00000 0.49430
vn -0.93857 0.00000 0.34509
vn -0.98407 0.00000 0.17779
vn -1.00000 0.00000 0.00000
vn -0.98407 0.00000 -0.17779
vn -0.93857 0.00000 -0.34509
vn -0.86929 0.00000 -0.49430
vn -0.78372 0.00000 -0.62112
vn -0.68852 0.00000 -0.72522
vn -0.58890 0.00000 -0.80820
vn -0.48817 0.00000 -0.87275
vn -0.38819 0.00000 -0.92158
vn -0.28989 0.00000 -0.95706
vn -0.19310 0.00000 -0.98118
vn -0.09760 0.00000 -0.99523
vn -0.09670 0.01790 0.99515
vn -0.19130 0.03510 0.98090
vn -0.28709 0.05250 0.95646
vn -0.38440 0.07020 0.92049
vn -0.48299 0.08810 0.87118
vn -0.58220 0.10610 0.80610
vn -0.68000 0.12370 0.72270
vn -0.77329 0.14050 0.61829
vn -0.85689 0.15550 0.49149
vn -0.92430 0.16760 0.34290
vn -0.96853 0.17550 0.17650
vn -0.98399 0.17820 0.00000
vn -0.96853 0.17550 -0.17650
vn -0.92430 0.16760 -0.34290
vn -0.85689 0.15550 -0.49149
vn -0.77329 0.14050 -0.61829
vn -0.68000 0.12370 -0.72270
vn -0.58220 0.10610 -0.80610
vn -0.48299 0.08810 -0.87118
vn -0.38440 0.07020 -0.92049
vn -0.28709 0.05250 -0.95646
vn -0.19130 0.03510 -0.98090
vn -0.09670 0.01790 -0.99515
vn -0.09400 0.03530 0.99495
vn -0.18600 0.06940 0.98010
vn -0.27899 0.10390 0.95466
vn -0.37300 0.13870 0.91740
vn -0.46788 0.17369 0.86656
vn -0.56259 0.20860 0.79999
vn -0.65541 0.24270 0.71521
vn -0.74310 0.27490 0.61010
vn -0.82105 0.30338 0.48357
vn -0.88341 0.32611 0.33651
vn -0.92410 0.34080 0.17290
vn -0.93823 0.34601 0.00000
vn -0.92410 0.34080 -0.17290
vn -0.88341 0.32611 -0.33651
vn -0.82105 0.30338 -0.48357
vn -0.74310 0.27490 -0.61010
vn -0.65541 0.24270 -0.71521
vn -0.56259 0.20860 -0.79999
vn -0.46788 0.17369 -0.86656
vn -0.37300 0.13870 -0.91740
vn -0.27899 0.10390 -0.95466
vn -0.18600 0.06940 -0.98010
vn -0.09400 0.03530 -0.99495
vn -0.08960 0.05200 0.99462
vn -0.17740 0.10240 0.97880
vn -0.26580 0.15300 0.95181
vn -0.35459 0.20369 0.91257
vn -0.44349 0.25450 0.85939
vn -0.53138 0.30459 0.79048
vn -0.61650 0.35300 0.70379
vn -0.69593 0.39801 0.59772
vn -0.76561 0.43741 0.47171
vn -0.82072 0.46841 0.32711
vn -0.85638 0.48839 0.16760
vn -0.86867 0.49538 0.00000
vn -0.85638 0.48839 -0.16760
vn -0.82072 0.46841 -0.32711
vn -0.76561 0.43741 -0.47171
vn -0.69593 0.39801 -0.59772
vn -0.61650 0.35300 -0.70379
vn -0.53138 0.30459 -0.79048
vn -0.44349 0.25450 -0.85939
vn -0.35459 0.20369 -0.91257
vn -0.26580 0.15300 -0.95181
vn -0.17740 0.10240 -0.97880
vn -0.08960 0.05200 -0.99462
vn -0.08370 0.06770 0.99419
vn -0.16570 0.13330 0.97712
vn -0.24780 0.19880 0.94820
vn -0.32979 0.26409 0.90636
vn -0.41092 0.32872 0.85035
vn -0.49029 0.39169 0.77858
vn -0.56600 0.45160 0.68971
vn -0.63549 0.50659 0.58269
vn -0.69561 0.55391 0.45751
vn -0.74247 0.59078 0.31579
vn -0.77239 0.61430 0.16140
vn -0.78275 0.62234 0.00000
vn -0.77239 0.61430 -0.16140
vn -0.74247 0.59078 -0.31579
vn -0.69561 0.55391 -0.45751
vn -0.63549 0.50659 -0.58269
vn -0.56600 0.45160 -0.68971
vn -0.49029 0.39169 -0.77858
vn -0.41092 0.32872 -0.85035
vn -0.32979 0.26409 -0.90636
vn -0.24780 0.19880 -0.94820
vn -0.16570 0.13330 -0.97712
vn -0.08370 0.06770 -0.99419
vn -0.07630 0.08210 0.99370
vn -0.15120 0.16160 0.97520
vn -0.22570 0.24060 0.94402
vn -0.29941 0.31871 0.89932
vn -0.37159 0.39499 0.84018
vn -0.44119 0.46839 0.76548
vn -0.50659 0.53719 0.67439
vn -0.56560 0.59930 0.56650
vn -0.61589 0.65189 0.44239
vn -0.65446 0.69226 0.30408
vn -0.67890 0.71770 0.15490
vn -0.68718 0.72648 0.00000
vn -0.67890 0.71770 -0.15490
vn -0.65446 0.69226 -0.30408
vn -0.61589 0.65189 -0.44239
vn -0.56560 0.59930 -0.56650
vn -0.50659 0.53719 -0.67439
vn -0.44119 0.46839 -0.76548
vn -0.37159 0.39499 -0.84018
vn -0.29941 0.31871 -0.89932
vn -0.22570 0.24060 -0.94402
vn -0.15120 0.16160 -0.97520
vn -0.07630 0.08210 -0.99370
vn -0.06770 0.09500 0.99317
vn -0.13419 0.18699 0.97315
vn -0.20000 0.27780 0.93959
vn -0.26439 0.36669 0.89198
vn -0.32680 0.45271 0.82961
vn -0.38608 0.53417 0.75206
vn -0.44092 0.60943 0.65893
vn -0.48967 0.67617 0.55047
vn -0.53049 0.73189 0.42769
vn -0.56138 0.77407 0.29269
vn -0.58070 0.80040 0.14880
vn -0.58729 0.80938 0.00000
vn -0.58070 0.80040 -0.14880
vn -0.56138 0.77407 -0.29269
vn -0.53049 0.73189 -0.42769
vn -0.48967 0.67617 -0.55047
vn -0.44092 0.60943 -0.65893
vn -0.38608 0.53417 -0.75206
vn -0.32680 0.45271 -0.82961
vn -0.26439 0.36669 -0.89198
vn -0.20000 0.27780 -0.93959
vn -0.13419 0.18699 -0.97315
vn -0.06770 0.09500 -0.99317
vn -0.05810 0.10619 0.99265
vn -0.11510 0.20900 0.97112
vn -0.17120 0.30991 0.93523
vn -0.22559 0.40779 0.88477
vn -0.27770 0.50130 0.81950
vn -0.32661 0.58882 0.73933
vn -0.37110 0.66850 0.64450
vn -0.41011 0.73812 0.53571
vn -0.44230 0.79539 0.41440
vn -0.46641 0.83821 0.28260
vn -0.48128 0.86477 0.14330
vn -0.48642 0.87373 0.00000
vn -0.48128 0.86477 -0.14330
vn -0.46641 0.83821 -0.28260
vn -0.44230 0.79539 -0.41440
vn -0.41011 0.73812 -0.53571
vn -0.37110 0.66850 -0.64450
vn -0.32661 0.58882 -0.73933
vn -0.27770 0.50130 -0.81950
vn -0.22559 0.40779 -0.88477
vn -0.17120 0.30991 -0.93523
vn -0.11510 0.20900 -0.97112
vn -0.05810 0.10619 -0.99265
vn -0.04750 0.11550 0.99217
vn -0.09420 0.22729 0.96926
vn -0.13990 0.33639 0.93127
vn -0.18381 0.44151 0.87823
vn -0.22549 0.54078 0.81037
vn -0.26400 0.63270 0.72800
vn -0.29879 0.71517 0.63187
vn -0.32879 0.78638 0.52298
vn -0.35320 0.84430 0.40300
vn -0.37129 0.88717 0.27399
vn -0.38250 0.91350 0.13860
vn -0.38621 0.92241 0.00000
vn -0.38250 0.91350 -0.13860
vn -0.37129 0.88717 -0.27399
vn -0.35320 0.84430 -0.40300
vn -0.32879 0.78638 -0.52298
vn -0.29879 0.71517 -0.63187
vn -0.26400 0.63270 -0.72800
vn -0.22549 0.54078 -0.81037
vn -0.18381 0.44151 -0.87823
vn -0.13990 0.33639 -0.93127
vn -0.09420 0.22729 -0.96926
vn -0.04750 0.11550 -0.99217
vn -0.03630 0.12289 0.99176
vn -0.07190 0.24179 0.96766
vn -0.10660 0.35730 0.92789
vn -0.13970 0.46769 0.87278
vn -0.17089 0.57128 0.80277
vn -0.19950 0.66609 0.71869
vn -0.22489 0.75037 0.62158
vn -0.24669 0.82237 0.51268
vn -0.26419 0.88037 0.39389
vn -0.27711 0.92293 0.26721
vn -0.28499 0.94898 0.13500
vn -0.28771 0.95772 0.00000
vn -0.28499 0.94898 -0.13500
vn -0.27711 0.92293 -0.26721
vn -0.26419 0.88037 -0.39389
vn -0.24669 0.82237 -0.51268
vn -0.22489 0.75037 -0.62158
vn -0.19950 0.66609 -0.71869
vn -0.17089 0.57128 -0.80277
vn -0.13970 0.46769 -0.87278
vn -0.10660 0.35730 -0.92789
vn -0.07190 0.24179 -0.96766
vn -0.03630 0.12289 -0.99176
vn -0.02450 0.12821 0.99144
vn -0.04850 0.25221 0.96646
vn -0.07180 0.37231 0.92533
vn -0.09400 0.48650 0.86861
vn -0.11470 0.59282 0.79713
vn -0.13360 0.68958 0.71178
vn -0.15020 0.77489 0.61399
vn -0.16440 0.84720 0.50520
vn -0.17569 0.90506 0.38728
vn -0.18400 0.94728 0.26230
vn -0.18900 0.97301 0.13240
vn -0.19071 0.98165 0.00000
vn -0.18900 0.97301 -0.13240
vn -0.18400 0.94728 -0.26230
vn -0.17569 0.90506 -0.38728
vn -0.16440 0.84720 -0.50520
vn -0.15020 0.77489 -0.61399
vn -0.13360 0.68958 -0.71178
vn -0.11470 0.59282 -0.79713
vn -0.09400 0.48650 -0.86861
vn -0.07180 0.37231 -0.92533
vn -0.04850 0.25221 -0.96646
vn -0.02450 0.12821 -0.99144
vn -0.01230 0.13139 0.99125
vn -0.02440 0.25850 0.96570
vn -0.03620 0.38131 0.92374
vn -0.04730 0.49773 0.86604
vn -0.05760 0.60570 0.79360
vn -0.06700 0.70347 0.70756
vn -0.07520 0.78929 0.60939
vn -0.08210 0.86171 0.50071
vn -0.08770 0.91944 0.38332
vn -0.09170 0.96143 0.25931
vn -0.09420 0.98692 0.13080
vn -0.09500 0.99548 0.00000
vn -0.09420 0.98692 -0.13080
vn -0.09170 0.96143 -0.25931
vn -0.08770 0.91944 -0.38332
vn -0.08210 0.86171 -0.50071
vn -0.07520 0.78929 -0.60939
vn -0.06700 0.70347 -0.70756
vn -0.05760 0.60570 -0.79360
vn -0.04730 0.49773 -0.86604
vn -0.03620 0.38131 -0.92374
vn -0.02440 0.25850 -0.96570
vn -0.01230 0.13139 -0.99125
vn 0.00000 0.38439 0.92317
vn 0.00000 0.50148 0.86517
vn 0.00000 0.70811 0.70611
vn 0.00000 0.86649 0.49919
vn 0.00000 1.00000 0.00000
vn -0.00000 0.92417 -0.38199
vn -0.00000 0.79409 -0.60780
vn -0.00000 0.38439 -0.92317
vn -0.00000 0.26070 -0.96542
usemtl WF_White
f 1105//1105 14//14 36//36
f 1105//1105 36//36 37//37
f 10//10 9//9 29//29
f 10//10 29//29 30//30
f 5//5 1100//1100 22//22
f 5//5 22//22 23//23
f 1106//1106 1105//1105 37//37
f 1106//1106 37//37 38//38
f 1103//1103 10//10 30//30
f 1103//1103 30//30 31//31
f 1101//1101 5//5 23//23
f 1101//1101 23//23 24//24
f 15//15 1106//1106 38//38
f 15//15 38//38 39//39
f 2//2 1//1 17//17
f 11//11 1103//1103 31//31
f 11//11 31//31 32//32
f 6//6 1101//1101 24//24
f 6//6 24//24 25//25
f 16//16 15//15 39//39
f 3//3 2//2 17//17
f 3//3 17//17 18//18
f 1104//1104 11//11 32//32
f 1104//1104 32//32 33//33
f 7//7 6//6 25//25
f 7//7 25//25 26//26
f 1098//1098 3//3 18//18
f 1098//1098 18//18 19//19
f 12//12 1104//1104 33//33
f 12//12 33//33 34//34
f 8//8 7//7 26//26
f 8//8 26//26 27//27
f 1099//1099 1098//1098 19//19
f 1099//1099 19//19 20//20
f 13//13 12//12 34//34
f 13//13 34//34 35//35
f 1102//1102 8//8 27//27
f 1102//1102 27//27 28//28
f 4//4 1099//1099 20//20
f 4//4 20//20 21//21
f 14//14 13//13 35//35
f 14//14 35//35 36//36
f 9//9 1102//1102 28//28
f 9//9 28//28 29//29
f 1100//1100 4//4 21//21
f 1100//1100 21//21 22//22
f 28//28 27//27 50//50
f 28//28 50//50 51//51
f 21//21 20//20 43//43
f 21//21 43//43 44//44
f 36//36 35//35 58//58
f 36//36 58//58 59//59
f 29//29 28//28 51//51
f 29//29 51//51 52//52
f 22//22 21//21 44//44
f 22//22 44//44 45//45
f 37//37 36//36 59//59
f 37//37 59//59 60//60
f 30//30 29//29 52//52
f 30//30 52//52 53//53
f 23//23 22//22 45//45
f 23//23 45//45 46//46
f 38//38 37//37 60//60
f 38//38 60//60 61//61
f 31//31 30//30 53//53
f 31//31 53//53 54//54
f 24//24 23//23 46//46
f 24//24 46//46 47//47
f 39//39 38//38 61//61
f 39//39 61//61 62//62
f 17//17 1//1 40//40
f 32//32 31//31 54//54
f 32//32 54//54 55//55
f 25//25 24//24 47//47
f 25//25 47//47 48//48
f 16//16 39//39 62//62
f 18//18 17//17 40//40
f 18//18 40//40 41//41
f 33//33 32//32 55//55
f 33//33 55//55 56//56
f 26//26 25//25 48//48
f 26//26 48//48 49//49
f 19//19 18//18 41//41
f 19//19 41//41 42//42
f 34//34 33//33 56//56
f 34//34 56//56 57//57
f 27//27 26//26 49//49
f 27//27 49//49 50//50
f 20//20 19//19 42//42
f 20//20 42//42 43//43
f 35//35 34//34 57//57
f 35//35 57//57 58//58
f 61//61 60//60 83//83
f 61//61 83//83 84//84
f 54//54 53//53 76//76
f 54//54 76//76 77//77
f 47//47 46//46 69//69
f 47//47 69//69 70//70
f 62//62 61//61 84//84
f 62//62 84//84 85//85
f 40//40 1//1 63//63
f 55//55 54//54 77//77
f 55//55 77//77 78//78
f 48//48 47//47 70//70
f 48//48 70//70 71//71
f 16//16 62//62 85//85
f 41//41 40//40 63//63
f 41//41 63//63 64//64
f 56//56 55//55 78//78
f 56//56 78//78 79//79
f 49//49 48//48 71//71
f 49//49 71//71 72//72
f 42//42 41//41 64//64
f 42//42 64//64 65//65
f 57//57 56//56 79//79
f 57//57 79//79 80//80
f 50//50 49//49 72//72
f 50//50 72//72 73//73
f 43//43 42//42 65//65
f 43//43 65//65 66//66
f 58//58 57//57 80//80
f 58//58 80//80 81//81
f 51//51 50//50 73//73
f 51//51 73//73 74//74
f 44//44 43//43 66//66
f 44//44 66//66 67//67
f 59//59 58//58 81//81
f 59//59 81//81 82//82
f 52//52 51//51 74//74
f 52//52 74//74 75//75
f 45//45 44//44 67//67
f 45//45 67//67 68//68
f 60//60 59//59 82//82
f 60//60 82//82 83//83
f 53//53 52//52 75//75
f 53//53 75//75 76//76
f 46//46 45//45 68//68
f 46//46 68//68 69//69
f 72//72 71//71 94//94
f 72//72 94//94 95//95
f 65//65 64//64 87//87
f 65//65 87//87 88//88
f 80//80 79//79 102//102
f 80//80 102//102 103//103
f 73//73 72//72 95//95
f 73//73 95//95 96//96
f 66//66 65//65 88//88
f 66//66 88//88 89//89
f 81//81 80//80 103//103
f 81//81 103//103 104//104
f 74//74 73//73 96//96
f 74//74 96//96 97//97
f 67//67 66//66 89//89
f 67//67 89//89 90//90
f 82//82 81//81 104//104
f 82//82 104//104 105//105
f 75//75 74//74 97//97
f 75//75 97//97 98//98
f 68//68 67//67 90//90
f 68//68 90//90 91//91
f 83//83 82//82 105//105
f 83//83 105//105 106//106
f 76//76 75//75 98//98
f 76//76 98//98 99//99
f 69//69 68//68 91//91
f 69//69 91//91 92//92
f 84//84 83//83 106//106
f 84//84 106//106 107//107
f 77//77 76//76 99//99
f 77//77 99//99 100//100
f 70//70 69//69 92//92
f 70//70 92//92 93//93
f 85//85 84//84 107//107
f 85//85 107//107 108//108
f 63//63 1//1 86//86
f 78//78 77//77 100//100
f 78//78 100//100 101//101
f 71//71 70//70 93//93
f 71//71 93//93 94//94
f 16//16 85//85 108//108
f 64//64 63//63 86//86
f 64//64 86//86 87//87
f 79//79 78//78 101//101
f 79//79 101//101 102//102
f 98//98 97//97 120//120
f 98//98 120//120 121//121
f 91//91 90//90 113//113
f 91//91 113//113 114//114
f 106//106 105//105 128//128
f 106//106 128//128 129//129
f 99//99 98//98 121//121
f 99//99 121//121 122//122
f 92//92 91//91 114//114
f 92//92 114//114 115//115
f 107//107 106//106 129//129
f 107//107 129//129 130//130
f 100//100 99//99 122//122
f 100//100 122//122 123//123
f 93//93 92//92 115//115
f 93//93 115//115 116//116
f 108//108 107//107 130//130
f 108//108 130//130 131//131
f 86//86 1//1 109//109
f 101//101 100//100 123//123
f 101//101 123//123 124//124
f 94//94 93//93 116//116
f 94//94 116//116 117//117
f 16//16 108//108 131//131
f 87//87 86//86 109//109
f 87//87 109//109 110//110
f 102//102 101//101 124//124
f 102//102 124//124 125//125
f 95//95 94//94 117//117
f 95//95 117//117 118//118
f 88//88 87//87 110//110
f 88//88 110//110 111//111
f 103//103 102//102 125//125
f 103//103 125//125 126//126
f 96//96 95//95 118//118
f 96//96 118//118 119//119
f 89//89 88//88 111//111
f 89//89 111//111 112//112
f 104//104 103//103 126//126
f 104//104 126//126 127//127
f 97//97 96//96 119//119
f 97//97 119//119 120//120
f 90//90 89//89 112//112
f 90//90 112//112 113//113
f 105//105 104//104 127//127
f 105//105 127//127 128//128
f 131//131 130//130 153//153
f 131//131 153//153 154//154
f 109//109 1//1 132//132
f 124//124 123//123 146//146
f 124//124 146//146 147//147
f 117//117 116//116 139//139
f 117//117 139//139 140//140
f 16//16 131//131 154//154
f 110//110 109//109 132//132
f 110//110 132//132 133//133
f 125//125 124//124 147//147
f 125//125 147//147 148//148
f 118//118 117//117 140//140
f 118//118 140//140 141//141
f 111//111 110//110 133//133
f 111//111 133//133 134//134
f 126//126 125//125 148//148
f 126//126 148//148 149//149
f 119//119 118//118 141//141
f 119//119 141//141 142//142
f 112//112 111//111 134//134
f 112//112 134//134 135//135
f 127//127 126//126 149//149
f 127//127 149//149 150//150
f 120//120 119//119 142//142
f 120//120 142//142 143//143
f 113//113 112//112 135//135
f 113//113 135//135 136//136
f 128//128 127//127 150//150
f 128//128 150//150 151//151
f 121//121 120//120 143//143
f 121//121 143//143 144//144
f 114//114 113//113 136//136
f 114//114 136//136 137//137
f 129//129 128//128 151//151
f 129//129 151//151 152//152
f 122//122 121//121 144//144
f 122//122 144//144 145//145
f 115//115 114//114 137//137
f 115//115 137//137 138//138
f 130//130 129//129 152//152
f 130//130 152//152 153//153
f 123//123 122//122 145//145
f 123//123 145//145 146//146
f 116//116 115//115 138//138
f 116//116 138//138 139//139
f 142//142 141//141 164//164
f 142//142 164//164 165//165
f 135//135 134//134 157//157
f 135//135 157//157 158//158
f 150//150 149//149 172//172
f 150//150 172//172 173//173
f 143//143 142//142 165//165
f 143//143 165//165 166//166
f 136//136 135//135 158//158
f 136//136 158//158 159//159
f 151//151 150//150 173//173
f 151//151 173//173 174//174
f 144//144 143//143 166//166
f 144//144 166//166 167//167
f 137//137 136//136 159//159
f 137//137 159//159 160//160
f 152//152 151//151 174//174
f 152//152 174//174 175//175
f 145//145 144//144 167//167
f 145//145 167//167 168//168
f 138//138 137//137 160//160
f 138//138 160//160 161//161
f 153//153 152//152 175//175
f 153//153 175//175 176//176
f 146//146 145//145 168//168
f 146//146 168//168 169//169
f 139//139 138//138 161//161
f 139//139 161//161 162//162
f 154//154 153//153 176//176
f 154//154 176//176 177//177
f 132//132 1//1 155//155
f 147//147 146//146 169//169
f 147//147 169//169 170//170
f 140//140 139//139 162//162
f 140//140 162//162 163//163
f 16//16 154//154 177//177
f 133//133 132//132 155//155
f 133//133 155//155 156//156
f 148//148 147//147 170//170
f 148//148 170//170 171//171
f 141//141 140//140 163//163
f 141//141 163//163 164//164
f 134//134 133//133 156//156
f 134//134 156//156 157//157
f 149//149 148//148 171//171
f 149//149 171//171 172//172
f 168//168 167//167 190//190
f 168//168 190//190 191//191
f 161//161 160//160 183//183
f 161//161 183//183 184//184
f 176//176 175//175 198//198
f 176//176 198//198 199//199
f 169//169 168//168 191//191
f 169//169 191//191 192//192
f 162//162 161//161 184//184
f 162//162 184//184 185//185
f 177//177 176//176 199//199
f 177//177 199//199 200//200
f 155//155 1//1 178//178
f 170//170 169//169 192//192
f 170//170 192//192 193//193
f 163//163 162//162 185//185
f 163//163 185//185 186//186
f 16//16 177//177 200//200
f 156//156 155//155 178//178
f 156//156 178//178 179//179
f 171//171 170//170 193//193
f 171//171 193//193 194//194
f 164//164 163//163 186//186
f 164//164 186//186 187//187
f 157//157 156//156 179//179
f 157//157 179//179 180//180
f 172//172 171//171 194//194
f 172//172 194//194 195//195
f 165//165 164//164 187//187
f 165//165 187//187 188//188
f 158//158 157//157 180//180
f 158//158 180//180 181//181
f 173//173 172//172 195//195
f 173//173 195//195 196//196
f 166//166 165//165 188//188
f 166//166 188//188 189//189
f 159//159 158//158 181//181
f 159//159 181//181 182//182
f 174//174 173//173 196//196
f 174//174 196//196 197//197
f 167//167 166//166 189//189
f 167//167 189//189 190//190
f 160//160 159//159 182//182
f 160//160 182//182 183//183
f 175//175 174//174 197//197
f 175//175 197//197 198//198
f 16//16 200//200 223//223
f 179//179 178//178 201//201
f 179//179 201//201 202//202
f 194//194 193//193 216//216
f 194//194 216//216 217//217
f 187//187 186//186 209//209
f 187//187 209//209 210//210
f 180//180 179//179 202//202
f 180//180 202//202 203//203
f 195//195 194//194 217//217
f 195//195 217//217 218//218
f 188//188 187//187 210//210
f 188//188 210//210 211//211
f 181//181 180//180 203//203
f 181//181 203//203 204//204
f 196//196 195//195 218//218
f 196//196 218//218 219//219
f 189//189 188//188 211//211
f 189//189 211//211 212//212
f 182//182 181//181 204//204
f 182//182 204//204 205//205
f 197//197 196//196 219//219
f 197//197 219//219 220//220
f 190//190 189//189 212//212
f 190//190 212//212 213//213
f 183//183 182//182 205//205
f 183//183 205//205 206//206
f 198//198 197//197 220//220
f 198//198 220//220 221//221
f 191//191 190//190 213//213
f 191//191 213//213 214//214
f 184//184 183//183 206//206
f 184//184 206//206 207//207
f 199//199 198//198 221//221
f 199//199 221//221 222//222
f 192//192 191//191 214//214
f 192//192 214//214 215//215
f 185//185 184//184 207//207
f 185//185 207//207 208//208
f 200//200 199//199 222//222
f 200//200 222//222 223//223
f 178//178 1//1 201//201
f 193//193 192//192 215//215
f 193//193 215//215 216//216
f 186//186 185//185 208//208
f 186//186 208//208 209//209
f 212//212 211//211 234//234
f 212//212 234//234 235//235
f 205//205 204//204 227//227
f 205//205 227//227 228//228
f 220//220 219//219 242//242
f 220//220 242//242 243//243
f 213//213 212//212 235//235
f 213//213 235//235 236//236
f 206//206 205//205 228//228
f 206//206 228//228 229//229
f 221//221 220//220 243//243
f 221//221 243//243 244//244
f 214//214 213//213 236//236
f 214//214 236//236 237//237
f 207//207 206//206 229//229
f 207//207 229//229 230//230
f 222//222 221//221 244//244
f 222//222 244//244 245//245
f 215//215 214//214 237//237
f 215//215 237//237 238//238
f 208//208 207//207 230//230
f 208//208 230//230 231//231
f 223//223 222//222 245//245
f 223//223 245//245 246//246
f 201//201 1//1 224//224
f 216//216 215//215 238//238
f 216//216 238//238 239//239
f 209//209 208//208 231//231
f 209//209 231//231 232//232
f 16//16 223//223 246//246
f 202//202 201//201 224//224
f 202//202 224//224 225//225
f 217//217 216//216 239//239
f 217//217 239//239 240//240
f 210//210 209//209 232//232
f 210//210 232//232 233//233
f 203//203 202//202 225//225
f 203//203 225//225 226//226
f 218//218 217//217 240//240
f 218//218 240//240 241//241
f 211//211 210//210 233//233
f 211//211 233//233 234//234
f 204//204 203//203 226//226
f 204//204 226//226 227//227
f 219//219 218//218 241//241
f 219//219 241//241 242//242
f 238//238 237//237 260//260
f 238//238 260//260 261//261
f 231//231 230//230 253//253
f 231//231 253//253 254//254
f 246//246 245//245 268//268
f 246//246 268//268 269//269
f 224//224 1//1 247//247
f 239//239 238//238 261//261
f 239//239 261//261 262//262
f 232//232 231//231 254//254
f 232//232 254//254 255//255
f 16//16 246//246 269//269
f 225//225 224//224 247//247
f 225//225 247//247 248//248
f 240//240 239//239 262//262
f 240//240 262//262 263//263
f 233//233 232//232 255//255
f 233//233 255//255 256//256
f 226//226 225//225 248//248
f 226//226 248//248 249//249
f 241//241 240//240 263//263
f 241//241 263//263 264//264
f 234//234 233//233 256//256
f 234//234 256//256 257//257
f 227//227 226//226 249//249
f 227//227 249//249 250//250
f 242//242 241//241 264//264
f 242//242 264//264 265//265
f 235//235 234//234 257//257
f 235//235 257//257 258//258
f 228//228 227//227 250//250
f 228//228 250//250 251//251
f 243//243 242//242 265//265
f 243//243 265//265 266//266
f 236//236 235//235 258//258
f 236//236 258//258 259//259
f 229//229 228//228 251//251
f 229//229 251//251 252//252
f 244//244 243//243 266//266
f 244//244 266//266 267//267
f 237//237 236//236 259//259
f 237//237 259//259 260//260
f 230//230 229//229 252//252
f 230//230 252//252 253//253
f 245//245 244//244 267//267
f 245//245 267//267 268//268
f 249//249 248//248 271//271
f 249//249 271//271 272//272
f 264//264 263//263 286//286
f 264//264 286//286 287//287
f 257//257 256//256 279//279
f 257//257 279//279 280//280
f 250//250 249//249 272//272
f 250//250 272//272 273//273
f 265//265 264//264 287//287
f 265//265 287//287 288//288
f 258//258 257//257 280//280
f 258//258 280//280 281//281
f 251//251 250//250 273//273
f 251//251 273//273 274//274
f 266//266 265//265 288//288
f 266//266 288//288 289//289
f 259//259 258//258 281//281
f 259//259 281//281 282//282
f 252//252 251//251 274//274
f 252//252 274//274 275//275
f 267//267 266//266 289//289
f 267//267 289//289 290//290
f 260//260 259//259 282//282
f 260//260 282//282 283//283
f 253//253 252//252 275//275
f 253//253 275//275 276//276
f 268//268 267//267 290//290
f 268//268 290//290 291//291
f 261//261 260//260 283//283
f 261//261 283//283 284//284
f 254//254 253//253 276//276
f 254//254 276//276 277//277
f 269//269 268//268 291//291
f 269//269 291//291 292//292
f 247//247 1//1 270//270
f 262//262 261//261 284//284
f 262//262 284//284 285//285
f 255//255 254//254 277//277
f 255//255 277//277 278//278
f 16//16 269//269 292//292
f 248//248 247//247 270//270
f 248//248 270//270 271//271
f 263//263 262//262 285//285
f 263//263 285//285 286//286
f 256//256 255//255 278//278
f 256//256 278//278 279//279
f 282//282 281//281 304//304
f 282//282 304//304 305//305
f 275//275 274//274 297//297
f 275//275 297//297 298//298
f 290//290 289//289 312//312
f 290//290 312//312 313//313
f 283//283 282//282 305//305
f 283//283 305//305 306//306
f 276//276 275//275 298//298
f 276//276 298//298 299//299
f 291//291 290//290 313//313
f 291//291 313//313 314//314
f 284//284 283//283 306//306
f 284//284 306//306 307//307
f 277//277 276//276 299//299
f 277//277 299//299 300//300
f 292//292 291//291 314//314
f 292//292 314//314 315//315
f 270//270 1//1 293//293
f 285//285 284//284 307//307
f 285//285 307//307 308//308
f 278//278 277//277 300//300
f 278//278 300//300 301//301
f 16//16 292//292 315//315
f 271//271 270//270 293//293
f 271//271 293//293 294//294
f 286//286 285//285 308//308
f 286//286 308//308 309//309
f 279//279 278//278 301//301
f 279//279 301//301 302//302
f 272//272 271//271 294//294
f 272//272 294//294 295//295
f 287//287 286//286 309//309
f 287//287 309//309 310//310
f 280//280 279//279 302//302
f 280//280 302//302 303//303
f 273//273 272//272 295//295
f 273//273 295//295 296//296
f 288//288 287//287 310//310
f 288//288 310//310 311//311
f 281//281 280//280 303//303
f 281//281 303//303 304//304
f 274//274 273//273 296//296
f 274//274 296//296 297//297
f 289//289 288//288 311//311
f 289//289 311//311 312//312
f 293//293 1//1 316//316
f 308//308 307//307 330//330
f 308//308 330//330 331//331
f 301//301 300//300 323//323
f 301//301 323//323 324//324
f 16//16 315//315 338//338
f 294//294 293//293 316//316
f 294//294 316//316 317//317
f 309//309 308//308 331//331
f 309//309 331//331 332//332
f 302//302 301//301 324//324
f 302//302 324//324 325//325
f 295//295 294//294 317//317
f 295//295 317//317 318//318
f 310//310 309//309 332//332
f 310//310 332//332 333//333
f 303//303 302//302 325//325
f 303//303 325//325 326//326
f 296//296 295//295 318//318
f 296//296 318//318 319//319
f 311//311 310//310 333//333
f 311//311 333//333 334//334
f 304//304 303//303 326//326
f 304//304 326//326 327//327
f 297//297 296//296 319//319
f 297//297 319//319 320//320
f 312//312 311//311 334//334
f 312//312 334//334 335//335
f 305//305 304//304 327//327
f 305//305 327//327 328//328
f 298//298 297//297 320//320
f 298//298 320//320 321//321
f 313//313 312//312 335//335
f 313//313 335//335 336//336
f 306//306 305//305 328//328
f 306//306 328//328 329//329
f 299//299 298//298 321//321
f 299//299 321//321 322//322
f 314//314 313//313 336//336
f 314//314 336//336 337//337
f 307//307 306//306 329//329
f 307//307 329//329 330//330
f 300//300 299//299 322//322
f 300//300 322//322 323//323
f 315//315 314//314 337//337
f 315//315 337//337 338//338
f 319//319 318//318 341//341
f 319//319 341//341 342//342
f 334//334 333//333 356//356
f 334//334 356//356 357//357
f 327//327 326//326 349//349
f 327//327 349//349 350//350
f 320//320 319//319 342//342
f 320//320 342//342 343//343
f 335//335 334//334 357//357
f 335//335 357//357 358//358
f 328//328 327//327 350//350
f 328//328 350//350 351//351
f 321//321 320//320 343//343
f 321//321 343//343 344//344
f 336//336 335//335 358//358
f 336//336 358//358 359//359
f 329//329 328//328 351//351
f 329//329 351//351 352//352
f 322//322 321//321 344//344
f 322//322 344//344 345//345
f 337//337 336//336 359//359
f 337//337 359//359 360//360
f 330//330 329//329 352//352
f 330//330 352//352 353//353
f 323//323 322//322 345//345
f 323//323 345//345 346//346
f 338//338 337//337 360//360
f 338//338 360//360 361//361
f 316//316 1//1 339//339
f 331//331 330//330 353//353
f 331//331 353//353 354//354
f 324//324 323//323 346//346
f 324//324 346//346 347//347
f 16//16 338//338 361//361
f 317//317 316//316 339//339
f 317//317 339//339 340//340
f 332//332 331//331 354//354
f 332//332 354//354 355//355
f 325//325 324//324 347//347
f 325//325 347//347 348//348
f 318//318 317//317 340//340
f 318//318 340//340 341//341
f 333//333 332//332 355//355
f 333//333 355//355 356//356
f 326//326 325//325 348//348
f 326//326 348//348 349//349
f 352//352 351//351 374//374
f 352//352 374//374 375//375
f 345//345 344//344 367//367
f 345//345 367//367 368//368
f 360//360 359//359 382//382
f 360//360 382//382 383//383
f 353//353 352//352 375//375
f 353//353 375//375 376//376
f 346//346 345//345 368//368
f 346//346 368//368 369//369
f 361//361 360//360 383//383
f 361//361 383//383 384//384
f 339//339 1//1 362//362
f 354//354 353//353 376//376
f 354//354 376//376 377//377
f 347//347 346//346 369//369
f 347//347 369//369 370//370
f 16//16 361//361 384//384
f 340//340 339//339 362//362
f 340//340 362//362 363//363
f 355//355 354//354 377//377
f 355//355 377//377 378//378
f 348//348 347//347 370//370
f 348//348 370//370 371//371
f 341//341 340//340 363//363
f 341//341 363//363 364//364
f 356//356 355//355 378//378
f 356//356 378//378 379//379
f 349//349 348//348 371//371
f 349//349 371//371 372//372
f 342//342 341//341 364//364
f 342//342 364//364 365//365
f 357//357 356//356 379//379
f 357//357 379//379 380//380
f 350//350 349//349 372//372
f 350//350 372//372 373//373
f 343//343 342//342 365//365
f 343//343 365//365 366//366
f 358//358 357//357 380//380
f 358//358 380//380 381//381
f 351//351 350//350 373//373
f 351//351 373//373 374//374
f 344//344 343//343 366//366
f 344//344 366//366 367//367
f 359//359 358//358 381//381
f 359//359 381//381 382//382
f 363//363 362//362 385//385
f 363//363 385//385 386//386
f 378//378 377//377 400//400
f 378//378 400//400 401//401
f 371//371 370//370 393//393
f 371//371 393//393 394//394
f 364//364 363//363 386//386
f 364//364 386//386 387//387
f 379//379 378//378 401//401
f 379//379 401//401 402//402
f 372//372 371//371 394//394
f 372//372 394//394 395//395
f 365//365 364//364 387//387
f 365//365 387//387 388//388
f 380//380 379//379 402//402
f 380//380 402//402 403//403
f 373//373 372//372 395//395
f 373//373 395//395 396//396
f 366//366 365//365 388//388
f 366//366 388//388 389//389
f 381//381 380//380 403//403
f 381//381 403//403 404//404
f 374//374 373//373 396//396
f 374//374 396//396 397//397
f 367//367 366//366 389//389
f 367//367 389//389 390//390
f 382//382 381//381 404//404
f 382//382 404//404 405//405
f 375//375 374//374 397//397
f 375//375 397//397 398//398
f 368//368 367//367 390//390
f 368//368 390//390 391//391
f 383//383 382//382 405//405
f 383//383 405//405 406//406
f 376//376 375//375 398//398
f 376//376 398//398 399//399
f 369//369 368//368 391//391
f 369//369 391//391 392//392
f 384//384 383//383 406//406
f 384//384 406//406 407//407
f 362//362 1//1 385//385
f 377//377 376//376 399//399
f 377//377 399//399 400//400
f 370//370 369//369 392//392
f 370//370 392//392 393//393
f 16//16 384//384 407//407
f 389//389 388//388 411//411
f 389//389 411//411 412//412
f 404//404 403//403 426//426
f 404//404 426//426 427//427
f 397//397 396//396 419//419
f 397//397 419//419 420//420
f 390//390 389//389 412//412
f 390//390 412//412 413//413
f 405//405 404//404 427//427
f 405//405 427//427 428//428
f 398//398 397//397 420//420
f 398//398 420//420 421//421
f 391//391 390//390 413//413
f 391//391 413//413 414//414
f 406//406 405//405 428//428
f 406//406 428//428 429//429
f 399//399 398//398 421//421
f 399//399 421//421 422//422
f 392//392 391//391 414//414
f 392//392 414//414 415//415
f 407//407 406//406 429//429
f 407//407 429//429 430//430
f 385//385 1//1 408//408
f 400//400 399//399 422//422
f 400//400 422//422 423//423
f 393//393 392//392 415//415
f 393//393 415//415 416//416
f 16//16 407//407 430//430
f 386//386 385//385 408//408
f 386//386 408//408 409//409
f 401//401 400//400 423//423
f 401//401 423//423 424//424
f 394//394 393//393 416//416
f 394//394 416//416 417//417
f 387//387 386//386 409//409
f 387//387 409//409 410//410
f 402//402 401//401 424//424
f 402//402 424//424 425//425
f 395//395 394//394 417//417
f 395//395 417//417 418//418
f 388//388 387//387 410//410
f 388//388 410//410 411//411
f 403//403 402//402 425//425
f 403//403 425//425 426//426
f 396//396 395//395 418//418
f 396//396 418//418 419//419
f 422//422 421//421 444//444
f 422//422 444//444 445//445
f 415//415 414//414 437//437
f 415//415 437//437 438//438
f 430//430 429//429 452//452
f 430//430 452//452 453//453
f 408//408 1//1 431//431
f 423//423 422//422 445//445
f 423//423 445//445 446//446
f 416//416 415//415 438//438
f 416//416 438//438 439//439
f 16//16 430//430 453//453
f 409//409 408//408 431//431
f 409//409 431//431 432//432
f 424//424 423//423 446//446
f 424//424 446//446 447//447
f 417//417 416//416 439//439
f 417//417 439//439 440//440
f 410//410 409//409 432//432
f 410//410 432//432 433//433
f 425//425 424//424 447//447
f 425//425 447//447 448//448
f 418//418 417//417 440//440
f 418//418 440//440 441//441
f 411//411 410//410 433//433
f 411//411 433//433 434//434
f 426//426 425//425 448//448
f 426//426 448//448 449//449
f 419//419 418//418 441//441
f 419//419 441//441 442//442
f 412//412 411//411 434//434
f 412//412 434//434 435//435
f 427//427 426//426 449//449
f 427//427 449//449 450//450
f 420//420 419//419 442//442
f 420//420 442//442 443//443
f 413//413 412//412 435//435
f 413//413 435//435 436//436
f 428//428 427//427 450//450
f 428//428 450//450 451//451
f 421//421 420//420 443//443
f 421//421 443//443 444//444
f 414//414 413//413 436//436
f 414//414 436//436 437//437
f 429//429 428//428 451//451
f 429//429 451//451 452//452
f 433//433 432//432 455//455
f 433//433 455//455 456//456
f 448//448 447//447 470//470
f 448//448 470//470 471//471
f 441//441 440//440 463//463
f 441//441 463//463 464//464
f 434//434 433//433 456//456
f 434//434 456//456 457//457
f 449//449 448//448 471//471
f 449//449 471//471 472//472
f 442//442 441//441 464//464
f 442//442 464//464 465//465
f 435//435 434//434 457//457
f 435//435 457//457 458//458
f 450//450 449//449 472//472
f 450//450 472//472 473//473
f 443//443 442//442 465//465
f 443//443 465//465 466//466
f 436//436 435//435 458//458
f 436//436 458//458 459//459
f 451//451 450//450 473//473
f 451//451 473//473 474//474
f 444//444 443//443 466//466
f 444//444 466//466 467//467
f 437//437 436//436 459//459
f 437//437 459//459 460//460
f 452//452 451//451 474//474
f 452//452 474//474 475//475
f 445//445 444//444 467//467
f 445//445 467//467 468//468
f 438//438 437//437 460//460
f 438//438 460//460 461//461
f 453//453 452//452 475//475
f 453//453 475//475 476//476
f 431//431 1//1 454//454
f 446//446 445//445 468//468
f 446//446 468//468 469//469
f 439//439 438//438 461//461
f 439//439 461//461 462//462
f 16//16 453//453 476//476
f 432//432 431//431 454//454
f 432//432 454//454 455//455
f 447//447 446//446 469//469
f 447//447 469//469 470//470
f 440//440 439//439 462//462
f 440//440 462//462 463//463
f 459//459 458//458 481//481
f 459//459 481//481 482//482
f 474//474 473//473 496//496
f 474//474 496//496 497//497
f 467//467 466//466 489//489
f 467//467 489//489 490//490
f 460//460 459//459 482//482
f 460//460 482//482 483//483
f 475//475 474//474 497//497
f 475//475 497//497 498//498
f 468//468 467//467 490//490
f 468//468 490//490 491//491
f 461//461 460//460 483//483
f 461//461 483//483 484//484
f 476//476 475//475 498//498
f 476//476 498//498 499//499
f 454//454 1//1 477//477
f 469//469 468//468 491//491
f 469//469 491//491 492//492
f 462//462 461//461 484//484
f 462//462 484//484 485//485
f 16//16 476//476 499//499
f 455//455 454//454 477//477
f 455//455 477//477 478//478
f 470//470 469//469 492//492
f 470//470 492//492 493//493
f 463//463 462//462 485//485
f 463//463 485//485 486//486
f 456//456 455//455 478//478
f 456//456 478//478 479//479
f 471//471 470//470 493//493
f 471//471 493//493 494//494
f 464//464 463//463 486//486
f 464//464 486//486 487//487
f 457//457 456//456 479//479
f 457//457 479//479 480//480
f 472//472 471//471 494//494
f 472//472 494//494 495//495
f 465//465 464//464 487//487
f 465//465 487//487 488//488
f 458//458 457//457 480//480
f 458//458 480//480 481//481
f 473//473 472//472 495//495
f 473//473 495//495 496//496
f 466//466 465//465 488//488
f 466//466 488//488 489//489
f 492//492 491//491 514//514
f 492//492 514//514 515//515
f 485//485 484//484 507//507
f 485//485 507//507 508//508
f 16//16 499//499 522//522
f 478//478 477//477 500//500
f 478//478 500//500 501//501
f 493//493 492//492 515//515
f 493//493 515//515 516//516
f 486//486 485//485 508//508
f 486//486 508//508 509//509
f 479//479 478//478 501//501
f 479//479 501//501 502//502
f 494//494 493//493 516//516
f 494//494 516//516 517//517
f 487//487 486//486 509//509
f 487//487 509//509 510//510
f 480//480 479//479 502//502
f 480//480 502//502 503//503
f 495//495 494//494 517//517
f 495//495 517//517 518//518
f 488//488 487//487 510//510
f 488//488 510//510 511//511
f 481//481 480//480 503//503
f 481//481 503//503 504//504
f 496//496 495//495 518//518
f 496//496 518//518 519//519
f 489//489 488//488 511//511
f 489//489 511//511 512//512
f 482//482 481//481 504//504
f 482//482 504//504 505//505
f 497//497 496//496 519//519
f 497//497 519//519 520//520
f 490//490 489//489 512//512
f 490//490 512//512 513//513
f 483//483 482//482 505//505
f 483//483 505//505 506//506
f 498//498 497//497 520//520
f 498//498 520//520 521//521
f 491//491 490//490 513//513
f 491//491 513//513 514//514
f 484//484 483//483 506//506
f 484//484 506//506 507//507
f 499//499 498//498 521//521
f 499//499 521//521 522//522
f 477//477 1//1 500//500
f 503//503 502//502 525//525
f 503//503 525//525 526//526
f 518//518 517//517 540//540
f 518//518 540//540 541//541
f 511//511 510//510 533//533
f 511//511 533//533 534//534
f 504//504 503//503 526//526
f 504//504 526//526 527//527
f 519//519 518//518 541//541
f 519//519 541//541 542//542
f 512//512 511//511 534//534
f 512//512 534//534 535//535
f 505//505 504//504 527//527
f 505//505 527//527 528//528
f 520//520 519//519 542//542
f 520//520 542//542 543//543
f 513//513 512//512 535//535
f 513//513 535//535 536//536
f 506//506 505//505 528//528
f 506//506 528//528 529//529
f 521//521 520//520 543//543
f 521//521 543//543 544//544
f 514//514 513//513 536//536
f 514//514 536//536 537//537
f 507//507 506//506 529//529
f 507//507 529//529 530//530
f 522//522 521//521 544//544
f 522//522 544//544 545//545
f 500//500 1//1 523//523
f 515//515 514//514 537//537
f 515//515 537//537 538//538
f 508//508 507//507 530//530
f 508//508 530//530 531//531
f 16//16 522//522 545//545
f 501//501 500//500 523//523
f 501//501 523//523 524//524
f 516//516 515//515 538//538
f 516//516 538//538 539//539
f 509//509 508//508 531//531
f 509//509 531//531 532//532
f 502//502 501//501 524//524
f 502//502 524//524 525//525
f 517//517 516//516 539//539
f 517//517 539//539 540//540
f 510//510 509//509 532//532
f 510//510 532//532 533//533
f 529//529 528//528 551//551
f 529//529 551//551 552//552
f 544//544 543//543 566//566
f 544//544 566//566 567//567
f 537//537 536//536 559//559
f 537//537 559//559 560//560
f 530//530 529//529 552//552
f 530//530 552//552 553//553
f 545//545 544//544 567//567
f 545//545 567//567 568//568
f 523//523 1//1 546//546
f 538//538 537//537 560//560
f 538//538 560//560 561//561
f 531//531 530//530 553//553
f 531//531 553//553 554//554
f 16//16 545//545 568//568
f 524//524 523//523 546//546
f 524//524 546//546 547//547
f 539//539 538//538 561//561
f 539//539 561//561 562//562
f 532//532 531//531 554//554
f 532//532 554//554 555//555
f 525//525 524//524 547//547
f 525//525 547//547 548//548
f 540//540 539//539 562//562
f 540//540 562//562 563//563
f 533//533 532//532 555//555
f 533//533 555//555 556//556
f 526//526 525//525 548//548
f 526//526 548//548 549//549
f 541//541 540//540 563//563
f 541//541 563//563 564//564
f 534//534 533//533 556//556
f 534//534 556//556 557//557
f 527//527 526//526 549//549
f 527//527 549//549 550//550
f 542//542 541//541 564//564
f 542//542 564//564 565//565
f 535//535 534//534 557//557
f 535//535 557//557 558//558
f 528//528 527//527 550//550
f 528//528 550//550 551//551
f 543//543 542//542 565//565
f 543//543 565//565 566//566
f 536//536 535//535 558//558
f 536//536 558//558 559//559
f 562//562 561//561 584//584
f 562//562 584//584 585//585
f 555//555 554//554 577//577
f 555//555 577//577 578//578
f 548//548 547//547 570//570
f 548//548 570//570 571//571
f 563//563 562//562 585//585
f 563//563 585//585 586//586
f 556//556 555//555 578//578
f 556//556 578//578 579//579
f 549//549 548//548 571//571
f 549//549 571//571 572//572
f 564//564 563//563 586//586
f 564//564 586//586 587//587
f 557//557 556//556 579//579
f 557//557 579//579 580//580
f 550//550 549//549 572//572
f 550//550 572//572 573//573
f 565//565 564//564 587//587
f 565//565 587//587 588//588
f 558//558 557//557 580//580
f 558//558 580//580 581//581
f 551//551 550//550 573//573
f 551//551 573//573 574//574
f 566//566 565//565 588//588
f 566//566 588//588 589//589
f 559//559 558//558 581//581
f 559//559 581//581 582//582
f 552//552 551//551 574//574
f 552//552 574//574 575//575
f 567//567 566//566 589//589
f 567//567 589//589 590//590
f 560//560 559//559 582//582
f 560//560 582//582 583//583
f 553//553 552//552 575//575
f 553//553 575//575 576//576
f 568//568 567//567 590//590
f 568//568 590//590 591//591
f 546//546 1//1 569//569
f 561//561 560//560 583//583
f 561//561 583//583 584//584
f 554//554 553//553 576//576
f 554//554 576//576 577//577
f 16//16 568//568 591//591
f 547//547 546//546 569//569
f 547//547 569//569 570//570
f 573//573 572//572 595//595
f 573//573 595//595 596//596
f 588//588 587//587 610//610
f 588//588 610//610 611//611
f 581//581 580//580 603//603
f 581//581 603//603 604//604
f 574//574 573//573 596//596
f 574//574 596//596 597//597
f 589//589 588//588 611//611
f 589//589 611//611 612//612
f 582//582 581//581 604//604
f 582//582 604//604 605//605
f 575//575 574//574 597//597
f 575//575 597//597 598//598
f 590//590 589//589 612//612
f 590//590 612//612 613//613
f 583//583 582//582 605//605
f 583//583 605//605 606//606
f 576//576 575//575 598//598
f 576//576 598//598 599//599
f 591//591 590//590 613//613
f 591//591 613//613 614//614
f 569//569 1//1 592//592
f 584//584 583//583 606//606
f 584//584 606//606 607//607
f 577//577 576//576 599//599
f 577//577 599//599 600//600
f 16//16 591//591 614//614
f 570//570 569//569 592//592
f 570//570 592//592 593//593
f 585//585 584//584 607//607
f 585//585 607//607 608//608
f 578//578 577//577 600//600
f 578//578 600//600 601//601
f 571//571 570//570 593//593
f 571//571 593//593 594//594
f 586//586 585//585 608//608
f 586//586 608//608 609//609
f 579//579 578//578 601//601
f 579//579 601//601 602//602
f 572//572 571//571 594//594
f 572//572 594//594 595//595
f 587//587 586//586 609//609
f 587//587 609//609 610//610
f 580//580 579//579 602//602
f 580//580 602//602 603//603
f 599//599 598//598 621//621
f 599//599 621//621 622//622
f 614//614 613//613 636//636
f 614//614 636//636 637//637
f 592//592 1//1 615//615
f 607//607 606//606 629//629
f 607//607 629//629 630//630
f 600//600 599//599 622//622
f 600//600 622//622 623//623
f 16//16 614//614 637//637
f 593//593 592//592 615//615
f 593//593 615//615 616//616
f 608//608 607//607 630//630
f 608//608 630//630 631//631
f 601//601 600//600 623//623
f 601//601 623//623 624//624
f 594//594 593//593 616//616
f 594//594 616//616 617//617
f 609//609 608//608 631//631
f 609//609 631//631 632//632
f 602//602 601//601 624//624
f 602//602 624//624 625//625
f 595//595 594//594 617//617
f 595//595 617//617 618//618
f 610//610 609//609 632//632
f 610//610 632//632 633//633
f 603//603 602//602 625//625
f 603//603 625//625 626//626
f 596//596 595//595 618//618
f 596//596 618//618 619//619
f 611//611 610//610 633//633
f 611//611 633//633 634//634
f 604//604 603//603 626//626
f 604//604 626//626 627//627
f 597//597 596//596 619//619
f 597//597 619//619 620//620
f 612//612 611//611 634//634
f 612//612 634//634 635//635
f 605//605 604//604 627//627
f 605//605 627//627 628//628
f 598//598 597//597 620//620
f 598//598 620//620 621//621
f 613//613 612//612 635//635
f 613//613 635//635 636//636
f 606//606 605//605 628//628
f 606//606 628//628 629//629
f 632//632 631//631 654//654
f 632//632 654//654 655//655
f 625//625 624//624 647//647
f 625//625 647//647 648//648
f 618//618 617//617 640//640
f 618//618 640//640 641//641
f 633//633 632//632 655//655
f 633//633 655//655 656//656
f 626//626 625//625 648//648
f 626//626 648//648 649//649
f 619//619 618//618 641//641
f 619//619 641//641 642//642
f 634//634 633//633 656//656
f 634//634 656//656 657//657
f 627//627 626//626 649//649
f 627//627 649//649 650//650
f 620//620 619//619 642//642
f 620//620 642//642 643//643
f 635//635 634//634 657//657
f 635//635 657//657 658//658
f 628//628 627//627 650//650
f 628//628 650//650 651//651
f 621//621 620//620 643//643
f 621//621 643//643 644//644
f 636//636 635//635 658//658
f 636//636 658//658 659//659
f 629//629 628//628 651//651
f 629//629 651//651 652//652
f 622//622 621//621 644//644
f 622//622 644//644 645//645
f 637//637 636//636 659//659
f 637//637 659//659 660//660
f 615//615 1//1 638//638
f 630//630 629//629 652//652
f 630//630 652//652 653//653
f 623//623 622//622 645//645
f 623//623 645//645 646//646
f 16//16 637//637 660//660
f 616//616 615//615 638//638
f 616//616 638//638 639//639
f 631//631 630//630 653//653
f 631//631 653//653 654//654
f 624//624 623//623 646//646
f 624//624 646//646 647//647
f 617//617 616//616 639//639
f 617//617 639//639 640//640
f 643//643 642//642 665//665
f 643//643 665//665 666//666
f 658//658 657//657 680//680
f 658//658 680//680 681//681
f 651//651 650//650 673//673
f 651//651 673//673 674//674
f 644//644 643//643 666//666
f 644//644 666//666 667//667
f 659//659 658//658 681//681
f 659//659 681//681 682//682
f 652//652 651//651 674//674
f 652//652 674//674 675//675
f 645//645 644//644 667//667
f 645//645 667//667 668//668
f 660//660 659//659 682//682
f 660//660 682//682 683//683
f 638//638 1//1 661//661
f 653//653 652//652 675//675
f 653//653 675//675 676//676
f 646//646 645//645 668//668
f 646//646 668//668 669//669
f 16//16 660//660 683//683
f 639//639 638//638 661//661
f 639//639 661//661 662//662
f 654//654 653//653 676//676
f 654//654 676//676 677//677
f 647//647 646//646 669//669
f 647//647 669//669 670//670
f 640//640 639//639 662//662
f 640//640 662//662 663//663
f 655//655 654//654 677//677
f 655//655 677//677 678//678
f 648//648 647//647 670//670
f 648//648 670//670 671//671
f 641//641 640//640 663//663
f 641//641 663//663 664//664
f 656//656 655//655 678//678
f 656//656 678//678 679//679
f 649//649 648//648 671//671
f 649//649 671//671 672//672
f 642//642 641//641 664//664
f 642//642 664//664 665//665
f 657//657 656//656 679//679
f 657//657 679//679 680//680
f 650//650 649//649 672//672
f 650//650 672//672 673//673
f 669//669 668//668 691//691
f 669//669 691//691 692//692
f 16//16 683//683 706//706
f 662//662 661//661 684//684
f 662//662 684//684 685//685
f 677//677 676//676 699//699
f 677//677 699//699 700//700
f 670//670 669//669 692//692
f 670//670 692//692 693//693
f 663//663 662//662 685//685
f 663//663 685//685 686//686
f 678//678 677//677 700//700
f 678//678 700//700 701//701
f 671//671 670//670 693//693
f 671//671 693//693 694//694
f 664//664 663//663 686//686
f 664//664 686//686 687//687
f 679//679 678//678 701//701
f 679//679 701//701 702//702
f 672//672 671//671 694//694
f 672//672 694//694 695//695
f 665//665 664//664 687//687
f 665//665 687//687 688//688
f 680//680 679//679 702//702
f 680//680 702//702 703//703
f 673//673 672//672 695//695
f 673//673 695//695 696//696
f 666//666 665//665 688//688
f 666//666 688//688 689//689
f 681//681 680//680 703//703
f 681//681 703//703 704//704
f 674//674 673//673 696//696
f 674//674 696//696 697//697
f 667//667 666//666 689//689
f 667//667 689//689 690//690
f 682//682 681//681 704//704
f 682//682 704//704 705//705
f 675//675 674//674 697//697
f 675//675 697//697 698//698
f 668//668 667//667 690//690
f 668//668 690//690 691//691
f 683//683 682//682 705//705
f 683//683 705//705 706//706
f 661//661 1//1 684//684
f 676//676 675//675 698//698
f 676//676 698//698 699//699
f 702//702 701//701 724//724
f 702//702 724//724 725//725
f 695//695 694//694 717//717
f 695//695 717//717 718//718
f 688//688 687//687 710//710
f 688//688 710//710 711//711
f 703//703 702//702 725//725
f 703//703 725//725 726//726
f 696//696 695//695 718//718
f 696//696 718//718 719//719
f 689//689 688//688 711//711
f 689//689 711//711 712//712
f 704//704 703//703 726//726
f 704//704 726//726 727//727
f 697//697 696//696 719//719
f 697//697 719//719 720//720
f 690//690 689//689 712//712
f 690//690 712//712 713//713
f 705//705 704//704 727//727
f 705//705 727//727 728//728
f 698//698 697//697 720//720
f 698//698 720//720 721//721
f 691//691 690//690 713//713
f 691//691 713//713 714//714
f 706//706 705//705 728//728
f 706//706 728//728 729//729
f 684//684 1//1 707//707
f 699//699 698//698 721//721
f 699//699 721//721 722//722
f 692//692 691//691 714//714
f 692//692 714//714 715//715
f 16//16 706//706 729//729
f 685//685 684//684 707//707
f 685//685 707//707 708//708
f 700//700 699//699 722//722
f 700//700 722//722 723//723
f 693//693 692//692 715//715
f 693//693 715//715 716//716
f 686//686 685//685 708//708
f 686//686 708//708 709//709
f 701//701 700//700 723//723
f 701//701 723//723 724//724
f 694//694 693//693 716//716
f 694//694 716//716 717//717
f 687//687 686//686 709//709
f 687//687 709//709 710//710
f 713//713 712//712 735//735
f 713//713 735//735 736//736
f 728//728 727//727 750//750
f 728//728 750//750 751//751
f 721//721 720//720 743//743
f 721//721 743//743 744//744
f 714//714 713//713 736//736
f 714//714 736//736 737//737
f 729//729 728//728 751//751
f 729//729 751//751 752//752
f 707//707 1//1 730//730
f 722//722 721//721 744//744
f 722//722 744//744 745//745
f 715//715 714//714 737//737
f 715//715 737//737 738//738
f 16//16 729//729 752//752
f 708//708 707//707 730//730
f 708//708 730//730 731//731
f 723//723 722//722 745//745
f 723//723 745//745 746//746
f 716//716 715//715 738//738
f 716//716 738//738 739//739
f 709//709 708//708 731//731
f 709//709 731//731 732//732
f 724//724 723//723 746//746
f 724//724 746//746 747//747
f 717//717 716//716 739//739
f 717//717 739//739 740//740
f 710//710 709//709 732//732
f 710//710 732//732 733//733
f 725//725 724//724 747//747
f 725//725 747//747 748//748
f 718//718 717//717 740//740
f 718//718 740//740 741//741
f 711//711 710//710 733//733
f 711//711 733//733 734//734
f 726//726 725//725 748//748
f 726//726 748//748 749//749
f 719//719 718//718 741//741
f 719//719 741//741 742//742
f 712//712 711//711 734//734
f 712//712 734//734 735//735
f 727//727 726//726 749//749
f 727//727 749//749 750//750
f 720//720 719//719 742//742
f 720//720 742//742 743//743
f 739//739 738//738 761//761
f 739//739 761//761 762//762
f 732//732 731//731 754//754
f 732//732 754//754 755//755
f 747//747 746//746 769//769
f 747//747 769//769 770//770
f 740//740 739//739 762//762
f 740//740 762//762 763//763
f 733//733 732//732 755//755
f 733//733 755//755 756//756
f 748//748 747//747 770//770
f 748//748 770//770 771//771
f 741//741 740//740 763//763
f 741//741 763//763 764//764
f 734//734 733//733 756//756
f 734//734 756//756 757//757
f 749//749 748//748 771//771
f 749//749 771//771 772//772
f 742//742 741//741 764//764
f 742//742 764//764 765//765
f 735//735 734//734 757//757
f 735//735 757//757 758//758
f 750//750 749//749 772//772
f 750//750 772//772 773//773
f 743//743 742//742 765//765
f 743//743 765//765 766//766
f 736//736 735//735 758//758
f 736//736 758//758 759//759
f 751//751 750//750 773//773
f 751//751 773//773 774//774
f 744//744 743//743 766//766
f 744//744 766//766 767//767
f 737//737 736//736 759//759
f 737//737 759//759 760//760
f 752//752 751//751 774//774
f 752//752 774//774 775//775
f 730//730 1//1 753//753
f 745//745 744//744 767//767
f 745//745 767//767 768//768
f 738//738 737//737 760//760
f 738//738 760//760 761//761
f 16//16 752//752 775//775
f 731//731 730//730 753//753
f 731//731 753//753 754//754
f 746//746 745//745 768//768
f 746//746 768//768 769//769
f 772//772 771//771 794//794
f 772//772 794//794 795//795
f 765//765 764//764 787//787
f 765//765 787//787 788//788
f 758//758 757//757 780//780
f 758//758 780//780 781//781
f 773//773 772//772 795//795
f 773//773 795//795 796//796
f 766//766 765//765 788//788
f 766//766 788//788 789//789
f 759//759 758//758 781//781
f 759//759 781//781 782//782
f 774//774 773//773 796//796
f 774//774 796//796 797//797
f 767//767 766//766 789//789
f 767//767 789//789 790//790
f 760//760 759//759 782//782
f 760//760 782//782 783//783
f 775//775 774//774 797//797
f 775//775 797//797 798//798
f 753//753 1//1 776//776
f 768//768 767//767 790//790
f 768//768 790//790 791//791
f 761//761 760//760 783//783
f 761//761 783//783 784//784
f 16//16 775//775 798//798
f 754//754 753//753 776//776
f 754//754 776//776 777//777
f 769//769 768//768 791//791
f 769//769 791//791 792//792
f 762//762 761//761 784//784
f 762//762 784//784 785//785
f 755//755 754//754 777//777
f 755//755 777//777 778//778
f 770//770 769//769 792//792
f 770//770 792//792 793//793
f 763//763 762//762 785//785
f 763//763 785//785 786//786
f 756//756 755//755 778//778
f 756//756 778//778 779//779
f 771//771 770//770 793//793
f 771//771 793//793 794//794
f 764//764 763//763 786//786
f 764//764 786//786 787//787
f 757//757 756//756 779//779
f 757//757 779//779 780//780
f 795//795 794//794 817//817
f 795//795 817//817 818//818
f 788//788 787//787 810//810
f 788//788 810//810 811//811
f 781//781 780//780 803//803
f 781//781 803//803 804//804
f 796//796 795//795 818//818
f 796//796 818//818 819//819
f 789//789 788//788 811//811
f 789//789 811//811 812//812
f 782//782 781//781 804//804
f 782//782 804//804 805//805
f 797//797 796//796 819//819
f 797//797 819//819 820//820
f 790//790 789//789 812//812
f 790//790 812//812 813//813
f 783//783 782//782 805//805
f 783//783 805//805 806//806
f 798//798 797//797 820//820
f 798//798 820//820 821//821
f 776//776 1//1 799//799
f 791//791 790//790 813//813
f 791//791 813//813 814//814
f 784//784 783//783 806//806
f 784//784 806//806 807//807
f 16//16 798//798 821//821
f 777//777 776//776 799//799
f 777//777 799//799 800//800
f 792//792 791//791 814//814
f 792//792 814//814 815//815
f 785//785 784//784 807//807
f 785//785 807//807 808//808
f 778//778 777//777 800//800
f 778//778 800//800 801//801
f 793//793 792//792 815//815
f 793//793 815//815 816//816
f 786//786 785//785 808//808
f 786//786 808//808 809//809
f 779//779 778//778 801//801
f 779//779 801//801 802//802
f 794//794 793//793 816//816
f 794//794 816//816 817//817
f 787//787 786//786 809//809
f 787//787 809//809 810//810
f 780//780 779//779 802//802
f 780//780 802//802 803//803
f 806//806 805//805 828//828
f 806//806 828//828 829//829
f 821//821 820//820 843//843
f 821//821 843//843 844//844
f 799//799 1//1 822//822
f 814//814 813//813 836//836
f 814//814 836//836 837//837
f 807//807 806//806 829//829
f 807//807 829//829 830//830
f 16//16 821//821 844//844
f 800//800 799//799 822//822
f 800//800 822//822 823//823
f 815//815 814//814 837//837
f 815//815 837//837 838//838
f 808//808 807//807 830//830
f 808//808 830//830 831//831
f 801//801 800//800 823//823
f 801//801 823//823 824//824
f 816//816 815//815 838//838
f 816//816 838//838 839//839
f 809//809 808//808 831//831
f 809//809 831//831 832//832
f 802//802 801//801 824//824
f 802//802 824//824 825//825
f 817//817 816//816 839//839
f 817//817 839//839 840//840
f 810//810 809//809 832//832
f 810//810 832//832 833//833
f 803//803 802//802 825//825
f 803//803 825//825 826//826
f 818//818 817//817 840//840
f 818//818 840//840 841//841
f 811//811 810//810 833//833
f 811//811 833//833 834//834
f 804//804 803//803 826//826
f 804//804 826//826 827//827
f 819//819 818//818 841//841
f 819//819 841//841 842//842
f 812//812 811//811 834//834
f 812//812 834//834 835//835
f 805//805 804//804 827//827
f 805//805 827//827 828//828
f 820//820 819//819 842//842
f 820//820 842//842 843//843
f 813//813 812//812 835//835
f 813//813 835//835 836//836
f 832//832 831//831 854//854
f 832//832 854//854 855//855
f 825//825 824//824 847//847
f 825//825 847//847 848//848
f 840//840 839//839 862//862
f 840//840 862//862 863//863
f 833//833 832//832 855//855
f 833//833 855//855 856//856
f 826//826 825//825 848//848
f 826//826 848//848 849//849
f 841//841 840//840 863//863
f 841//841 863//863 864//864
f 834//834 833//833 856//856
f 834//834 856//856 857//857
f 827//827 826//826 849//849
f 827//827 849//849 850//850
f 842//842 841//841 864//864
f 842//842 864//864 865//865
f 835//835 834//834 857//857
f 835//835 857//857 858//858
f 828//828 827//827 850//850
f 828//828 850//850 851//851
f 843//843 842//842 865//865
f 843//843 865//865 866//866
f 836//836 835//835 858//858
f 836//836 858//858 859//859
f 829//829 828//828 851//851
f 829//829 851//851 852//852
f 844//844 843//843 866//866
f 844//844 866//866 867//867
f 822//822 1//1 845//845
f 837//837 836//836 859//859
f 837//837 859//859 860//860
f 830//830 829//829 852//852
f 830//830 852//852 853//853
f 16//16 844//844 867//867
f 823//823 822//822 845//845
f 823//823 845//845 846//846
f 838//838 837//837 860//860
f 838//838 860//860 861//861
f 831//831 830//830 853//853
f 831//831 853//853 854//854
f 824//824 823//823 846//846
f 824//824 846//846 847//847
f 839//839 838//838 861//861
f 839//839 861//861 862//862
f 865//865 864//864 887//887
f 865//865 887//887 888//888
f 858//858 857//857 880//880
f 858//858 880//880 881//881
f 851//851 850//850 873//873
f 851//851 873//873 874//874
f 866//866 865//865 888//888
f 866//866 888//888 889//889
f 859//859 858//858 881//881
f 859//859 881//881 882//882
f 852//852 851//851 874//874
f 852//852 874//874 875//875
f 867//867 866//866 889//889
f 867//867 889//889 890//890
f 845//845 1//1 868//868
f 860//860 859//859 882//882
f 860//860 882//882 883//883
f 853//853 852//852 875//875
f 853//853 875//875 876//876
f 16//16 867//867 890//890
f 846//846 845//845 868//868
f 846//846 868//868 869//869
f 861//861 860//860 883//883
f 861//861 883//883 884//884
f 854//854 853//853 876//876
f 854//854 876//876 877//877
f 847//847 846//846 869//869
f 847//847 869//869 870//870
f 862//862 861//861 884//884
f 862//862 884//884 885//885
f 855//855 854//854 877//877
f 855//855 877//877 878//878
f 848//848 847//847 870//870
f 848//848 870//870 871//871
f 863//863 862//862 885//885
f 863//863 885//885 886//886
f 856//856 855//855 878//878
f 856//856 878//878 879//879
f 849//849 848//848 871//871
f 849//849 871//871 872//872
f 864//864 863//863 886//886
f 864//864 886//886 887//887
f 857//857 856//856 879//879
f 857//857 879//879 880//880
f 850//850 849//849 872//872
f 850//850 872//872 873//873
f 876//876 875//875 898//898
f 876//876 898//898 899//899
f 16//16 890//890 913//913
f 869//869 868//868 891//891
f 869//869 891//891 892//892
f 884//884 883//883 906//906
f 884//884 906//906 907//907
f 877//877 876//876 899//899
f 877//877 899//899 900//900
f 870//870 869//869 892//892
f 870//870 892//892 893//893
f 885//885 884//884 907//907
f 885//885 907//907 908//908
f 878//878 877//877 900//900
f 878//878 900//900 901//901
f 871//871 870//870 893//893
f 871//871 893//893 894//894
f 886//886 885//885 908//908
f 886//886 908//908 909//909
f 879//879 878//878 901//901
f 879//879 901//901 902//902
f 872//872 871//871 894//894
f 872//872 894//894 895//895
f 887//887 886//886 909//909
f 887//887 909//909 910//910
f 880//880 879//879 902//902
f 880//880 902//902 903//903
f 873//873 872//872 895//895
f 873//873 895//895 896//896
f 888//888 887//887 910//910
f 888//888 910//910 911//911
f 881//881 880//880 903//903
f 881//881 903//903 904//904
f 874//874 873//873 896//896
f 874//874 896//896 897//897
f 889//889 888//888 911//911
f 889//889 911//911 912//912
f 882//882 881//881 904//904
f 882//882 904//904 905//905
f 875//875 874//874 897//897
f 875//875 897//897 898//898
f 890//890 889//889 912//912
f 890//890 912//912 913//913
f 868//868 1//1 891//891
f 883//883 882//882 905//905
f 883//883 905//905 906//906
f 902//902 901//901 924//924
f 902//902 924//924 925//925
f 895//895 894//894 917//917
f 895//895 917//917 918//918
f 910//910 909//909 932//932
f 910//910 932//932 933//933
f 903//903 902//902 925//925
f 903//903 925//925 926//926
f 896//896 895//895 918//918
f 896//896 918//918 919//919
f 911//911 910//910 933//933
f 911//911 933//933 934//934
f 904//904 903//903 926//926
f 904//904 926//926 927//927
f 897//897 896//896 919//919
f 897//897 919//919 920//920
f 912//912 911//911 934//934
f 912//912 934//934 935//935
f 905//905 904//904 927//927
f 905//905 927//927 928//928
f 898//898 897//897 920//920
f 898//898 920//920 921//921
f 913//913 912//912 935//935
f 913//913 935//935 936//936
f 891//891 1//1 914//914
f 906//906 905//905 928//928
f 906//906 928//928 929//929
f 899//899 898//898 921//921
f 899//899 921//921 922//922
f 16//16 913//913 936//936
f 892//892 891//891 914//914
f 892//892 914//914 915//915
f 907//907 906//906 929//929
f 907//907 929//929 930//930
f 900//900 899//899 922//922
f 900//900 922//922 923//923
f 893//893 892//892 915//915
f 893//893 915//915 916//916
f 908//908 907//907 930//930
f 908//908 930//930 931//931
f 901//901 900//900 923//923
f 901//901 923//923 924//924
f 894//894 893//893 916//916
f 894//894 916//916 917//917
f 909//909 908//908 931//931
f 909//909 931//931 932//932
f 935//935 934//934 957//957
f 935//935 957//957 958//958
f 928//928 927//927 950//950
f 928//928 950//950 951//951
f 921//921 920//920 943//943
f 921//921 943//943 944//944
f 936//936 935//935 958//958
f 936//936 958//958 959//959
f 914//914 1//1 937//937
f 929//929 928//928 951//951
f 929//929 951//951 952//952
f 922//922 921//921 944//944
f 922//922 944//944 945//945
f 16//16 936//936 959//959
f 915//915 914//914 937//937
f 915//915 937//937 938//938
f 930//930 929//929 952//952
f 930//930 952//952 953//953
f 923//923 922//922 945//945
f 923//923 945//945 946//946
f 916//916 915//915 938//938
f 916//916 938//938 939//939
f 931//931 930//930 953//953
f 931//931 953//953 954//954
f 924//924 923//923 946//946
f 924//924 946//946 947//947
f 917//917 916//916 939//939
f 917//917 939//939 940//940
f 932//932 931//931 954//954
f 932//932 954//954 955//955
f 925//925 924//924 947//947
f 925//925 947//947 948//948
f 918//918 917//917 940//940
f 918//918 940//940 941//941
f 933//933 932//932 955//955
f 933//933 955//955 956//956
f 926//926 925//925 948//948
f 926//926 948//948 949//949
f 919//919 918//918 941//941
f 919//919 941//941 942//942
f 934//934 933//933 956//956
f 934//934 956//956 957//957
f 927//927 926//926 949//949
f 927//927 949//949 950//950
f 920//920 919//919 942//942
f 920//920 942//942 943//943
f 946//946 945//945 968//968
f 946//946 968//968 969//969
f 939//939 938//938 961//961
f 939//939 961//961 962//962
f 954//954 953//953 976//976
f 954//954 976//976 977//977
f 947//947 946//946 969//969
f 947//947 969//969 970//970
f 940//940 939//939 962//962
f 940//940 962//962 963//963
f 955//955 954//954 977//977
f 955//955 977//977 978//978
f 948//948 947//947 970//970
f 948//948 970//970 971//971
f 941//941 940//940 963//963
f 941//941 963//963 964//964
f 956//956 955//955 978//978
f 956//956 978//978 979//979
f 949//949 948//948 971//971
f 949//949 971//971 972//972
f 942//942 941//941 964//964
f 942//942 964//964 965//965
f 957//957 956//956 979//979
f 957//957 979//979 980//980
f 950//950 949//949 972//972
f 950//950 972//972 973//973
f 943//943 942//942 965//965
f 943//943 965//965 966//966
f 958//958 957//957 980//980
f 958//958 980//980 981//981
f 951//951 950//950 973//973
f 951//951 973//973 974//974
f 944//944 943//943 966//966
f 944//944 966//966 967//967
f 959//959 958//958 981//981
f 959//959 981//981 982//982
f 937//937 1//1 960//960
f 952//952 951//951 974//974
f 952//952 974//974 975//975
f 945//945 944//944 967//967
f 945//945 967//967 968//968
f 16//16 959//959 982//982
f 938//938 937//937 960//960
f 938//938 960//960 961//961
f 953//953 952//952 975//975
f 953//953 975//975 976//976
f 972//972 971//971 994//994
f 972//972 994//994 995//995
f 965//965 964//964 987//987
f 965//965 987//987 988//988
f 980//980 979//979 1002//1002
f 980//980 1002//1002 1003//1003
f 973//973 972//972 995//995
f 973//973 995//995 996//996
f 966//966 965//965 988//988
f 966//966 988//988 989//989
f 981//981 980//980 1003//1003
f 981//981 1003//1003 1004//1004
f 974//974 973//973 996//996
f 974//974 996//996 997//997
f 967//967 966//966 989//989
f 967//967 989//989 990//990
f 982//982 981//981 1004//1004
f 982//982 1004//1004 1005//1005
f 960//960 1//1 983//983
f 975//975 974//974 997//997
f 975//975 997//997 998//998
f 968//968 967//967 990//990
f 968//968 990//990 991//991
f 16//16 982//982 1005//1005
f 961//961 960//960 983//983
f 961//961 983//983 984//984
f 976//976 975//975 998//998
f 976//976 998//998 999//999
f 969//969 968//968 991//991
f 969//969 991//991 992//992
f 962//962 961//961 984//984
f 962//962 984//984 985//985
f 977//977 976//976 999//999
f 977//977 999//999 1000//1000
f 970//970 969//969 992//992
f 970//970 992//992 993//993
f 963//963 962//962 985//985
f 963//963 985//985 986//986
f 978//978 977//977 1000//1000
f 978//978 1000//1000 1001//1001
f 971//971 970//970 993//993
f 971//971 993//993 994//994
f 964//964 963//963 986//986
f 964//964 986//986 987//987
f 979//979 978//978 1001//1001
f 979//979 1001//1001 1002//1002
f 1005//1005 1004//1004 1027//1027
f 1005//1005 1027//1027 1028//1028
f 983//983 1//1 1006//1006
f 998//998 997//997 1020//1020
f 998//998 1020//1020 1021//1021
f 991//991 990//990 1013//1013
f 991//991 1013//1013 1014//1014
f 16//16 1005//1005 1028//1028
f 984//984 983//983 1006//1006
f 984//984 1006//1006 1007//1007
f 999//999 998//998 1021//1021
f 999//999 1021//1021 1022//1022
f 992//992 991//991 1014//1014
f 992//992 1014//1014 1015//1015
f 985//985 984//984 1007//1007
f 985//985 1007//1007 1008//1008
f 1000//1000 999//999 1022//1022
f 1000//1000 1022//1022 1023//1023
f 993//993 992//992 1015//1015
f 993//993 1015//1015 1016//1016
f 986//986 985//985 1008//1008
f 986//986 1008//1008 1009//1009
f 1001//1001 1000//1000 1023//1023
f 1001//1001 1023//1023 1024//1024
f 994//994 993//993 1016//1016
f 994//994 1016//1016 1017//1017
f 987//987 986//986 1009//1009
f 987//987 1009//1009 1010//1010
f 1002//1002 1001//1001 1024//1024
f 1002//1002 1024//1024 1025//1025
f 995//995 994//994 1017//1017
f 995//995 1017//1017 1018//1018
f 988//988 987//987 1010//1010
f 988//988 1010//1010 1011//1011
f 1003//1003 1002//1002 1025//1025
f 1003//1003 1025//1025 1026//1026
f 996//996 995//995 1018//1018
f 996//996 1018//1018 1019//1019
f 989//989 988//988 1011//1011
f 989//989 1011//1011 1012//1012
f 1004//1004 1003//1003 1026//1026
f 1004//1004 1026//1026 1027//1027
f 997//997 996//996 1019//1019
f 997//997 1019//1019 1020//1020
f 990//990 989//989 1012//1012
f 990//990 1012//1012 1013//1013
f 1016//1016 1015//1015 1038//1038
f 1016//1016 1038//1038 1039//1039
f 1009//1009 1008//1008 1031//1031
f 1009//1009 1031//1031 1032//1032
f 1024//1024 1023//1023 1046//1046
f 1024//1024 1046//1046 1047//1047
f 1017//1017 1016//1016 1039//1039
f 1017//1017 1039//1039 1040//1040
f 1010//1010 1009//1009 1032//1032
f 1010//1010 1032//1032 1033//1033
f 1025//1025 1024//1024 1047//1047
f 1025//1025 1047//1047 1048//1048
f 1018//1018 1017//1017 1040//1040
f 1018//1018 1040//1040 1041//1041
f 1011//1011 1010//1010 1033//1033
f 1011//1011 1033//1033 1034//1034
f 1026//1026 1025//1025 1048//1048
f 1026//1026 1048//1048 1049//1049
f 1019//1019 1018//1018 1041//1041
f 1019//1019 1041//1041 1042//1042
f 1012//1012 1011//1011 1034//1034
f 1012//1012 1034//1034 1035//1035
f 1027//1027 1026//1026 1049//1049
f 1027//1027 1049//1049 1050//1050
f 1020//1020 1019//1019 1042//1042
f 1020//1020 1042//1042 1043//1043
f 1013//1013 1012//1012 1035//1035
f 1013//1013 1035//1035 1036//1036
f 1028//1028 1027//1027 1050//1050
f 1028//1028 1050//1050 1051//1051
f 1006//1006 1//1 1029//1029
f 1021//1021 1020//1020 1043//1043
f 1021//1021 1043//1043 1044//1044
f 1014//1014 1013//1013 1036//1036
f 1014//1014 1036//1036 1037//1037
f 16//16 1028//1028 1051//1051
f 1007//1007 1006//1006 1029//1029
f 1007//1007 1029//1029 1030//1030
f 1022//1022 1021//1021 1044//1044
f 1022//1022 1044//1044 1045//1045
f 1015//1015 1014//1014 1037//1037
f 1015//1015 1037//1037 1038//1038
f 1008//1008 1007//1007 1030//1030
f 1008//1008 1030//1030 1031//1031
f 1023//1023 1022//1022 1045//1045
f 1023//1023 1045//1045 1046//1046
f 1042//1042 1041//1041 1064//1064
f 1042//1042 1064//1064 1065//1065
f 1035//1035 1034//1034 1057//1057
f 1035//1035 1057//1057 1058//1058
f 1050//1050 1049//1049 1072//1072
f 1050//1050 1072//1072 1073//1073
f 1043//1043 1042//1042 1065//1065
f 1043//1043 1065//1065 1066//1066
f 1036//1036 1035//1035 1058//1058
f 1036//1036 1058//1058 1059//1059
f 1051//1051 1050//1050 1073//1073
f 1051//1051 1073//1073 1074//1074
f 1029//1029 1//1 1052//1052
f 1044//1044 1043//1043 1066//1066
f 1044//1044 1066//1066 1067//1067
f 1037//1037 1036//1036 1059//1059
f 1037//1037 1059//1059 1060//1060
f 16//16 1051//1051 1074//1074
f 1030//1030 1029//1029 1052//1052
f 1030//1030 1052//1052 1053//1053
f 1045//1045 1044//1044 1067//1067
f 1045//1045 1067//1067 1068//1068
f 1038//1038 1037//1037 1060//1060
f 1038//1038 1060//1060 1061//1061
f 1031//1031 1030//1030 1053//1053
f 1031//1031 1053//1053 1054//1054
f 1046//1046 1045//1045 1068//1068
f 1046//1046 1068//1068 1069//1069
f 1039//1039 1038//1038 1061//1061
f 1039//1039 1061//1061 1062//1062
f 1032//1032 1031//1031 1054//1054
f 1032//1032 1054//1054 1055//1055
f 1047//1047 1046//1046 1069//1069
f 1047//1047 1069//1069 1070//1070
f 1040//1040 1039//1039 1062//1062
f 1040//1040 1062//1062 1063//1063
f 1033//1033 1032//1032 1055//1055
f 1033//1033 1055//1055 1056//1056
f 1048//1048 1047//1047 1070//1070
f 1048//1048 1070//1070 1071//1071
f 1041//1041 1040//1040 1063//1063
f 1041//1041 1063//1063 1064//1064
f 1034//1034 1033//1033 1056//1056
f 1034//1034 1056//1056 1057//1057
f 1049//1049 1048//1048 1071//1071
f 1049//1049 1071//1071 1072//1072
f 16//16 1074//1074 1097//1097
f 1053//1053 1052//1052 1075//1075
f 1053//1053 1075//1075 1076//1076
f 1068//1068 1067//1067 1090//1090
f 1068//1068 1090//1090 1091//1091
f 1061//1061 1060//1060 1083//1083
f 1061//1061 1083//1083 1084//1084
f 1054//1054 1053//1053 1076//1076
f 1054//1054 1076//1076 1077//1077
f 1069//1069 1068//1068 1091//1091
f 1069//1069 1091//1091 1092//1092
f 1062//1062 1061//1061 1084//1084
f 1062//1062 1084//1084 1085//1085
f 1055//1055 1054//1054 1077//1077
f 1055//1055 1077//1077 1078//1078
f 1070//1070 1069//1069 1092//1092
f 1070//1070 1092//1092 1093//1093
f 1063//1063 1062//1062 1085//1085
f 1063//1063 1085//1085 1086//1086
f 1056//1056 1055//1055 1078//1078
f 1056//1056 1078//1078 1079//1079
f 1071//1071 1070//1070 1093//1093
f 1071//1071 1093//1093 1094//1094
f 1064//1064 1063//1063 1086//1086
f 1064//1064 1086//1086 1087//1087
f 1057//1057 1056//1056 1079//1079
f 1057//1057 1079//1079 1080//1080
f 1072//1072 1071//1071 1094//1094
f 1072//1072 1094//1094 1095//1095
f 1065//1065 1064//1064 1087//1087
f 1065//1065 1087//1087 1088//1088
f 1058//1058 1057//1057 1080//1080
f 1058//1058 1080//1080 1081//1081
f 1073//1073 1072//1072 1095//1095
f 1073//1073 1095//1095 1096//1096
f 1066//1066 1065//1065 1088//1088
f 1066//1066 1088//1088 1089//1089
f 1059//1059 1058//1058 1081//1081
f 1059//1059 1081//1081 1082//1082
f 1074//1074 1073//1073 1096//1096
f 1074//1074 1096//1096 1097//1097
f 1052//1052 1//1 1075//1075
f 1067//1067 1066//1066 1089//1089
f 1067//1067 1089//1089 1090//1090
f 1060//1060 1059//1059 1082//1082
f 1060//1060 1082//1082 1083//1083
f 1086//1086 1085//1085 8//8
f 1086//1086 8//8 1102//1102
f 1079//1079 1078//1078 1099//1099
f 1079//1079 1099//1099 4//4
f 1094//1094 1093//1093 13//13
f 1094//1094 13//13 14//14
f 1087//1087 1086//1086 1102//1102
f 1087//1087 1102//1102 9//9
f 1080//1080 1079//1079 4//4
f 1080//1080 4//4 1100//1100
f 1095//1095 1094//1094 14//14
f 1095//1095 14//14 1105//1105
f 1088//1088 1087//1087 9//9
f 1088//1088 9//9 10//10
f 1081//1081 1080//1080 1100//1100
f 1081//1081 1100//1100 5//5
f 1096//1096 1095//1095 1105//1105
f 1096//1096 1105//1105 1106//1106
f 1089//1089 1088//1088 10//10
f 1089//1089 10//10 1103//1103
f 1082//1082 1081//1081 5//5
f 1082//1082 5//5 1101//1101
f 1097//1097 1096//1096 1106//1106
f 1097//1097 1106//1106 15//15
f 1075//1075 1//1 2//2
f 1090//1090 1089//1089 1103//1103
f 1090//1090 1103//1103 11//11
f 1083//1083 1082//1082 1101//1101
f 1083//1083 1101//1101 6//6
f 16//16 1097//1097 15//15
f 1076//1076 1075//1075 2//2
f 1076//1076 2//2 3//3
f 1091//1091 1090//1090 11//11
f 1091//1091 11//11 1104//1104
f 1084//1084 1083//1083 6//6
f 1084//1084 6//6 7//7
f 1077//1077 1076//1076 3//3
f 1077//1077 3//3 1098//1098
f 1092//1092 1091//1091 1104//1104
f 1092//1092 1104//1104 12//12
f 1085//1085 1084//1084 7//7
f 1085//1085 7//7 8//8
f 1078//1078 1077//1077 1098//1098
f 1078//1078 1098//1098 1099//1099
f 1093//1093 1092//1092 12//12
f 1093//1093 12//12 13//13
